2020-06-25 12:00,01F0005N,31,1.1,327
2020-06-25 12:00,01F0005N,32,1.1,62
2020-06-25 12:00,01F0005N,41,1.1,14
2020-06-25 12:00,01F0005N,42,1.1,4
2020-06-25 12:00,01F0005N,5,0.0,0
2020-06-25 12:00,01F0005S,31,22.9,925
2020-06-25 12:00,01F0005S,32,22.6,251
2020-06-25 12:00,01F0005S,41,16.5,57
2020-06-25 12:00,01F0005S,42,18.2,5
2020-06-25 12:00,01F0005S,5,52.5,1
2020-06-25 12:00,01F0017N,31,0.0,0
2020-06-25 12:00,01F0017N,32,0.0,0
2020-06-25 12:00,01F0017N,41,0.0,0
2020-06-25 12:00,01F0017N,42,0.0,0
2020-06-25 12:00,01F0017N,5,0.0,0
2020-06-25 12:00,01F0017S,31,35.5,253
2020-06-25 12:00,01F0017S,32,22.3,61
2020-06-25 12:00,01F0017S,41,16.1,16
2020-06-25 12:00,01F0017S,42,40.0,2
2020-06-25 12:00,01F0017S,5,25.4,8
2020-06-25 12:00,01F0029N,31,4.2,2
2020-06-25 12:00,01F0029N,32,0.0,0
2020-06-25 12:00,01F0029N,41,0.0,0
2020-06-25 12:00,01F0029N,42,0.0,0
2020-06-25 12:00,01F0029N,5,0.0,0
2020-06-25 12:00,01F0029S,31,27.6,381
2020-06-25 12:00,01F0029S,32,36.4,69
2020-06-25 12:00,01F0029S,41,13.3,4
2020-06-25 12:00,01F0029S,42,44.2,10
2020-06-25 12:00,01F0029S,5,0.0,0
2020-06-25 12:00,01F0061N,31,4.3,185
2020-06-25 12:00,01F0061N,32,4.1,55
2020-06-25 12:00,01F0061N,41,0.0,0
2020-06-25 12:00,01F0061N,42,2.1,8
2020-06-25 12:00,01F0061N,5,1.8,6
2020-06-25 12:00,01F0061S,31,25.5,940
2020-06-25 12:00,01F0061S,32,24.8,274
2020-06-25 12:00,01F0061S,41,11.8,5
2020-06-25 12:00,01F0061S,42,15.6,38
2020-06-25 12:00,01F0061S,5,31.7,56
2020-06-25 12:00,01F0099N,31,7.3,196
2020-06-25 12:00,01F0099N,32,7.4,61
2020-06-25 12:00,01F0099N,41,10.5,1
2020-06-25 12:00,01F0099N,42,4.9,3
2020-06-25 12:00,01F0099N,5,5.5,1
2020-06-25 12:00,01F0099S,31,27.7,223
2020-06-25 12:00,01F0099S,32,30.7,74
2020-06-25 12:00,01F0099S,41,0.0,0
2020-06-25 12:00,01F0099S,42,23.5,11
2020-06-25 12:00,01F0099S,5,23.3,13
2020-06-25 12:00,01F0147N,31,11.2,13
2020-06-25 12:00,01F0147N,32,11.8,1
2020-06-25 12:00,01F0147N,41,0.0,0
2020-06-25 12:00,01F0147N,42,0.0,0
2020-06-25 12:00,01F0147N,5,0.0,0
2020-06-25 12:00,01F0147S,31,13.5,241
2020-06-25 12:00,01F0147S,32,12.8,72
2020-06-25 12:00,01F0147S,41,0.0,0
2020-06-25 12:00,01F0147S,42,36.8,7
2020-06-25 12:00,01F0147S,5,27.7,16
2020-06-25 12:00,01F0155N,31,11.0,945
2020-06-25 12:00,01F0155N,32,10.8,221
2020-06-25 12:00,01F0155N,41,15.7,41
2020-06-25 12:00,01F0155N,42,8.4,19
2020-06-25 12:00,01F0155N,5,15.5,6
2020-06-25 12:00,01F0155S,31,25.7,689
2020-06-25 12:00,01F0155S,32,15.4,184
2020-06-25 12:00,01F0155S,41,0.0,0
2020-06-25 12:00,01F0155S,42,8.8,18
2020-06-25 12:00,01F0155S,5,24.6,10
2020-06-25 12:00,01F0182S,31,31.0,558
2020-06-25 12:00,01F0182S,32,29.2,136
2020-06-25 12:00,01F0182S,41,8.1,10
2020-06-25 12:00,01F0182S,42,20.3,35
2020-06-25 12:00,01F0182S,5,58.6,11
2020-06-25 12:00,01F0213N,31,14.1,391
2020-06-25 12:00,01F0213N,32,14.4,98
2020-06-25 12:00,01F0213N,41,20.1,8
2020-06-25 12:00,01F0213N,42,10.8,10
2020-06-25 12:00,01F0213N,5,0.0,0
2020-06-25 12:00,01F0233N,31,9.9,832
2020-06-25 12:00,01F0233N,32,11.0,243
2020-06-25 12:00,01F0233N,41,18.4,15
2020-06-25 12:00,01F0233N,42,8.8,37
2020-06-25 12:00,01F0233N,5,16.0,7
2020-06-25 12:00,01F0248S,31,34.6,2171
2020-06-25 12:00,01F0248S,32,24.1,519
2020-06-25 12:00,01F0248S,41,23.8,26
2020-06-25 12:00,01F0248S,42,13.8,44
2020-06-25 12:00,01F0248S,5,25.5,14
2020-06-25 12:00,01F0256N,31,10.2,712
2020-06-25 12:00,01F0256N,32,10.7,205
2020-06-25 12:00,01F0256N,41,27.1,2
2020-06-25 12:00,01F0256N,42,7.5,7
2020-06-25 12:00,01F0256N,5,10.3,1
2020-06-25 12:00,01F0264S,31,40.7,769
2020-06-25 12:00,01F0264S,32,33.9,186
2020-06-25 12:00,01F0264S,41,39.6,71
2020-06-25 12:00,01F0264S,42,20.8,13
2020-06-25 12:00,01F0264S,5,15.5,10
2020-06-25 12:00,01F0293N,31,10.1,587
2020-06-25 12:00,01F0293N,32,10.4,174
2020-06-25 12:00,01F0293N,41,8.9,5
2020-06-25 12:00,01F0293N,42,16.5,44
2020-06-25 12:00,01F0293N,5,25.4,94
2020-06-25 12:00,01F0293S,31,64.3,586
2020-06-25 12:00,01F0293S,32,48.8,189
2020-06-25 12:00,01F0293S,41,168.3,45
2020-06-25 12:00,01F0293S,42,19.6,5
2020-06-25 12:00,01F0293S,5,31.6,1
2020-06-25 12:00,01F0339N,31,5.8,14
2020-06-25 12:00,01F0339N,32,4.2,2
2020-06-25 12:00,01F0339N,41,0.0,0
2020-06-25 12:00,01F0339N,42,28.4,2
2020-06-25 12:00,01F0339N,5,0.0,0
2020-06-25 12:00,01F0339S,31,49.1,1944
2020-06-25 12:00,01F0339S,32,42.5,565
2020-06-25 12:00,01F0339S,41,23.8,20
2020-06-25 12:00,01F0339S,42,26.9,62
2020-06-25 12:00,01F0339S,5,22.2,106
2020-06-25 12:00,01F0376N,31,18.2,1449
2020-06-25 12:00,01F0376N,32,16.4,335
2020-06-25 12:00,01F0376N,41,16.0,60
2020-06-25 12:00,01F0376N,42,14.0,25
2020-06-25 12:00,01F0376N,5,12.5,35
2020-06-25 12:00,01F0376S,31,15.8,15
2020-06-25 12:00,01F0376S,32,0.0,0
2020-06-25 12:00,01F0376S,41,0.0,0
2020-06-25 12:00,01F0376S,42,7.2,4
2020-06-25 12:00,01F0376S,5,14.8,1
2020-06-25 12:00,01F0413N,31,18.3,1
2020-06-25 12:00,01F0413N,32,0.0,0
2020-06-25 12:00,01F0413N,41,0.0,0
2020-06-25 12:00,01F0413N,42,0.0,0
2020-06-25 12:00,01F0413N,5,0.0,0
2020-06-25 12:00,01F0413S,31,7.2,1
2020-06-25 12:00,01F0413S,32,0.0,0
2020-06-25 12:00,01F0413S,41,0.0,0
2020-06-25 12:00,01F0413S,42,0.0,0
2020-06-25 12:00,01F0413S,5,0.0,0
2020-06-25 12:00,01F0467N,31,23.2,1112
2020-06-25 12:00,01F0467N,32,21.4,249
2020-06-25 12:00,01F0467N,41,22.3,43
2020-06-25 12:00,01F0467N,42,19.2,28
2020-06-25 12:00,01F0467N,5,24.7,7
2020-06-25 12:00,01F0467S,31,43.7,1392
2020-06-25 12:00,01F0467S,32,39.3,357
2020-06-25 12:00,01F0467S,41,81.0,27
2020-06-25 12:00,01F0467S,42,45.4,60
2020-06-25 12:00,01F0467S,5,40.4,44
2020-06-25 12:00,01F0509N,31,17.0,985
2020-06-25 12:00,01F0509N,32,16.9,235
2020-06-25 12:00,01F0509N,41,3.4,6
2020-06-25 12:00,01F0509N,42,10.4,45
2020-06-25 12:00,01F0509N,5,21.1,15
2020-06-25 12:00,01F0509S,31,45.6,1106
2020-06-25 12:00,01F0509S,32,37.7,256
2020-06-25 12:00,01F0509S,41,20.1,8
2020-06-25 12:00,01F0509S,42,21.9,66
2020-06-25 12:00,01F0509S,5,106.8,10
2020-06-25 12:00,01F0532N,31,20.5,46
2020-06-25 12:00,01F0532N,32,22.5,13
2020-06-25 12:00,01F0532N,41,0.0,0
2020-06-25 12:00,01F0532N,42,6.0,1
2020-06-25 12:00,01F0532N,5,0.0,0
2020-06-25 12:00,01F0532S,31,38.9,616
2020-06-25 12:00,01F0532S,32,32.4,176
2020-06-25 12:00,01F0532S,41,4.8,2
2020-06-25 12:00,01F0532S,42,23.3,40
2020-06-25 12:00,01F0532S,5,21.6,16
2020-06-25 12:00,01F0557N,31,24.7,828
2020-06-25 12:00,01F0557N,32,21.2,196
2020-06-25 12:00,01F0557N,41,26.9,12
2020-06-25 12:00,01F0557N,42,16.5,24
2020-06-25 12:00,01F0557N,5,54.6,6
2020-06-25 12:00,01F0557S,31,30.7,87
2020-06-25 12:00,01F0557S,32,56.1,11
2020-06-25 12:00,01F0557S,41,0.0,0
2020-06-25 12:00,01F0557S,42,0.0,0
2020-06-25 12:00,01F0557S,5,1.9,1
2020-06-25 12:00,01F0578S,31,48.6,552
2020-06-25 12:00,01F0578S,32,52.6,126
2020-06-25 12:00,01F0578S,41,8.0,1
2020-06-25 12:00,01F0578S,42,32.4,23
2020-06-25 12:00,01F0578S,5,82.2,9
2020-06-25 12:00,01F0584N,31,13.9,426
2020-06-25 12:00,01F0584N,32,15.6,105
2020-06-25 12:00,01F0584N,41,9.5,4
2020-06-25 12:00,01F0584N,42,19.9,9
2020-06-25 12:00,01F0584N,5,25.6,1
2020-06-25 12:00,01F0633N,31,19.1,998
2020-06-25 12:00,01F0633N,32,17.3,253
2020-06-25 12:00,01F0633N,41,8.0,3
2020-06-25 12:00,01F0633N,42,18.3,34
2020-06-25 12:00,01F0633N,5,23.6,19
2020-06-25 12:00,01F0633S,31,50.3,523
2020-06-25 12:00,01F0633S,32,39.5,142
2020-06-25 12:00,01F0633S,41,202.8,2
2020-06-25 12:00,01F0633S,42,19.3,12
2020-06-25 12:00,01F0633S,5,62.0,2
2020-06-25 12:00,01F0664N,31,16.3,226
2020-06-25 12:00,01F0664N,32,19.6,57
2020-06-25 12:00,01F0664N,41,25.8,1
2020-06-25 12:00,01F0664N,42,14.2,24
2020-06-25 12:00,01F0664N,5,10.5,13
2020-06-25 12:00,01F0664S,31,0.0,0
2020-06-25 12:00,01F0664S,32,0.0,0
2020-06-25 12:00,01F0664S,41,0.0,0
2020-06-25 12:00,01F0664S,42,0.0,0
2020-06-25 12:00,01F0664S,5,0.0,0
2020-06-25 12:00,01F0681N,31,16.2,816
2020-06-25 12:00,01F0681N,32,15.5,207
2020-06-25 12:00,01F0681N,41,0.0,0
2020-06-25 12:00,01F0681N,42,10.7,25
2020-06-25 12:00,01F0681N,5,24.4,14
2020-06-25 12:00,01F0681S,31,45.6,156
2020-06-25 12:00,01F0681S,32,56.9,48
2020-06-25 12:00,01F0681S,41,0.0,0
2020-06-25 12:00,01F0681S,42,32.4,6
2020-06-25 12:00,01F0681S,5,80.1,9
2020-06-25 12:00,01F0699N,31,39.6,7
2020-06-25 12:00,01F0699N,32,20.7,2
2020-06-25 12:00,01F0699N,41,0.0,0
2020-06-25 12:00,01F0699N,42,0.0,0
2020-06-25 12:00,01F0699N,5,0.0,0
2020-06-25 12:00,01F0699S,31,66.2,230
2020-06-25 12:00,01F0699S,32,85.9,54
2020-06-25 12:00,01F0699S,41,0.0,0
2020-06-25 12:00,01F0699S,42,55.0,9
2020-06-25 12:00,01F0699S,5,140.5,4
2020-06-25 12:00,01F0750N,31,38.0,306
2020-06-25 12:00,01F0750N,32,35.1,78
2020-06-25 12:00,01F0750N,41,79.7,1
2020-06-25 12:00,01F0750N,42,25.2,3
2020-06-25 12:00,01F0750N,5,28.8,4
2020-06-25 12:00,01F0750S,31,18.6,2
2020-06-25 12:00,01F0750S,32,0.0,0
2020-06-25 12:00,01F0750S,41,0.0,0
2020-06-25 12:00,01F0750S,42,0.0,0
2020-06-25 12:00,01F0750S,5,0.0,0
2020-06-25 12:00,01F0880N,31,43.7,619
2020-06-25 12:00,01F0880N,32,39.4,112
2020-06-25 12:00,01F0880N,41,0.0,0
2020-06-25 12:00,01F0880N,42,28.4,3
2020-06-25 12:00,01F0880N,5,64.0,2
2020-06-25 12:00,01F0880S,31,66.2,418
2020-06-25 12:00,01F0880S,32,60.8,102
2020-06-25 12:00,01F0880S,41,0.0,0
2020-06-25 12:00,01F0880S,42,52.6,23
2020-06-25 12:00,01F0880S,5,87.5,8
2020-06-25 12:00,01F0928N,31,39.0,1052
2020-06-25 12:00,01F0928N,32,33.9,211
2020-06-25 12:00,01F0928N,41,68.6,24
2020-06-25 12:00,01F0928N,42,36.8,18
2020-06-25 12:00,01F0928N,5,32.7,9
2020-06-25 12:00,01F0928S,31,72.6,803
2020-06-25 12:00,01F0928S,32,54.0,136
2020-06-25 12:00,01F0928S,41,0.0,0
2020-06-25 12:00,01F0928S,42,66.9,13
2020-06-25 12:00,01F0928S,5,50.0,7
2020-06-25 12:00,01F0950S,31,65.9,10
2020-06-25 12:00,01F0950S,32,83.2,1
2020-06-25 12:00,01F0950S,41,98.4,1
2020-06-25 12:00,01F0950S,42,74.5,1
2020-06-25 12:00,01F0950S,5,0.0,0
2020-06-25 12:00,01F0956N,31,25.4,2
2020-06-25 12:00,01F0956N,32,0.0,0
2020-06-25 12:00,01F0956N,41,0.0,0
2020-06-25 12:00,01F0956N,42,0.0,0
2020-06-25 12:00,01F0956N,5,0.0,0
2020-06-25 12:00,01F0979N,31,0.0,0
2020-06-25 12:00,01F0979N,32,0.0,0
2020-06-25 12:00,01F0979N,41,0.0,0
2020-06-25 12:00,01F0979N,42,0.0,0
2020-06-25 12:00,01F0979N,5,0.0,0
2020-06-25 12:00,01F0980S,31,87.2,1292
2020-06-25 12:00,01F0980S,32,69.9,242
2020-06-25 12:00,01F0980S,41,137.6,17
2020-06-25 12:00,01F0980S,42,62.2,19
2020-06-25 12:00,01F0980S,5,70.8,15
2020-06-25 12:00,01F1045N,31,37.9,486
2020-06-25 12:00,01F1045N,32,34.7,113
2020-06-25 12:00,01F1045N,41,77.8,5
2020-06-25 12:00,01F1045N,42,32.6,6
2020-06-25 12:00,01F1045N,5,59.2,5
2020-06-25 12:00,01F1045S,31,58.4,4
2020-06-25 12:00,01F1045S,32,0.0,0
2020-06-25 12:00,01F1045S,41,74.8,1
2020-06-25 12:00,01F1045S,42,0.0,0
2020-06-25 12:00,01F1045S,5,0.0,0
2020-06-25 12:00,01F1123N,31,50.7,240
2020-06-25 12:00,01F1123N,32,52.1,45
2020-06-25 12:00,01F1123N,41,101.1,1
2020-06-25 12:00,01F1123N,42,37.2,3
2020-06-25 12:00,01F1123N,5,73.7,1
2020-06-25 12:00,01F1123S,31,73.7,456
2020-06-25 12:00,01F1123S,32,65.8,98
2020-06-25 12:00,01F1123S,41,226.1,2
2020-06-25 12:00,01F1123S,42,30.2,5
2020-06-25 12:00,01F1123S,5,166.0,3
2020-06-25 12:00,01F1292N,31,58.4,144
2020-06-25 12:00,01F1292N,32,57.8,28
2020-06-25 12:00,01F1292N,41,99.5,2
2020-06-25 12:00,01F1292N,42,14.5,2
2020-06-25 12:00,01F1292N,5,0.0,0
2020-06-25 12:00,01F1292S,31,73.7,59
2020-06-25 12:00,01F1292S,32,68.3,14
2020-06-25 12:00,01F1292S,41,0.0,0
2020-06-25 12:00,01F1292S,42,29.2,2
2020-06-25 12:00,01F1292S,5,0.0,0
2020-06-25 12:00,01F1389N,31,50.9,74
2020-06-25 12:00,01F1389N,32,53.5,15
2020-06-25 12:00,01F1389N,41,0.0,0
2020-06-25 12:00,01F1389N,42,0.0,0
2020-06-25 12:00,01F1389N,5,0.0,0
2020-06-25 12:00,01F1389S,31,51.2,294
2020-06-25 12:00,01F1389S,32,43.9,70
2020-06-25 12:00,01F1389S,41,0.0,0
2020-06-25 12:00,01F1389S,42,44.6,4
2020-06-25 12:00,01F1389S,5,41.4,1
2020-06-25 12:00,01F1465N,31,56.2,129
2020-06-25 12:00,01F1465N,32,44.5,43
2020-06-25 12:00,01F1465N,41,111.4,2
2020-06-25 12:00,01F1465N,42,28.9,3
2020-06-25 12:00,01F1465N,5,0.0,0
2020-06-25 12:00,01F1465S,31,43.1,148
2020-06-25 12:00,01F1465S,32,35.2,34
2020-06-25 12:00,01F1465S,41,153.4,1
2020-06-25 12:00,01F1465S,42,10.1,2
2020-06-25 12:00,01F1465S,5,37.4,2
2020-06-25 12:00,01F1572N,31,62.8,60
2020-06-25 12:00,01F1572N,32,58.6,15
2020-06-25 12:00,01F1572N,41,0.0,0
2020-06-25 12:00,01F1572N,42,95.6,1
2020-06-25 12:00,01F1572N,5,0.0,0
2020-06-25 12:00,01F1572S,31,41.4,147
2020-06-25 12:00,01F1572S,32,26.2,36
2020-06-25 12:00,01F1572S,41,169.4,1
2020-06-25 12:00,01F1572S,42,31.3,3
2020-06-25 12:00,01F1572S,5,31.8,1
2020-06-25 12:00,01F1621N,31,57.8,139
2020-06-25 12:00,01F1621N,32,56.4,31
2020-06-25 12:00,01F1621N,41,0.0,0
2020-06-25 12:00,01F1621N,42,11.7,3
2020-06-25 12:00,01F1621N,5,4.9,1
2020-06-25 12:00,01F1621S,31,23.6,274
2020-06-25 12:00,01F1621S,32,26.3,77
2020-06-25 12:00,01F1621S,41,16.5,3
2020-06-25 12:00,01F1621S,42,35.0,10
2020-06-25 12:00,01F1621S,5,156.6,3
2020-06-25 12:00,01F1664N,31,51.1,558
2020-06-25 12:00,01F1664N,32,45.8,168
2020-06-25 12:00,01F1664N,41,126.6,1
2020-06-25 12:00,01F1664N,42,21.4,10
2020-06-25 12:00,01F1664N,5,9.7,2
2020-06-25 12:00,01F1664S,31,17.7,582
2020-06-25 12:00,01F1664S,32,19.6,164
2020-06-25 12:00,01F1664S,41,12.3,8
2020-06-25 12:00,01F1664S,42,19.6,21
2020-06-25 12:00,01F1664S,5,23.0,11
2020-06-25 12:00,01F1725N,31,74.5,1090
2020-06-25 12:00,01F1725N,32,69.3,244
2020-06-25 12:00,01F1725N,41,99.0,18
2020-06-25 12:00,01F1725N,42,42.1,14
2020-06-25 12:00,01F1725N,5,91.8,7
2020-06-25 12:00,01F1725S,31,30.6,446
2020-06-25 12:00,01F1725S,32,39.7,89
2020-06-25 12:00,01F1725S,41,10.5,4
2020-06-25 12:00,01F1725S,42,21.6,12
2020-06-25 12:00,01F1725S,5,0.0,0
2020-06-25 12:00,01F1774N,31,62.3,991
2020-06-25 12:00,01F1774N,32,62.7,174
2020-06-25 12:00,01F1774N,41,97.5,40
2020-06-25 12:00,01F1774N,42,61.8,12
2020-06-25 12:00,01F1774N,5,18.0,1
2020-06-25 12:00,01F1774S,31,54.2,299
2020-06-25 12:00,01F1774S,32,48.9,73
2020-06-25 12:00,01F1774S,41,193.2,1
2020-06-25 12:00,01F1774S,42,81.8,6
2020-06-25 12:00,01F1774S,5,110.2,5
2020-06-25 12:00,01F1802N,31,62.1,497
2020-06-25 12:00,01F1802N,32,58.9,129
2020-06-25 12:00,01F1802N,41,0.0,0
2020-06-25 12:00,01F1802N,42,46.4,12
2020-06-25 12:00,01F1802N,5,61.7,4
2020-06-25 12:00,01F1802S,31,66.3,667
2020-06-25 12:00,01F1802S,32,65.4,114
2020-06-25 12:00,01F1802S,41,114.4,17
2020-06-25 12:00,01F1802S,42,42.0,13
2020-06-25 12:00,01F1802S,5,51.3,2
2020-06-25 12:00,01F1839N,31,36.7,310
2020-06-25 12:00,01F1839N,32,32.9,98
2020-06-25 12:00,01F1839N,41,164.3,4
2020-06-25 12:00,01F1839N,42,31.1,21
2020-06-25 12:00,01F1839N,5,13.7,31
2020-06-25 12:00,01F1839S,31,61.9,494
2020-06-25 12:00,01F1839S,32,57.7,100
2020-06-25 12:00,01F1839S,41,82.9,1
2020-06-25 12:00,01F1839S,42,29.8,14
2020-06-25 12:00,01F1839S,5,9.2,7
2020-06-25 12:00,01F1906N,31,8.8,2
2020-06-25 12:00,01F1906N,32,0.0,0
2020-06-25 12:00,01F1906N,41,0.0,0
2020-06-25 12:00,01F1906N,42,0.0,0
2020-06-25 12:00,01F1906N,5,0.0,0
2020-06-25 12:00,01F1906S,31,54.7,241
2020-06-25 12:00,01F1906S,32,31.8,65
2020-06-25 12:00,01F1906S,41,164.8,6
2020-06-25 12:00,01F1906S,42,39.6,17
2020-06-25 12:00,01F1906S,5,30.6,4
2020-06-25 12:00,01F1960N,31,35.1,804
2020-06-25 12:00,01F1960N,32,36.9,183
2020-06-25 12:00,01F1960N,41,19.8,3
2020-06-25 12:00,01F1960N,42,31.1,18
2020-06-25 12:00,01F1960N,5,77.8,2
2020-06-25 12:00,01F1960S,31,5.6,1
2020-06-25 12:00,01F1960S,32,0.0,0
2020-06-25 12:00,01F1960S,41,0.0,0
2020-06-25 12:00,01F1960S,42,0.0,0
2020-06-25 12:00,01F1960S,5,5.6,1
2020-06-25 12:00,01F2011N,31,32.9,751
2020-06-25 12:00,01F2011N,32,34.6,194
2020-06-25 12:00,01F2011N,41,100.5,2
2020-06-25 12:00,01F2011N,42,54.3,22
2020-06-25 12:00,01F2011N,5,52.6,4
2020-06-25 12:00,01F2011S,31,79.0,570
2020-06-25 12:00,01F2011S,32,73.4,154
2020-06-25 12:00,01F2011S,41,0.0,0
2020-06-25 12:00,01F2011S,42,52.2,9
2020-06-25 12:00,01F2011S,5,84.7,3
2020-06-25 12:00,01F2089N,31,37.0,465
2020-06-25 12:00,01F2089N,32,29.5,107
2020-06-25 12:00,01F2089N,41,99.3,4
2020-06-25 12:00,01F2089N,42,32.9,12
2020-06-25 12:00,01F2089N,5,45.4,4
2020-06-25 12:00,01F2089S,31,84.1,5
2020-06-25 12:00,01F2089S,32,107.8,1
2020-06-25 12:00,01F2089S,41,111.9,1
2020-06-25 12:00,01F2089S,42,0.0,0
2020-06-25 12:00,01F2089S,5,161.9,1
2020-06-25 12:00,01F2156N,31,43.9,359
2020-06-25 12:00,01F2156N,32,44.1,110
2020-06-25 12:00,01F2156N,41,0.0,0
2020-06-25 12:00,01F2156N,42,19.0,9
2020-06-25 12:00,01F2156N,5,28.9,3
2020-06-25 12:00,01F2156S,31,80.4,265
2020-06-25 12:00,01F2156S,32,73.1,56
2020-06-25 12:00,01F2156S,41,0.0,0
2020-06-25 12:00,01F2156S,42,55.9,7
2020-06-25 12:00,01F2156S,5,50.1,5
2020-06-25 12:00,01F2249N,31,82.2,173
2020-06-25 12:00,01F2249N,32,59.7,64
2020-06-25 12:00,01F2249N,41,194.5,1
2020-06-25 12:00,01F2249N,42,59.5,6
2020-06-25 12:00,01F2249N,5,59.9,6
2020-06-25 12:00,01F2249S,31,66.5,240
2020-06-25 12:00,01F2249S,32,78.4,67
2020-06-25 12:00,01F2249S,41,0.0,0
2020-06-25 12:00,01F2249S,42,69.1,14
2020-06-25 12:00,01F2249S,5,90.7,7
2020-06-25 12:00,01F2322N,31,62.1,96
2020-06-25 12:00,01F2322N,32,51.8,33
2020-06-25 12:00,01F2322N,41,0.0,0
2020-06-25 12:00,01F2322N,42,55.8,5
2020-06-25 12:00,01F2322N,5,51.2,3
2020-06-25 12:00,01F2322S,31,54.1,358
2020-06-25 12:00,01F2322S,32,54.8,94
2020-06-25 12:00,01F2322S,41,20.5,3
2020-06-25 12:00,01F2322S,42,37.0,10
2020-06-25 12:00,01F2322S,5,107.3,6
2020-06-25 12:00,01F2394N,31,63.6,190
2020-06-25 12:00,01F2394N,32,66.4,57
2020-06-25 12:00,01F2394N,41,45.4,5
2020-06-25 12:00,01F2394N,42,40.1,8
2020-06-25 12:00,01F2394N,5,106.8,3
2020-06-25 12:00,01F2394S,31,26.1,116
2020-06-25 12:00,01F2394S,32,28.1,37
2020-06-25 12:00,01F2394S,41,0.0,0
2020-06-25 12:00,01F2394S,42,5.9,5
2020-06-25 12:00,01F2394S,5,7.8,3
2020-06-25 12:00,01F2425N,31,65.0,433
2020-06-25 12:00,01F2425N,32,62.9,129
2020-06-25 12:00,01F2425N,41,0.0,0
2020-06-25 12:00,01F2425N,42,56.8,20
2020-06-25 12:00,01F2425N,5,40.2,13
2020-06-25 12:00,01F2425S,31,39.0,190
2020-06-25 12:00,01F2425S,32,35.0,45
2020-06-25 12:00,01F2425S,41,0.0,0
2020-06-25 12:00,01F2425S,42,40.0,10
2020-06-25 12:00,01F2425S,5,59.5,9
2020-06-25 12:00,01F2483N,31,63.8,126
2020-06-25 12:00,01F2483N,32,78.5,29
2020-06-25 12:00,01F2483N,41,0.0,0
2020-06-25 12:00,01F2483N,42,26.6,5
2020-06-25 12:00,01F2483N,5,145.3,2
2020-06-25 12:00,01F2483S,31,43.3,422
2020-06-25 12:00,01F2483S,32,48.9,115
2020-06-25 12:00,01F2483S,41,0.0,0
2020-06-25 12:00,01F2483S,42,51.2,12
2020-06-25 12:00,01F2483S,5,48.0,17
2020-06-25 12:00,01F2514N,31,61.3,231
2020-06-25 12:00,01F2514N,32,63.1,59
2020-06-25 12:00,01F2514N,41,0.0,0
2020-06-25 12:00,01F2514N,42,68.0,10
2020-06-25 12:00,01F2514N,5,63.2,6
2020-06-25 12:00,01F2514S,31,36.4,109
2020-06-25 12:00,01F2514S,32,28.1,34
2020-06-25 12:00,01F2514S,41,0.0,0
2020-06-25 12:00,01F2514S,42,34.1,4
2020-06-25 12:00,01F2514S,5,124.1,1
2020-06-25 12:00,01F2603N,31,64.6,389
2020-06-25 12:00,01F2603N,32,56.7,89
2020-06-25 12:00,01F2603N,41,170.7,5
2020-06-25 12:00,01F2603N,42,73.2,9
2020-06-25 12:00,01F2603N,5,80.4,8
2020-06-25 12:00,01F2603S,31,38.2,222
2020-06-25 12:00,01F2603S,32,32.7,53
2020-06-25 12:00,01F2603S,41,0.0,0
2020-06-25 12:00,01F2603S,42,44.2,6
2020-06-25 12:00,01F2603S,5,13.2,7
2020-06-25 12:00,01F2674N,31,53.9,118
2020-06-25 12:00,01F2674N,32,44.0,33
2020-06-25 12:00,01F2674N,41,0.0,0
2020-06-25 12:00,01F2674N,42,44.0,7
2020-06-25 12:00,01F2674N,5,13.2,5
2020-06-25 12:00,01F2674S,31,46.6,317
2020-06-25 12:00,01F2674S,32,44.4,77
2020-06-25 12:00,01F2674S,41,91.9,1
2020-06-25 12:00,01F2674S,42,37.0,5
2020-06-25 12:00,01F2674S,5,49.8,19
2020-06-25 12:00,01F2714N,31,58.5,310
2020-06-25 12:00,01F2714N,32,53.6,96
2020-06-25 12:00,01F2714N,41,0.0,0
2020-06-25 12:00,01F2714N,42,123.8,18
2020-06-25 12:00,01F2714N,5,16.6,13
2020-06-25 12:00,01F2714S,31,42.9,75
2020-06-25 12:00,01F2714S,32,35.7,29
2020-06-25 12:00,01F2714S,41,130.8,1
2020-06-25 12:00,01F2714S,42,26.2,5
2020-06-25 12:00,01F2714S,5,15.2,3
2020-06-25 12:00,01F2827N,31,59.4,37
2020-06-25 12:00,01F2827N,32,30.3,8
2020-06-25 12:00,01F2827N,41,0.0,0
2020-06-25 12:00,01F2827N,42,0.0,0
2020-06-25 12:00,01F2827N,5,116.3,1
2020-06-25 12:00,01F2827S,31,45.1,359
2020-06-25 12:00,01F2827S,32,48.2,92
2020-06-25 12:00,01F2827S,41,26.7,1
2020-06-25 12:00,01F2827S,42,48.9,5
2020-06-25 12:00,01F2827S,5,15.5,2
2020-06-25 12:00,01F2866N,31,58.9,191
2020-06-25 12:00,01F2866N,32,76.2,45
2020-06-25 12:00,01F2866N,41,15.5,1
2020-06-25 12:00,01F2866N,42,99.5,8
2020-06-25 12:00,01F2866N,5,117.4,3
2020-06-25 12:00,01F2866S,31,39.8,23
2020-06-25 12:00,01F2866S,32,42.6,3
2020-06-25 12:00,01F2866S,41,0.0,0
2020-06-25 12:00,01F2866S,42,0.0,0
2020-06-25 12:00,01F2866S,5,0.0,0
2020-06-25 12:00,01F2930N,31,72.6,269
2020-06-25 12:00,01F2930N,32,77.8,61
2020-06-25 12:00,01F2930N,41,131.5,1
2020-06-25 12:00,01F2930N,42,88.8,7
2020-06-25 12:00,01F2930N,5,62.7,13
2020-06-25 12:00,01F2930S,31,39.9,449
2020-06-25 12:00,01F2930S,32,37.2,114
2020-06-25 12:00,01F2930S,41,39.5,2
2020-06-25 12:00,01F2930S,42,35.9,5
2020-06-25 12:00,01F2930S,5,52.1,5
2020-06-25 12:00,01F3019N,31,61.8,307
2020-06-25 12:00,01F3019N,32,57.0,96
2020-06-25 12:00,01F3019N,41,15.3,1
2020-06-25 12:00,01F3019N,42,71.5,8
2020-06-25 12:00,01F3019N,5,28.8,5
2020-06-25 12:00,01F3019S,31,34.0,495
2020-06-25 12:00,01F3019S,32,36.7,131
2020-06-25 12:00,01F3019S,41,0.0,0
2020-06-25 12:00,01F3019S,42,36.5,21
2020-06-25 12:00,01F3019S,5,60.5,73
2020-06-25 12:00,01F3083N,31,75.9,209
2020-06-25 12:00,01F3083N,32,52.1,49
2020-06-25 12:00,01F3083N,41,0.0,0
2020-06-25 12:00,01F3083N,42,81.4,20
2020-06-25 12:00,01F3083N,5,120.2,27
2020-06-25 12:00,01F3083S,31,32.1,379
2020-06-25 12:00,01F3083S,32,30.0,97
2020-06-25 12:00,01F3083S,41,15.9,1
2020-06-25 12:00,01F3083S,42,32.4,9
2020-06-25 12:00,01F3083S,5,39.4,5
2020-06-25 12:00,01F3126N,31,82.5,313
2020-06-25 12:00,01F3126N,32,72.1,91
2020-06-25 12:00,01F3126N,41,0.0,0
2020-06-25 12:00,01F3126N,42,77.3,20
2020-06-25 12:00,01F3126N,5,140.3,6
2020-06-25 12:00,01F3126S,31,24.9,217
2020-06-25 12:00,01F3126S,32,23.7,66
2020-06-25 12:00,01F3126S,41,0.0,0
2020-06-25 12:00,01F3126S,42,6.5,2
2020-06-25 12:00,01F3126S,5,42.5,6
2020-06-25 12:00,01F3185N,31,76.7,681
2020-06-25 12:00,01F3185N,32,74.8,169
2020-06-25 12:00,01F3185N,41,231.4,16
2020-06-25 12:00,01F3185N,42,18.3,10
2020-06-25 12:00,01F3185N,5,68.1,7
2020-06-25 12:00,01F3185S,31,23.2,645
2020-06-25 12:00,01F3185S,32,24.9,193
2020-06-25 12:00,01F3185S,41,11.9,1
2020-06-25 12:00,01F3185S,42,20.1,23
2020-06-25 12:00,01F3185S,5,29.2,7
2020-06-25 12:00,01F3227N,31,70.9,526
2020-06-25 12:00,01F3227N,32,49.3,102
2020-06-25 12:00,01F3227N,41,23.5,3
2020-06-25 12:00,01F3227N,42,21.7,11
2020-06-25 12:00,01F3227N,5,6.9,2
2020-06-25 12:00,01F3227S,31,25.6,558
2020-06-25 12:00,01F3227S,32,26.7,143
2020-06-25 12:00,01F3227S,41,11.1,1
2020-06-25 12:00,01F3227S,42,19.7,12
2020-06-25 12:00,01F3227S,5,29.5,10
2020-06-25 12:00,01F3252N,31,65.5,337
2020-06-25 12:00,01F3252N,32,58.7,84
2020-06-25 12:00,01F3252N,41,0.0,0
2020-06-25 12:00,01F3252N,42,46.2,8
2020-06-25 12:00,01F3252N,5,44.4,1
2020-06-25 12:00,01F3252S,31,0.0,0
2020-06-25 12:00,01F3252S,32,0.0,0
2020-06-25 12:00,01F3252S,41,0.0,0
2020-06-25 12:00,01F3252S,42,0.0,0
2020-06-25 12:00,01F3252S,5,0.0,0
2020-06-25 12:00,01F3286N,31,24.1,579
2020-06-25 12:00,01F3286N,32,25.7,154
2020-06-25 12:00,01F3286N,41,11.1,1
2020-06-25 12:00,01F3286N,42,32.6,23
2020-06-25 12:00,01F3286N,5,24.4,12
2020-06-25 12:00,01F3286S,31,22.8,903
2020-06-25 12:00,01F3286S,32,23.9,221
2020-06-25 12:00,01F3286S,41,0.0,0
2020-06-25 12:00,01F3286S,42,20.9,19
2020-06-25 12:00,01F3286S,5,21.3,6
2020-06-25 12:00,01F3366N,31,32.9,251
2020-06-25 12:00,01F3366N,32,37.8,90
2020-06-25 12:00,01F3366N,41,0.0,0
2020-06-25 12:00,01F3366N,42,16.0,15
2020-06-25 12:00,01F3366N,5,73.2,6
2020-06-25 12:00,01F3366S,31,30.1,692
2020-06-25 12:00,01F3366S,32,28.4,202
2020-06-25 12:00,01F3366S,41,0.0,0
2020-06-25 12:00,01F3366S,42,20.2,29
2020-06-25 12:00,01F3366S,5,37.8,21
2020-06-25 12:00,01F3398N,31,54.0,151
2020-06-25 12:00,01F3398N,32,34.7,47
2020-06-25 12:00,01F3398N,41,0.0,0
2020-06-25 12:00,01F3398N,42,39.0,18
2020-06-25 12:00,01F3398N,5,44.8,12
2020-06-25 12:00,01F3398S,31,24.8,246
2020-06-25 12:00,01F3398S,32,21.9,83
2020-06-25 12:00,01F3398S,41,0.0,0
2020-06-25 12:00,01F3398S,42,15.5,29
2020-06-25 12:00,01F3398S,5,18.7,13
2020-06-25 12:00,01F3460N,31,52.6,215
2020-06-25 12:00,01F3460N,32,46.2,76
2020-06-25 12:00,01F3460N,41,0.0,0
2020-06-25 12:00,01F3460N,42,42.0,17
2020-06-25 12:00,01F3460N,5,28.7,5
2020-06-25 12:00,01F3460S,31,21.0,154
2020-06-25 12:00,01F3460S,32,19.4,53
2020-06-25 12:00,01F3460S,41,0.0,0
2020-06-25 12:00,01F3460S,42,18.8,11
2020-06-25 12:00,01F3460S,5,29.0,55
2020-06-25 12:00,01F3525N,31,57.5,593
2020-06-25 12:00,01F3525N,32,55.7,196
2020-06-25 12:00,01F3525N,41,231.0,19
2020-06-25 12:00,01F3525N,42,48.7,34
2020-06-25 12:00,01F3525N,5,64.6,17
2020-06-25 12:00,01F3525S,31,16.0,584
2020-06-25 12:00,01F3525S,32,15.5,199
2020-06-25 12:00,01F3525S,41,0.0,0
2020-06-25 12:00,01F3525S,42,19.6,38
2020-06-25 12:00,01F3525S,5,13.2,8
2020-06-25 12:00,01F3559N,31,0.0,0
2020-06-25 12:00,01F3559N,32,0.0,0
2020-06-25 12:00,01F3559N,41,0.0,0
2020-06-25 12:00,01F3559N,42,0.0,0
2020-06-25 12:00,01F3559N,5,0.0,0
2020-06-25 12:00,01F3561S,31,6.8,1
2020-06-25 12:00,01F3561S,32,13.0,1
2020-06-25 12:00,01F3561S,41,0.0,0
2020-06-25 12:00,01F3561S,42,0.0,0
2020-06-25 12:00,01F3561S,5,0.0,0
2020-06-25 12:00,01F3590N,31,61.1,774
2020-06-25 12:00,01F3590N,32,49.6,208
2020-06-25 12:00,01F3590N,41,0.0,0
2020-06-25 12:00,01F3590N,42,37.1,15
2020-06-25 12:00,01F3590N,5,18.1,8
2020-06-25 12:00,01F3590S,31,11.3,891
2020-06-25 12:00,01F3590S,32,12.5,296
2020-06-25 12:00,01F3590S,41,11.4,11
2020-06-25 12:00,01F3590S,42,10.8,64
2020-06-25 12:00,01F3590S,5,15.0,40
2020-06-25 12:00,01F3640N,31,45.2,2234
2020-06-25 12:00,01F3640N,32,41.2,572
2020-06-25 12:00,01F3640N,41,58.2,26
2020-06-25 12:00,01F3640N,42,35.7,49
2020-06-25 12:00,01F3640N,5,10.7,10
2020-06-25 12:00,01F3640S,31,6.3,1797
2020-06-25 12:00,01F3640S,32,6.5,527
2020-06-25 12:00,01F3640S,41,6.3,7
2020-06-25 12:00,01F3640S,42,7.0,44
2020-06-25 12:00,01F3640S,5,6.7,34
2020-06-25 12:00,01F3676N,31,8.0,1
2020-06-25 12:00,01F3676N,32,0.0,0
2020-06-25 12:00,01F3676N,41,0.0,0
2020-06-25 12:00,01F3676N,42,0.0,0
2020-06-25 12:00,01F3676N,5,0.0,0
2020-06-25 12:00,01F3676S,31,2.2,1
2020-06-25 12:00,01F3676S,32,0.0,0
2020-06-25 12:00,01F3676S,41,0.0,0
2020-06-25 12:00,01F3676S,42,2.2,1
2020-06-25 12:00,01F3676S,5,0.0,0
2020-06-25 12:00,01F3686S,31,2.4,1077
2020-06-25 12:00,01F3686S,32,2.4,323
2020-06-25 12:00,01F3686S,41,2.2,5
2020-06-25 12:00,01F3686S,42,2.2,23
2020-06-25 12:00,01F3686S,5,2.2,10
2020-06-25 12:00,01F3696N,31,23.7,2961
2020-06-25 12:00,01F3696N,32,23.9,888
2020-06-25 12:00,01F3696N,41,5.2,9
2020-06-25 12:00,01F3696N,42,25.1,105
2020-06-25 12:00,01F3696N,5,53.5,116
2020-06-25 12:00,01F3736N,31,19.0,217
2020-06-25 12:00,01F3736N,32,16.5,74
2020-06-25 12:00,01F3736N,41,0.0,0
2020-06-25 12:00,01F3736N,42,22.6,3
2020-06-25 12:00,01F3736N,5,37.6,75
2020-06-25 12:00,01F3736S,31,2.6,30
2020-06-25 12:00,01F3736S,32,2.6,10
2020-06-25 12:00,01F3736S,41,0.0,0
2020-06-25 12:00,01F3736S,42,2.6,4
2020-06-25 12:00,01F3736S,5,2.6,17
2020-06-25 12:00,01H0163S,31,36.7,215
2020-06-25 12:00,01H0163S,32,34.6,67
2020-06-25 12:00,01H0163S,41,0.0,0
2020-06-25 12:00,01H0163S,42,0.0,0
2020-06-25 12:00,01H0163S,5,0.0,0
2020-06-25 12:00,01H0174N,31,15.8,471
2020-06-25 12:00,01H0174N,32,15.7,115
2020-06-25 12:00,01H0174N,41,19.7,12
2020-06-25 12:00,01H0174N,42,0.0,0
2020-06-25 12:00,01H0174N,5,0.0,0
2020-06-25 12:00,01H0200N,31,0.0,0
2020-06-25 12:00,01H0200N,32,0.0,0
2020-06-25 12:00,01H0200N,41,0.0,0
2020-06-25 12:00,01H0200N,42,0.0,0
2020-06-25 12:00,01H0200N,5,0.0,0
2020-06-25 12:00,01H0206S,31,60.8,875
2020-06-25 12:00,01H0206S,32,46.7,194
2020-06-25 12:00,01H0206S,41,96.7,4
2020-06-25 12:00,01H0206S,42,33.7,1
2020-06-25 12:00,01H0206S,5,0.0,0
2020-06-25 12:00,01H0208N,31,0.0,0
2020-06-25 12:00,01H0208N,32,0.0,0
2020-06-25 12:00,01H0208N,41,0.0,0
2020-06-25 12:00,01H0208N,42,0.0,0
2020-06-25 12:00,01H0208N,5,0.0,0
2020-06-25 12:00,01H0271N,31,19.3,878
2020-06-25 12:00,01H0271N,32,21.4,276
2020-06-25 12:00,01H0271N,41,12.9,4
2020-06-25 12:00,01H0271N,42,0.0,0
2020-06-25 12:00,01H0271N,5,0.0,0
2020-06-25 12:00,01H0305S,31,53.1,1066
2020-06-25 12:00,01H0305S,32,41.7,241
2020-06-25 12:00,01H0305S,41,79.9,14
2020-06-25 12:00,01H0305S,42,57.0,3
2020-06-25 12:00,01H0305S,5,0.0,0
2020-06-25 12:00,01H0333N,31,26.4,1
2020-06-25 12:00,01H0333N,32,26.4,1
2020-06-25 12:00,01H0333N,41,0.0,0
2020-06-25 12:00,01H0333N,42,0.0,0
2020-06-25 12:00,01H0333N,5,0.0,0
2020-06-25 12:00,01H0334S,31,0.0,0
2020-06-25 12:00,01H0334S,32,0.0,0
2020-06-25 12:00,01H0334S,41,0.0,0
2020-06-25 12:00,01H0334S,42,0.0,0
2020-06-25 12:00,01H0334S,5,0.0,0
2020-06-25 12:00,01H0447N,31,31.9,300
2020-06-25 12:00,01H0447N,32,31.0,86
2020-06-25 12:00,01H0447N,41,28.7,3
2020-06-25 12:00,01H0447N,42,0.0,0
2020-06-25 12:00,01H0447N,5,0.0,0
2020-06-25 12:00,01H0447S,31,38.0,2
2020-06-25 12:00,01H0447S,32,0.0,0
2020-06-25 12:00,01H0447S,41,0.0,0
2020-06-25 12:00,01H0447S,42,0.0,0
2020-06-25 12:00,01H0447S,5,0.0,0
2020-06-25 12:00,01H0579N,31,34.7,246
2020-06-25 12:00,01H0579N,32,36.3,59
2020-06-25 12:00,01H0579N,41,25.7,3
2020-06-25 12:00,01H0579N,42,0.0,0
2020-06-25 12:00,01H0579N,5,0.0,0
2020-06-25 12:00,01H0579S,31,71.3,143
2020-06-25 12:00,01H0579S,32,57.5,42
2020-06-25 12:00,01H0579S,41,0.0,0
2020-06-25 12:00,01H0579S,42,16.7,1
2020-06-25 12:00,01H0579S,5,0.0,0
2020-06-25 12:00,01H0608N,31,31.9,254
2020-06-25 12:00,01H0608N,32,26.5,58
2020-06-25 12:00,01H0608N,41,0.0,0
2020-06-25 12:00,01H0608N,42,34.0,1
2020-06-25 12:00,01H0608N,5,0.0,0
2020-06-25 12:00,01H0610S,31,0.0,0
2020-06-25 12:00,01H0610S,32,9.7,1
2020-06-25 12:00,01H0610S,41,0.0,0
2020-06-25 12:00,01H0610S,42,0.0,0
2020-06-25 12:00,01H0610S,5,0.0,0
2020-06-25 12:00,03A0015N,31,3.6,292
2020-06-25 12:00,03A0015N,32,3.6,68
2020-06-25 12:00,03A0015N,41,3.6,2
2020-06-25 12:00,03A0015N,42,3.6,7
2020-06-25 12:00,03A0015N,5,0.0,0
2020-06-25 12:00,03A0015S,31,16.8,905
2020-06-25 12:00,03A0015S,32,16.3,204
2020-06-25 12:00,03A0015S,41,12.8,28
2020-06-25 12:00,03A0015S,42,6.4,13
2020-06-25 12:00,03A0015S,5,25.3,4
2020-06-25 12:00,03A0041N,31,3.7,241
2020-06-25 12:00,03A0041N,32,3.9,70
2020-06-25 12:00,03A0041N,41,0.0,0
2020-06-25 12:00,03A0041N,42,3.3,4
2020-06-25 12:00,03A0041N,5,0.0,0
2020-06-25 12:00,03A0041S,31,42.6,602
2020-06-25 12:00,03A0041S,32,26.3,136
2020-06-25 12:00,03A0041S,41,40.1,6
2020-06-25 12:00,03A0041S,42,16.6,15
2020-06-25 12:00,03A0041S,5,26.3,3
2020-06-25 12:00,03F0006S,31,29.3,712
2020-06-25 12:00,03F0006S,32,31.8,174
2020-06-25 12:00,03F0006S,41,20.3,1
2020-06-25 12:00,03F0006S,42,13.0,15
2020-06-25 12:00,03F0006S,5,24.9,97
2020-06-25 12:00,03F0021N,31,2.4,96
2020-06-25 12:00,03F0021N,32,2.4,39
2020-06-25 12:00,03F0021N,41,0.0,0
2020-06-25 12:00,03F0021N,42,2.4,6
2020-06-25 12:00,03F0021N,5,2.4,13
2020-06-25 12:00,03F0054N,31,10.4,15
2020-06-25 12:00,03F0054N,32,10.4,5
2020-06-25 12:00,03F0054N,41,0.0,0
2020-06-25 12:00,03F0054N,42,0.0,0
2020-06-25 12:00,03F0054N,5,10.9,1
2020-06-25 12:00,03F0087S,31,40.5,57
2020-06-25 12:00,03F0087S,32,38.1,19
2020-06-25 12:00,03F0087S,41,0.0,0
2020-06-25 12:00,03F0087S,42,0.0,0
2020-06-25 12:00,03F0087S,5,0.0,0
2020-06-25 12:00,03F0116N,31,21.3,263
2020-06-25 12:00,03F0116N,32,16.2,59
2020-06-25 12:00,03F0116N,41,11.8,4
2020-06-25 12:00,03F0116N,42,14.8,13
2020-06-25 12:00,03F0116N,5,13.1,28
2020-06-25 12:00,03F0116S,31,39.2,67
2020-06-25 12:00,03F0116S,32,21.6,22
2020-06-25 12:00,03F0116S,41,0.0,0
2020-06-25 12:00,03F0116S,42,32.4,2
2020-06-25 12:00,03F0116S,5,182.2,2
2020-06-25 12:00,03F0136S,31,36.6,540
2020-06-25 12:00,03F0136S,32,32.9,149
2020-06-25 12:00,03F0136S,41,13.2,1
2020-06-25 12:00,03F0136S,42,15.9,5
2020-06-25 12:00,03F0136S,5,36.0,2
2020-06-25 12:00,03F0140N,31,12.7,283
2020-06-25 12:00,03F0140N,32,13.5,72
2020-06-25 12:00,03F0140N,41,0.0,0
2020-06-25 12:00,03F0140N,42,13.8,4
2020-06-25 12:00,03F0140N,5,0.0,0
2020-06-25 12:00,03F0150N,31,3.6,3
2020-06-25 12:00,03F0150N,32,3.6,2
2020-06-25 12:00,03F0150N,41,0.0,0
2020-06-25 12:00,03F0150N,42,3.6,1
2020-06-25 12:00,03F0150N,5,0.0,0
2020-06-25 12:00,03F0158S,31,38.9,653
2020-06-25 12:00,03F0158S,32,33.4,157
2020-06-25 12:00,03F0158S,41,40.2,35
2020-06-25 12:00,03F0158S,42,58.0,8
2020-06-25 12:00,03F0158S,5,31.4,1
2020-06-25 12:00,03F0201N,31,17.1,131
2020-06-25 12:00,03F0201N,32,22.0,24
2020-06-25 12:00,03F0201N,41,20.8,1
2020-06-25 12:00,03F0201N,42,6.6,5
2020-06-25 12:00,03F0201N,5,0.0,0
2020-06-25 12:00,03F0201S,31,0.0,0
2020-06-25 12:00,03F0201S,32,0.0,0
2020-06-25 12:00,03F0201S,41,0.0,0
2020-06-25 12:00,03F0201S,42,6.0,1
2020-06-25 12:00,03F0201S,5,0.0,0
2020-06-25 12:00,03F0217N,31,18.8,329
2020-06-25 12:00,03F0217N,32,17.5,98
2020-06-25 12:00,03F0217N,41,34.7,10
2020-06-25 12:00,03F0217N,42,6.8,2
2020-06-25 12:00,03F0217N,5,24.2,10
2020-06-25 12:00,03F0217S,31,45.6,192
2020-06-25 12:00,03F0217S,32,40.1,62
2020-06-25 12:00,03F0217S,41,6.0,4
2020-06-25 12:00,03F0217S,42,29.1,10
2020-06-25 12:00,03F0217S,5,0.0,0
2020-06-25 12:00,03F0301N,31,20.3,400
2020-06-25 12:00,03F0301N,32,24.8,101
2020-06-25 12:00,03F0301N,41,0.0,0
2020-06-25 12:00,03F0301N,42,13.6,11
2020-06-25 12:00,03F0301N,5,15.5,2
2020-06-25 12:00,03F0301S,31,62.3,461
2020-06-25 12:00,03F0301S,32,35.2,130
2020-06-25 12:00,03F0301S,41,0.0,0
2020-06-25 12:00,03F0301S,42,37.4,19
2020-06-25 12:00,03F0301S,5,127.5,2
2020-06-25 12:00,03F0337S,31,57.2,1308
2020-06-25 12:00,03F0337S,32,44.3,307
2020-06-25 12:00,03F0337S,41,56.3,19
2020-06-25 12:00,03F0337S,42,41.6,46
2020-06-25 12:00,03F0337S,5,21.3,11
2020-06-25 12:00,03F0338N,31,24.2,657
2020-06-25 12:00,03F0338N,32,23.0,182
2020-06-25 12:00,03F0338N,41,29.3,3
2020-06-25 12:00,03F0338N,42,11.7,14
2020-06-25 12:00,03F0338N,5,17.6,9
2020-06-25 12:00,03F0394N,31,23.1,422
2020-06-25 12:00,03F0394N,32,19.9,141
2020-06-25 12:00,03F0394N,41,29.6,2
2020-06-25 12:00,03F0394N,42,13.4,20
2020-06-25 12:00,03F0394N,5,29.8,15
2020-06-25 12:00,03F0394S,31,73.6,1740
2020-06-25 12:00,03F0394S,32,63.2,490
2020-06-25 12:00,03F0394S,41,52.0,32
2020-06-25 12:00,03F0394S,42,61.6,44
2020-06-25 12:00,03F0394S,5,69.3,9
2020-06-25 12:00,03F0447N,31,12.8,591
2020-06-25 12:00,03F0447N,32,14.3,149
2020-06-25 12:00,03F0447N,41,3.5,5
2020-06-25 12:00,03F0447N,42,15.1,30
2020-06-25 12:00,03F0447N,5,23.9,6
2020-06-25 12:00,03F0447S,31,66.1,1548
2020-06-25 12:00,03F0447S,32,58.0,473
2020-06-25 12:00,03F0447S,41,18.6,39
2020-06-25 12:00,03F0447S,42,61.0,28
2020-06-25 12:00,03F0447S,5,38.5,8
2020-06-25 12:00,03F0498N,31,18.2,311
2020-06-25 12:00,03F0498N,32,17.8,118
2020-06-25 12:00,03F0498N,41,10.7,29
2020-06-25 12:00,03F0498N,42,14.9,10
2020-06-25 12:00,03F0498N,5,7.6,1
2020-06-25 12:00,03F0498S,31,47.3,1
2020-06-25 12:00,03F0498S,32,0.0,0
2020-06-25 12:00,03F0498S,41,0.0,0
2020-06-25 12:00,03F0498S,42,8.9,3
2020-06-25 12:00,03F0498S,5,0.0,0
2020-06-25 12:00,03F0525N,31,21.5,802
2020-06-25 12:00,03F0525N,32,21.4,286
2020-06-25 12:00,03F0525N,41,14.1,13
2020-06-25 12:00,03F0525N,42,12.2,21
2020-06-25 12:00,03F0525N,5,8.8,23
2020-06-25 12:00,03F0525S,31,52.6,758
2020-06-25 12:00,03F0525S,32,50.4,213
2020-06-25 12:00,03F0525S,41,0.0,0
2020-06-25 12:00,03F0525S,42,35.1,45
2020-06-25 12:00,03F0525S,5,81.2,31
2020-06-25 12:00,03F0559N,31,26.7,815
2020-06-25 12:00,03F0559N,32,24.6,224
2020-06-25 12:00,03F0559N,41,21.2,9
2020-06-25 12:00,03F0559N,42,20.2,14
2020-06-25 12:00,03F0559N,5,29.5,13
2020-06-25 12:00,03F0559S,31,75.0,717
2020-06-25 12:00,03F0559S,32,69.1,175
2020-06-25 12:00,03F0559S,41,8.3,1
2020-06-25 12:00,03F0559S,42,58.7,17
2020-06-25 12:00,03F0559S,5,43.0,10
2020-06-25 12:00,03F0648N,31,26.7,571
2020-06-25 12:00,03F0648N,32,22.1,136
2020-06-25 12:00,03F0648N,41,25.3,6
2020-06-25 12:00,03F0648N,42,24.2,11
2020-06-25 12:00,03F0648N,5,15.4,2
2020-06-25 12:00,03F0648S,31,80.5,611
2020-06-25 12:00,03F0648S,32,89.8,159
2020-06-25 12:00,03F0648S,41,0.0,0
2020-06-25 12:00,03F0648S,42,95.1,11
2020-06-25 12:00,03F0648S,5,173.5,10
2020-06-25 12:00,03F0698N,31,33.7,9
2020-06-25 12:00,03F0698N,32,21.8,1
2020-06-25 12:00,03F0698N,41,0.0,0
2020-06-25 12:00,03F0698N,42,0.0,0
2020-06-25 12:00,03F0698N,5,0.0,0
2020-06-25 12:00,03F0698S,31,87.2,290
2020-06-25 12:00,03F0698S,32,82.9,64
2020-06-25 12:00,03F0698S,41,0.0,0
2020-06-25 12:00,03F0698S,42,62.7,4
2020-06-25 12:00,03F0698S,5,78.4,7
2020-06-25 12:00,03F0783N,31,35.1,315
2020-06-25 12:00,03F0783N,32,36.2,68
2020-06-25 12:00,03F0783N,41,0.0,0
2020-06-25 12:00,03F0783N,42,22.6,3
2020-06-25 12:00,03F0783N,5,43.4,1
2020-06-25 12:00,03F0783S,31,15.0,3
2020-06-25 12:00,03F0783S,32,89.0,2
2020-06-25 12:00,03F0783S,41,0.0,0
2020-06-25 12:00,03F0783S,42,0.0,0
2020-06-25 12:00,03F0783S,5,0.0,0
2020-06-25 12:00,03F0846N,31,43.5,738
2020-06-25 12:00,03F0846N,32,41.1,149
2020-06-25 12:00,03F0846N,41,47.3,6
2020-06-25 12:00,03F0846N,42,47.7,7
2020-06-25 12:00,03F0846N,5,0.0,0
2020-06-25 12:00,03F0846S,31,64.2,257
2020-06-25 12:00,03F0846S,32,69.0,57
2020-06-25 12:00,03F0846S,41,0.0,0
2020-06-25 12:00,03F0846S,42,33.3,6
2020-06-25 12:00,03F0846S,5,59.7,3
2020-06-25 12:00,03F0961N,31,47.2,155
2020-06-25 12:00,03F0961N,32,35.2,31
2020-06-25 12:00,03F0961N,41,0.0,0
2020-06-25 12:00,03F0961N,42,21.4,3
2020-06-25 12:00,03F0961N,5,94.4,1
2020-06-25 12:00,03F0961S,31,82.9,487
2020-06-25 12:00,03F0961S,32,81.1,112
2020-06-25 12:00,03F0961S,41,161.8,2
2020-06-25 12:00,03F0961S,42,60.1,6
2020-06-25 12:00,03F0961S,5,118.6,4
2020-06-25 12:00,03F0996N,31,2.0,1
2020-06-25 12:00,03F0996N,32,0.0,0
2020-06-25 12:00,03F0996N,41,0.0,0
2020-06-25 12:00,03F0996N,42,0.0,0
2020-06-25 12:00,03F0996N,5,0.0,0
2020-06-25 12:00,03F0996S,31,59.1,301
2020-06-25 12:00,03F0996S,32,51.3,60
2020-06-25 12:00,03F0996S,41,0.0,0
2020-06-25 12:00,03F0996S,42,20.5,4
2020-06-25 12:00,03F0996S,5,57.4,3
2020-06-25 12:00,03F1022N,31,44.7,375
2020-06-25 12:00,03F1022N,32,48.1,76
2020-06-25 12:00,03F1022N,41,29.0,3
2020-06-25 12:00,03F1022N,42,23.6,2
2020-06-25 12:00,03F1022N,5,23.4,2
2020-06-25 12:00,03F1022S,31,16.2,2
2020-06-25 12:00,03F1022S,32,6.0,2
2020-06-25 12:00,03F1022S,41,0.0,0
2020-06-25 12:00,03F1022S,42,0.0,0
2020-06-25 12:00,03F1022S,5,0.0,0
2020-06-25 12:00,03F1051N,31,34.4,226
2020-06-25 12:00,03F1051N,32,36.9,43
2020-06-25 12:00,03F1051N,41,0.0,0
2020-06-25 12:00,03F1051N,42,34.5,10
2020-06-25 12:00,03F1051N,5,29.7,3
2020-06-25 12:00,03F1051S,31,80.8,348
2020-06-25 12:00,03F1051S,32,75.2,78
2020-06-25 12:00,03F1051S,41,317.3,1
2020-06-25 12:00,03F1051S,42,88.2,3
2020-06-25 12:00,03F1051S,5,72.2,1
2020-06-25 12:00,03F1128N,31,39.6,224
2020-06-25 12:00,03F1128N,32,46.2,53
2020-06-25 12:00,03F1128N,41,0.0,0
2020-06-25 12:00,03F1128N,42,41.7,4
2020-06-25 12:00,03F1128N,5,35.0,2
2020-06-25 12:00,03F1128S,31,100.8,409
2020-06-25 12:00,03F1128S,32,94.9,110
2020-06-25 12:00,03F1128S,41,0.0,0
2020-06-25 12:00,03F1128S,42,112.1,14
2020-06-25 12:00,03F1128S,5,102.1,34
2020-06-25 12:00,03F1161N,31,53.7,140
2020-06-25 12:00,03F1161N,32,47.8,50
2020-06-25 12:00,03F1161N,41,56.8,2
2020-06-25 12:00,03F1161N,42,45.9,6
2020-06-25 12:00,03F1161N,5,67.1,30
2020-06-25 12:00,03F1161S,31,0.0,0
2020-06-25 12:00,03F1161S,32,0.0,0
2020-06-25 12:00,03F1161S,41,0.0,0
2020-06-25 12:00,03F1161S,42,0.0,0
2020-06-25 12:00,03F1161S,5,0.0,0
2020-06-25 12:00,03F1215N,31,40.6,101
2020-06-25 12:00,03F1215N,32,45.5,22
2020-06-25 12:00,03F1215N,41,0.0,0
2020-06-25 12:00,03F1215N,42,14.9,1
2020-06-25 12:00,03F1215N,5,58.1,1
2020-06-25 12:00,03F1215S,31,102.6,428
2020-06-25 12:00,03F1215S,32,100.6,91
2020-06-25 12:00,03F1215S,41,0.0,0
2020-06-25 12:00,03F1215S,42,106.5,13
2020-06-25 12:00,03F1215S,5,116.7,14
2020-06-25 12:00,03F1257N,31,45.6,121
2020-06-25 12:00,03F1257N,32,52.5,36
2020-06-25 12:00,03F1257N,41,0.0,0
2020-06-25 12:00,03F1257N,42,0.0,0
2020-06-25 12:00,03F1257N,5,18.6,2
2020-06-25 12:00,03F1257S,31,88.4,139
2020-06-25 12:00,03F1257S,32,85.9,25
2020-06-25 12:00,03F1257S,41,0.0,0
2020-06-25 12:00,03F1257S,42,57.4,4
2020-06-25 12:00,03F1257S,5,0.0,0
2020-06-25 12:00,03F1332N,31,113.2,1
2020-06-25 12:00,03F1332N,32,14.1,1
2020-06-25 12:00,03F1332N,41,0.0,0
2020-06-25 12:00,03F1332N,42,0.0,0
2020-06-25 12:00,03F1332N,5,0.0,0
2020-06-25 12:00,03F1332S,31,70.1,145
2020-06-25 12:00,03F1332S,32,63.3,54
2020-06-25 12:00,03F1332S,41,0.0,0
2020-06-25 12:00,03F1332S,42,0.0,0
2020-06-25 12:00,03F1332S,5,91.5,10
2020-06-25 12:00,03F1395N,31,66.3,123
2020-06-25 12:00,03F1395N,32,63.1,31
2020-06-25 12:00,03F1395N,41,0.0,0
2020-06-25 12:00,03F1395N,42,72.0,3
2020-06-25 12:00,03F1395N,5,93.3,7
2020-06-25 12:00,03F1395S,31,76.4,9
2020-06-25 12:00,03F1395S,32,72.6,2
2020-06-25 12:00,03F1395S,41,0.0,0
2020-06-25 12:00,03F1395S,42,0.0,0
2020-06-25 12:00,03F1395S,5,0.0,0
2020-06-25 12:00,03F1485N,31,67.1,76
2020-06-25 12:00,03F1485N,32,49.8,22
2020-06-25 12:00,03F1485N,41,0.0,0
2020-06-25 12:00,03F1485N,42,60.4,2
2020-06-25 12:00,03F1485N,5,26.6,1
2020-06-25 12:00,03F1485S,31,56.5,175
2020-06-25 12:00,03F1485S,32,53.5,27
2020-06-25 12:00,03F1485S,41,0.0,0
2020-06-25 12:00,03F1485S,42,38.0,4
2020-06-25 12:00,03F1485S,5,16.2,2
2020-06-25 12:00,03F1633N,31,58.2,105
2020-06-25 12:00,03F1633N,32,54.9,29
2020-06-25 12:00,03F1633N,41,0.0,0
2020-06-25 12:00,03F1633N,42,65.4,1
2020-06-25 12:00,03F1633N,5,0.0,0
2020-06-25 12:00,03F1633S,31,36.0,234
2020-06-25 12:00,03F1633S,32,32.2,79
2020-06-25 12:00,03F1633S,41,0.0,0
2020-06-25 12:00,03F1633S,42,33.4,7
2020-06-25 12:00,03F1633S,5,20.6,5
2020-06-25 12:00,03F1651N,31,56.2,177
2020-06-25 12:00,03F1651N,32,47.2,56
2020-06-25 12:00,03F1651N,41,0.0,0
2020-06-25 12:00,03F1651N,42,38.3,10
2020-06-25 12:00,03F1651N,5,75.5,27
2020-06-25 12:00,03F1651S,31,33.0,379
2020-06-25 12:00,03F1651S,32,27.9,110
2020-06-25 12:00,03F1651S,41,50.7,5
2020-06-25 12:00,03F1651S,42,47.1,1
2020-06-25 12:00,03F1651S,5,22.9,1
2020-06-25 12:00,03F1710N,31,87.2,9
2020-06-25 12:00,03F1710N,32,70.0,2
2020-06-25 12:00,03F1710N,41,0.0,0
2020-06-25 12:00,03F1710N,42,0.0,0
2020-06-25 12:00,03F1710N,5,0.0,0
2020-06-25 12:00,03F1710S,31,36.6,177
2020-06-25 12:00,03F1710S,32,30.6,52
2020-06-25 12:00,03F1710S,41,0.0,0
2020-06-25 12:00,03F1710S,42,28.5,4
2020-06-25 12:00,03F1710S,5,13.8,4
2020-06-25 12:00,03F1739N,31,52.8,354
2020-06-25 12:00,03F1739N,32,53.7,90
2020-06-25 12:00,03F1739N,41,11.9,1
2020-06-25 12:00,03F1739N,42,33.5,11
2020-06-25 12:00,03F1739N,5,55.3,11
2020-06-25 12:00,03F1739S,31,106.1,26
2020-06-25 12:00,03F1739S,32,116.0,4
2020-06-25 12:00,03F1739S,41,0.0,0
2020-06-25 12:00,03F1739S,42,0.0,0
2020-06-25 12:00,03F1739S,5,3.7,1
2020-06-25 12:00,03F1779N,31,54.3,375
2020-06-25 12:00,03F1779N,32,41.0,105
2020-06-25 12:00,03F1779N,41,59.0,3
2020-06-25 12:00,03F1779N,42,44.0,10
2020-06-25 12:00,03F1779N,5,40.5,9
2020-06-25 12:00,03F1779S,31,42.6,290
2020-06-25 12:00,03F1779S,32,34.3,73
2020-06-25 12:00,03F1779S,41,26.0,1
2020-06-25 12:00,03F1779S,42,14.6,10
2020-06-25 12:00,03F1779S,5,14.6,6
2020-06-25 12:00,03F1860N,31,62.3,223
2020-06-25 12:00,03F1860N,32,48.4,59
2020-06-25 12:00,03F1860N,41,0.0,0
2020-06-25 12:00,03F1860N,42,12.2,2
2020-06-25 12:00,03F1860N,5,0.0,0
2020-06-25 12:00,03F1860S,31,50.5,336
2020-06-25 12:00,03F1860S,32,52.6,88
2020-06-25 12:00,03F1860S,41,0.0,0
2020-06-25 12:00,03F1860S,42,69.3,8
2020-06-25 12:00,03F1860S,5,79.6,6
2020-06-25 12:00,03F1941N,31,0.0,0
2020-06-25 12:00,03F1941N,32,0.0,0
2020-06-25 12:00,03F1941N,41,0.0,0
2020-06-25 12:00,03F1941N,42,0.0,0
2020-06-25 12:00,03F1941N,5,0.0,0
2020-06-25 12:00,03F1944S,31,27.4,345
2020-06-25 12:00,03F1944S,32,26.4,101
2020-06-25 12:00,03F1944S,41,0.0,0
2020-06-25 12:00,03F1944S,42,18.6,12
2020-06-25 12:00,03F1944S,5,55.0,38
2020-06-25 12:00,03F1991S,31,10.5,1
2020-06-25 12:00,03F1991S,32,0.0,0
2020-06-25 12:00,03F1991S,41,0.0,0
2020-06-25 12:00,03F1991S,42,0.0,0
2020-06-25 12:00,03F1991S,5,0.0,0
2020-06-25 12:00,03F1992N,31,44.3,540
2020-06-25 12:00,03F1992N,32,32.7,131
2020-06-25 12:00,03F1992N,41,23.5,1
2020-06-25 12:00,03F1992N,42,17.3,11
2020-06-25 12:00,03F1992N,5,19.4,12
2020-06-25 12:00,03F2066N,31,31.8,116
2020-06-25 12:00,03F2066N,32,23.3,42
2020-06-25 12:00,03F2066N,41,37.8,1
2020-06-25 12:00,03F2066N,42,19.8,4
2020-06-25 12:00,03F2066N,5,12.1,9
2020-06-25 12:00,03F2066S,31,43.8,1057
2020-06-25 12:00,03F2066S,32,35.6,215
2020-06-25 12:00,03F2066S,41,43.6,22
2020-06-25 12:00,03F2066S,42,32.6,17
2020-06-25 12:00,03F2066S,5,11.8,9
2020-06-25 12:00,03F2078N,31,44.3,255
2020-06-25 12:00,03F2078N,32,29.6,96
2020-06-25 12:00,03F2078N,41,17.8,1
2020-06-25 12:00,03F2078N,42,23.4,7
2020-06-25 12:00,03F2078N,5,9.0,19
2020-06-25 12:00,03F2079S,31,39.8,164
2020-06-25 12:00,03F2079S,32,18.0,55
2020-06-25 12:00,03F2079S,41,0.0,0
2020-06-25 12:00,03F2079S,42,12.5,4
2020-06-25 12:00,03F2079S,5,6.7,1
2020-06-25 12:00,03F2100N,31,37.3,490
2020-06-25 12:00,03F2100N,32,39.2,147
2020-06-25 12:00,03F2100N,41,9.2,2
2020-06-25 12:00,03F2100N,42,11.4,19
2020-06-25 12:00,03F2100N,5,21.9,4
2020-06-25 12:00,03F2100S,31,45.3,329
2020-06-25 12:00,03F2100S,32,43.2,75
2020-06-25 12:00,03F2100S,41,5.0,4
2020-06-25 12:00,03F2100S,42,74.0,3
2020-06-25 12:00,03F2100S,5,13.1,4
2020-06-25 12:00,03F2125N,31,26.2,636
2020-06-25 12:00,03F2125N,32,19.3,161
2020-06-25 12:00,03F2125N,41,8.5,13
2020-06-25 12:00,03F2125N,42,10.0,13
2020-06-25 12:00,03F2125N,5,17.8,9
2020-06-25 12:00,03F2129S,31,46.4,1560
2020-06-25 12:00,03F2129S,32,41.4,469
2020-06-25 12:00,03F2129S,41,0.0,0
2020-06-25 12:00,03F2129S,42,35.3,20
2020-06-25 12:00,03F2129S,5,21.3,10
2020-06-25 12:00,03F2152S,31,51.6,182
2020-06-25 12:00,03F2152S,32,39.6,60
2020-06-25 12:00,03F2152S,41,0.0,0
2020-06-25 12:00,03F2152S,42,30.5,9
2020-06-25 12:00,03F2152S,5,71.8,2
2020-06-25 12:00,03F2153N,31,21.8,250
2020-06-25 12:00,03F2153N,32,26.4,81
2020-06-25 12:00,03F2153N,41,10.3,5
2020-06-25 12:00,03F2153N,42,27.7,8
2020-06-25 12:00,03F2153N,5,6.4,4
2020-06-25 12:00,03F2194N,31,17.2,582
2020-06-25 12:00,03F2194N,32,14.5,207
2020-06-25 12:00,03F2194N,41,13.5,1
2020-06-25 12:00,03F2194N,42,11.6,9
2020-06-25 12:00,03F2194N,5,0.0,0
2020-06-25 12:00,03F2194S,31,54.6,182
2020-06-25 12:00,03F2194S,32,45.6,53
2020-06-25 12:00,03F2194S,41,17.1,3
2020-06-25 12:00,03F2194S,42,51.6,3
2020-06-25 12:00,03F2194S,5,160.2,2
2020-06-25 12:00,03F2231N,31,24.4,344
2020-06-25 12:00,03F2231N,32,23.9,94
2020-06-25 12:00,03F2231N,41,10.7,1
2020-06-25 12:00,03F2231N,42,50.3,11
2020-06-25 12:00,03F2231N,5,78.5,2
2020-06-25 12:00,03F2235S,31,42.4,280
2020-06-25 12:00,03F2235S,32,46.3,74
2020-06-25 12:00,03F2235S,41,0.0,0
2020-06-25 12:00,03F2235S,42,56.7,4
2020-06-25 12:00,03F2235S,5,0.0,0
2020-06-25 12:00,03F2260N,31,25.1,374
2020-06-25 12:00,03F2260N,32,29.4,93
2020-06-25 12:00,03F2260N,41,0.0,0
2020-06-25 12:00,03F2260N,42,16.1,11
2020-06-25 12:00,03F2260N,5,0.0,0
2020-06-25 12:00,03F2261S,31,60.7,249
2020-06-25 12:00,03F2261S,32,43.4,58
2020-06-25 12:00,03F2261S,41,112.0,6
2020-06-25 12:00,03F2261S,42,20.6,6
2020-06-25 12:00,03F2261S,5,3.9,1
2020-06-25 12:00,03F2306N,31,26.3,92
2020-06-25 12:00,03F2306N,32,25.8,22
2020-06-25 12:00,03F2306N,41,0.0,0
2020-06-25 12:00,03F2306N,42,0.0,0
2020-06-25 12:00,03F2306N,5,0.0,0
2020-06-25 12:00,03F2306S,31,57.3,216
2020-06-25 12:00,03F2306S,32,57.4,39
2020-06-25 12:00,03F2306S,41,21.5,1
2020-06-25 12:00,03F2306S,42,61.5,1
2020-06-25 12:00,03F2306S,5,154.4,1
2020-06-25 12:00,03F2336N,31,32.8,341
2020-06-25 12:00,03F2336N,32,36.2,88
2020-06-25 12:00,03F2336N,41,27.1,2
2020-06-25 12:00,03F2336N,42,19.7,9
2020-06-25 12:00,03F2336N,5,0.0,0
2020-06-25 12:00,03F2336S,31,86.9,31
2020-06-25 12:00,03F2336S,32,59.0,10
2020-06-25 12:00,03F2336S,41,0.0,0
2020-06-25 12:00,03F2336S,42,0.0,0
2020-06-25 12:00,03F2336S,5,0.0,0
2020-06-25 12:00,03F2415N,31,41.2,376
2020-06-25 12:00,03F2415N,32,33.5,105
2020-06-25 12:00,03F2415N,41,41.6,2
2020-06-25 12:00,03F2415N,42,36.9,4
2020-06-25 12:00,03F2415N,5,73.5,3
2020-06-25 12:00,03F2415S,31,63.1,269
2020-06-25 12:00,03F2415S,32,60.0,61
2020-06-25 12:00,03F2415S,41,76.5,2
2020-06-25 12:00,03F2415S,42,61.1,8
2020-06-25 12:00,03F2415S,5,53.6,8
2020-06-25 12:00,03F2447N,31,36.1,67
2020-06-25 12:00,03F2447N,32,41.9,20
2020-06-25 12:00,03F2447N,41,0.0,0
2020-06-25 12:00,03F2447N,42,22.6,2
2020-06-25 12:00,03F2447N,5,134.5,4
2020-06-25 12:00,03F2447S,31,62.7,162
2020-06-25 12:00,03F2447S,32,53.1,52
2020-06-25 12:00,03F2447S,41,24.5,1
2020-06-25 12:00,03F2447S,42,35.5,2
2020-06-25 12:00,03F2447S,5,6.4,2
2020-06-25 12:00,03F2535N,31,48.2,161
2020-06-25 12:00,03F2535N,32,40.9,50
2020-06-25 12:00,03F2535N,41,16.6,1
2020-06-25 12:00,03F2535N,42,98.5,8
2020-06-25 12:00,03F2535N,5,21.5,11
2020-06-25 12:00,03F2535S,31,51.8,96
2020-06-25 12:00,03F2535S,32,43.0,30
2020-06-25 12:00,03F2535S,41,0.0,0
2020-06-25 12:00,03F2535S,42,0.0,0
2020-06-25 12:00,03F2535S,5,17.7,10
2020-06-25 12:00,03F2614N,31,41.8,304
2020-06-25 12:00,03F2614N,32,37.1,60
2020-06-25 12:00,03F2614N,41,0.0,0
2020-06-25 12:00,03F2614N,42,21.9,6
2020-06-25 12:00,03F2614N,5,47.1,5
2020-06-25 12:00,03F2614S,31,50.1,198
2020-06-25 12:00,03F2614S,32,44.8,45
2020-06-25 12:00,03F2614S,41,0.0,0
2020-06-25 12:00,03F2614S,42,37.0,5
2020-06-25 12:00,03F2614S,5,78.4,2
2020-06-25 12:00,03F2709N,31,44.9,2
2020-06-25 12:00,03F2709N,32,0.0,0
2020-06-25 12:00,03F2709N,41,0.0,0
2020-06-25 12:00,03F2709N,42,0.0,0
2020-06-25 12:00,03F2709N,5,0.0,0
2020-06-25 12:00,03F2709S,31,58.5,198
2020-06-25 12:00,03F2709S,32,44.2,63
2020-06-25 12:00,03F2709S,41,0.0,0
2020-06-25 12:00,03F2709S,42,71.7,2
2020-06-25 12:00,03F2709S,5,0.0,0
2020-06-25 12:00,03F2747N,31,23.5,10
2020-06-25 12:00,03F2747N,32,57.0,2
2020-06-25 12:00,03F2747N,41,0.0,0
2020-06-25 12:00,03F2747N,42,0.0,0
2020-06-25 12:00,03F2747N,5,0.0,0
2020-06-25 12:00,03F2747S,31,49.9,74
2020-06-25 12:00,03F2747S,32,46.2,14
2020-06-25 12:00,03F2747S,41,0.0,0
2020-06-25 12:00,03F2747S,42,29.7,4
2020-06-25 12:00,03F2747S,5,0.0,0
2020-06-25 12:00,03F2777N,31,48.0,97
2020-06-25 12:00,03F2777N,32,66.3,25
2020-06-25 12:00,03F2777N,41,54.7,1
2020-06-25 12:00,03F2777N,42,7.1,3
2020-06-25 12:00,03F2777N,5,0.0,0
2020-06-25 12:00,03F2777S,31,65.1,11
2020-06-25 12:00,03F2777S,32,70.5,2
2020-06-25 12:00,03F2777S,41,0.0,0
2020-06-25 12:00,03F2777S,42,0.0,0
2020-06-25 12:00,03F2777S,5,0.0,0
2020-06-25 12:00,03F2840N,31,48.2,279
2020-06-25 12:00,03F2840N,32,39.7,75
2020-06-25 12:00,03F2840N,41,0.0,0
2020-06-25 12:00,03F2840N,42,17.8,4
2020-06-25 12:00,03F2840N,5,156.1,3
2020-06-25 12:00,03F2840S,31,32.5,208
2020-06-25 12:00,03F2840S,32,25.8,46
2020-06-25 12:00,03F2840S,41,0.0,0
2020-06-25 12:00,03F2840S,42,13.7,6
2020-06-25 12:00,03F2840S,5,131.6,2
2020-06-25 12:00,03F2899N,31,0.0,0
2020-06-25 12:00,03F2899N,32,0.0,0
2020-06-25 12:00,03F2899N,41,0.0,0
2020-06-25 12:00,03F2899N,42,0.0,0
2020-06-25 12:00,03F2899N,5,0.0,0
2020-06-25 12:00,03F2899S,31,0.0,0
2020-06-25 12:00,03F2899S,32,0.0,0
2020-06-25 12:00,03F2899S,41,0.0,0
2020-06-25 12:00,03F2899S,42,0.0,0
2020-06-25 12:00,03F2899S,5,0.0,0
2020-06-25 12:00,03F2923N,31,48.4,220
2020-06-25 12:00,03F2923N,32,51.3,61
2020-06-25 12:00,03F2923N,41,83.5,1
2020-06-25 12:00,03F2923N,42,30.0,8
2020-06-25 12:00,03F2923N,5,17.9,2
2020-06-25 12:00,03F2923S,31,41.9,296
2020-06-25 12:00,03F2923S,32,30.3,69
2020-06-25 12:00,03F2923S,41,0.0,0
2020-06-25 12:00,03F2923S,42,24.0,13
2020-06-25 12:00,03F2923S,5,52.0,8
2020-06-25 12:00,03F2985N,31,24.7,319
2020-06-25 12:00,03F2985N,32,20.6,100
2020-06-25 12:00,03F2985N,41,0.0,0
2020-06-25 12:00,03F2985N,42,23.6,5
2020-06-25 12:00,03F2985N,5,12.4,12
2020-06-25 12:00,03F2985S,31,45.0,345
2020-06-25 12:00,03F2985S,32,50.2,80
2020-06-25 12:00,03F2985S,41,3.0,1
2020-06-25 12:00,03F2985S,42,20.6,7
2020-06-25 12:00,03F2985S,5,56.1,8
2020-06-25 12:00,03F3101N,31,56.4,113
2020-06-25 12:00,03F3101N,32,38.0,28
2020-06-25 12:00,03F3101N,41,0.0,0
2020-06-25 12:00,03F3101N,42,23.0,3
2020-06-25 12:00,03F3101N,5,0.0,0
2020-06-25 12:00,03F3101S,31,54.7,148
2020-06-25 12:00,03F3101S,32,58.7,38
2020-06-25 12:00,03F3101S,41,0.0,0
2020-06-25 12:00,03F3101S,42,91.0,3
2020-06-25 12:00,03F3101S,5,72.2,3
2020-06-25 12:00,03F3187N,31,84.1,24
2020-06-25 12:00,03F3187N,32,115.1,4
2020-06-25 12:00,03F3187N,41,0.0,0
2020-06-25 12:00,03F3187N,42,0.0,0
2020-06-25 12:00,03F3187N,5,0.0,0
2020-06-25 12:00,03F3187S,31,46.7,192
2020-06-25 12:00,03F3187S,32,42.0,40
2020-06-25 12:00,03F3187S,41,0.0,0
2020-06-25 12:00,03F3187S,42,52.1,6
2020-06-25 12:00,03F3187S,5,35.2,1
2020-06-25 12:00,03F3211N,31,39.0,66
2020-06-25 12:00,03F3211N,32,44.8,14
2020-06-25 12:00,03F3211N,41,0.0,0
2020-06-25 12:00,03F3211N,42,10.8,1
2020-06-25 12:00,03F3211N,5,22.0,1
2020-06-25 12:00,03F3211S,31,43.7,50
2020-06-25 12:00,03F3211S,32,34.2,9
2020-06-25 12:00,03F3211S,41,0.0,0
2020-06-25 12:00,03F3211S,42,0.0,0
2020-06-25 12:00,03F3211S,5,0.0,0
2020-06-25 12:00,03F3259N,31,66.8,57
2020-06-25 12:00,03F3259N,32,88.0,15
2020-06-25 12:00,03F3259N,41,0.0,0
2020-06-25 12:00,03F3259N,42,0.0,0
2020-06-25 12:00,03F3259N,5,244.5,1
2020-06-25 12:00,03F3259S,31,39.9,138
2020-06-25 12:00,03F3259S,32,34.6,28
2020-06-25 12:00,03F3259S,41,0.0,0
2020-06-25 12:00,03F3259S,42,37.3,8
2020-06-25 12:00,03F3259S,5,49.2,7
2020-06-25 12:00,03F3307N,31,63.7,279
2020-06-25 12:00,03F3307N,32,80.8,79
2020-06-25 12:00,03F3307N,41,12.4,1
2020-06-25 12:00,03F3307N,42,36.7,3
2020-06-25 12:00,03F3307N,5,12.2,10
2020-06-25 12:00,03F3307S,31,27.6,175
2020-06-25 12:00,03F3307S,32,29.6,39
2020-06-25 12:00,03F3307S,41,0.0,0
2020-06-25 12:00,03F3307S,42,16.6,3
2020-06-25 12:00,03F3307S,5,5.2,7
2020-06-25 12:00,03F3392N,31,55.1,235
2020-06-25 12:00,03F3392N,32,51.0,67
2020-06-25 12:00,03F3392N,41,0.0,0
2020-06-25 12:00,03F3392N,42,68.6,3
2020-06-25 12:00,03F3392N,5,10.3,5
2020-06-25 12:00,03F3392S,31,36.9,352
2020-06-25 12:00,03F3392S,32,41.5,110
2020-06-25 12:00,03F3392S,41,0.0,0
2020-06-25 12:00,03F3392S,42,41.1,13
2020-06-25 12:00,03F3392S,5,22.9,10
2020-06-25 12:00,03F3445N,31,66.8,377
2020-06-25 12:00,03F3445N,32,67.1,104
2020-06-25 12:00,03F3445N,41,0.0,0
2020-06-25 12:00,03F3445N,42,31.0,7
2020-06-25 12:00,03F3445N,5,49.3,2
2020-06-25 12:00,03F3445S,31,29.0,177
2020-06-25 12:00,03F3445S,32,30.2,54
2020-06-25 12:00,03F3445S,41,0.0,0
2020-06-25 12:00,03F3445S,42,24.5,9
2020-06-25 12:00,03F3445S,5,31.6,5
2020-06-25 12:00,03F3496N,31,71.8,593
2020-06-25 12:00,03F3496N,32,71.7,142
2020-06-25 12:00,03F3496N,41,0.0,0
2020-06-25 12:00,03F3496N,42,18.8,11
2020-06-25 12:00,03F3496N,5,69.8,15
2020-06-25 12:00,03F3496S,31,35.8,222
2020-06-25 12:00,03F3496S,32,39.2,93
2020-06-25 12:00,03F3496S,41,0.0,0
2020-06-25 12:00,03F3496S,42,32.6,16
2020-06-25 12:00,03F3496S,5,36.1,25
2020-06-25 12:00,03F3588N,31,53.7,4
2020-06-25 12:00,03F3588N,32,34.7,3
2020-06-25 12:00,03F3588N,41,0.0,0
2020-06-25 12:00,03F3588N,42,0.0,0
2020-06-25 12:00,03F3588N,5,0.0,0
2020-06-25 12:00,03F3588S,31,42.6,412
2020-06-25 12:00,03F3588S,32,41.2,96
2020-06-25 12:00,03F3588S,41,0.0,0
2020-06-25 12:00,03F3588S,42,35.7,10
2020-06-25 12:00,03F3588S,5,28.5,24
2020-06-25 12:00,03F3670N,31,77.0,221
2020-06-25 12:00,03F3670N,32,81.7,60
2020-06-25 12:00,03F3670N,41,0.0,0
2020-06-25 12:00,03F3670N,42,62.5,8
2020-06-25 12:00,03F3670N,5,23.2,3
2020-06-25 12:00,03F3670S,31,49.4,2
2020-06-25 12:00,03F3670S,32,0.0,0
2020-06-25 12:00,03F3670S,41,0.0,0
2020-06-25 12:00,03F3670S,42,0.0,0
2020-06-25 12:00,03F3670S,5,0.0,0
2020-06-25 12:00,03F3743N,31,100.6,797
2020-06-25 12:00,03F3743N,32,93.6,213
2020-06-25 12:00,03F3743N,41,0.0,0
2020-06-25 12:00,03F3743N,42,61.5,20
2020-06-25 12:00,03F3743N,5,44.7,62
2020-06-25 12:00,03F3743S,31,30.7,122
2020-06-25 12:00,03F3743S,32,27.9,32
2020-06-25 12:00,03F3743S,41,0.0,0
2020-06-25 12:00,03F3743S,42,15.7,4
2020-06-25 12:00,03F3743S,5,14.7,7
2020-06-25 12:00,03F3854N,31,53.5,387
2020-06-25 12:00,03F3854N,32,45.6,104
2020-06-25 12:00,03F3854N,41,189.5,1
2020-06-25 12:00,03F3854N,42,41.3,17
2020-06-25 12:00,03F3854N,5,35.1,18
2020-06-25 12:00,03F3854S,31,18.8,506
2020-06-25 12:00,03F3854S,32,18.4,158
2020-06-25 12:00,03F3854S,41,17.2,1
2020-06-25 12:00,03F3854S,42,16.6,16
2020-06-25 12:00,03F3854S,5,11.6,8
2020-06-25 12:00,03F3916N,31,57.5,169
2020-06-25 12:00,03F3916N,32,56.9,54
2020-06-25 12:00,03F3916N,41,0.0,0
2020-06-25 12:00,03F3916N,42,55.3,6
2020-06-25 12:00,03F3916N,5,56.2,10
2020-06-25 12:00,03F3916S,31,28.5,162
2020-06-25 12:00,03F3916S,32,28.4,51
2020-06-25 12:00,03F3916S,41,0.0,0
2020-06-25 12:00,03F3916S,42,29.5,4
2020-06-25 12:00,03F3916S,5,21.6,5
2020-06-25 12:00,03F3981S,31,32.9,1
2020-06-25 12:00,03F3981S,32,16.1,2
2020-06-25 12:00,03F3981S,41,0.0,0
2020-06-25 12:00,03F3981S,42,0.0,0
2020-06-25 12:00,03F3981S,5,0.0,0
2020-06-25 12:00,03F3984N,31,51.1,183
2020-06-25 12:00,03F3984N,32,32.3,44
2020-06-25 12:00,03F3984N,41,30.7,1
2020-06-25 12:00,03F3984N,42,22.6,5
2020-06-25 12:00,03F3984N,5,20.1,3
2020-06-25 12:00,03F4018S,31,17.5,190
2020-06-25 12:00,03F4018S,32,17.4,64
2020-06-25 12:00,03F4018S,41,0.0,0
2020-06-25 12:00,03F4018S,42,16.2,6
2020-06-25 12:00,03F4018S,5,15.8,7
2020-06-25 12:00,03F4021N,31,66.8,169
2020-06-25 12:00,03F4021N,32,50.1,53
2020-06-25 12:00,03F4021N,41,0.0,0
2020-06-25 12:00,03F4021N,42,49.7,7
2020-06-25 12:00,03F4021N,5,37.7,5
2020-06-25 12:00,03F4142N,31,47.1,397
2020-06-25 12:00,03F4142N,32,50.2,120
2020-06-25 12:00,03F4142N,41,0.0,0
2020-06-25 12:00,03F4142N,42,54.0,12
2020-06-25 12:00,03F4142N,5,65.1,8
2020-06-25 12:00,03F4142S,31,13.5,273
2020-06-25 12:00,03F4142S,32,12.2,77
2020-06-25 12:00,03F4142S,41,0.0,0
2020-06-25 12:00,03F4142S,42,12.3,9
2020-06-25 12:00,03F4142S,5,19.4,4
2020-06-25 12:00,03F4168N,31,44.5,183
2020-06-25 12:00,03F4168N,32,39.4,46
2020-06-25 12:00,03F4168N,41,0.0,0
2020-06-25 12:00,03F4168N,42,34.7,12
2020-06-25 12:00,03F4168N,5,9.8,10
2020-06-25 12:00,03F4168S,31,10.4,1027
2020-06-25 12:00,03F4168S,32,10.3,268
2020-06-25 12:00,03F4168S,41,15.3,9
2020-06-25 12:00,03F4168S,42,10.6,15
2020-06-25 12:00,03F4168S,5,11.2,17
2020-06-25 12:00,03F4232N,31,42.7,565
2020-06-25 12:00,03F4232N,32,35.6,188
2020-06-25 12:00,03F4232N,41,28.4,3
2020-06-25 12:00,03F4232N,42,50.4,15
2020-06-25 12:00,03F4232N,5,19.4,10
2020-06-25 12:00,03F4232S,31,9.3,1
2020-06-25 12:00,03F4232S,32,0.0,0
2020-06-25 12:00,03F4232S,41,0.0,0
2020-06-25 12:00,03F4232S,42,0.0,0
2020-06-25 12:00,03F4232S,5,0.0,0
2020-06-25 12:00,03F4259N,31,36.5,204
2020-06-25 12:00,03F4259N,32,30.0,79
2020-06-25 12:00,03F4259N,41,15.3,2
2020-06-25 12:00,03F4259N,42,54.2,7
2020-06-25 12:00,03F4259N,5,23.4,14
2020-06-25 12:00,03F4263S,31,6.0,22
2020-06-25 12:00,03F4263S,32,6.0,8
2020-06-25 12:00,03F4263S,41,0.0,0
2020-06-25 12:00,03F4263S,42,0.0,0
2020-06-25 12:00,03F4263S,5,0.0,0
2020-06-25 12:00,05F0000S,31,0.0,0
2020-06-25 12:00,05F0000S,32,0.0,0
2020-06-25 12:00,05F0000S,41,0.0,0
2020-06-25 12:00,05F0000S,42,0.0,0
2020-06-25 12:00,05F0000S,5,0.0,0
2020-06-25 12:00,05F0001N,31,16.3,133
2020-06-25 12:00,05F0001N,32,17.6,37
2020-06-25 12:00,05F0001N,41,0.0,0
2020-06-25 12:00,05F0001N,42,7.6,2
2020-06-25 12:00,05F0001N,5,0.0,0
2020-06-25 12:00,05F0055N,31,34.1,63
2020-06-25 12:00,05F0055N,32,22.1,9
2020-06-25 12:00,05F0055N,41,10.7,1
2020-06-25 12:00,05F0055N,42,10.7,1
2020-06-25 12:00,05F0055N,5,0.0,0
2020-06-25 12:00,05F0055S,31,31.6,306
2020-06-25 12:00,05F0055S,32,32.4,76
2020-06-25 12:00,05F0055S,41,35.4,32
2020-06-25 12:00,05F0055S,42,10.7,2
2020-06-25 12:00,05F0055S,5,0.0,0
2020-06-25 12:00,05F0287N,31,63.5,318
2020-06-25 12:00,05F0287N,32,53.6,62
2020-06-25 12:00,05F0287N,41,41.9,14
2020-06-25 12:00,05F0287N,42,0.0,0
2020-06-25 12:00,05F0287N,5,0.0,0
2020-06-25 12:00,05F0287S,31,25.1,322
2020-06-25 12:00,05F0287S,32,26.1,63
2020-06-25 12:00,05F0287S,41,0.0,0
2020-06-25 12:00,05F0287S,42,0.0,0
2020-06-25 12:00,05F0287S,5,0.0,0
2020-06-25 12:00,05F0309N,31,58.1,308
2020-06-25 12:00,05F0309N,32,72.3,92
2020-06-25 12:00,05F0309N,41,42.8,13
2020-06-25 12:00,05F0309N,42,23.9,1
2020-06-25 12:00,05F0309N,5,8.3,1
2020-06-25 12:00,05F0309S,31,15.9,508
2020-06-25 12:00,05F0309S,32,16.2,132
2020-06-25 12:00,05F0309S,41,8.3,1
2020-06-25 12:00,05F0309S,42,18.8,3
2020-06-25 12:00,05F0309S,5,22.1,4
2020-06-25 12:00,05F0438N,31,48.2,376
2020-06-25 12:00,05F0438N,32,52.9,77
2020-06-25 12:00,05F0438N,41,51.8,24
2020-06-25 12:00,05F0438N,42,16.4,3
2020-06-25 12:00,05F0438N,5,0.0,0
2020-06-25 12:00,05F0439S,31,0.0,0
2020-06-25 12:00,05F0439S,32,0.0,0
2020-06-25 12:00,05F0439S,41,0.0,0
2020-06-25 12:00,05F0439S,42,0.0,0
2020-06-25 12:00,05F0439S,5,0.0,0
2020-06-25 12:00,05F0494S,31,7.6,66
2020-06-25 12:00,05F0494S,32,7.6,13
2020-06-25 12:00,05F0494S,41,7.6,1
2020-06-25 12:00,05F0494S,42,0.0,0
2020-06-25 12:00,05F0494S,5,0.0,0
2020-06-25 12:00,05F0528N,31,46.2,470
2020-06-25 12:00,05F0528N,32,44.2,127
2020-06-25 12:00,05F0528N,41,40.9,4
2020-06-25 12:00,05F0528N,42,11.4,9
2020-06-25 12:00,05F0528N,5,14.4,9
2020-06-25 12:00,05FR113S,31,9.0,244
2020-06-25 12:00,05FR113S,32,8.6,49
2020-06-25 12:00,05FR113S,41,8.5,3
2020-06-25 12:00,05FR113S,42,7.3,6
2020-06-25 12:00,05FR113S,5,0.0,0
2020-06-25 12:00,05FR143N,31,0.0,0
2020-06-25 12:00,05FR143N,32,0.0,0
2020-06-25 12:00,05FR143N,41,0.0,0
2020-06-25 12:00,05FR143N,42,0.0,0
2020-06-25 12:00,05FR143N,5,0.0,0
