geometry,PositionLon,PositionLat,ETagGantryID,LinkID,RoadID,RoadName,RoadClass,RoadDirection,Start,End,LocationMile,index_right,COUNTYID,COUNTYCODE,COUNTYNAME,COUNTYENG
POINT (120.486328125 23.51168251037598),120.486328125,23.511682510375977,03F2899N,0000300129000Q,000030,國道3號,0,N,竹崎(159縣道),竹崎(竹崎連絡道),289K+900,13,Q,10010,嘉義縣,Chiayi County
POINT (121.6230163574219 25.03518295288086),121.62301635742188,25.03518295288086,05F0000S,0000501001000A,000050,國道5號,0,S,南港系統(連接國3),石碇,0K+000,6,A,63000,臺北市,Taipei City
POINT (120.7028274536133 23.90678024291992),120.70282745361328,23.906780242919922,03F2306N,0000300123000M,000030,國道3號,0,N,南投服務區,南投,230K+600,3,M,10008,南投縣,Nantou County
POINT (120.25 23.0141716003418),120.25,23.014171600341797,01F3227N,0000100132300D,000010,國道1號,0,N,大灣,永康,322K+700,9,D,67000,臺南市,Tainan City
POINT (120.5776596069336 24.10280799865723),120.5776596069336,24.102807998657227,03F1991S,0000300019900N,000030,國道3號,0,S,彰化系統(連接國1),快官(連接台74),199K+100,2,N,10007,彰化縣,Changhua County
POINT (120.7000045776367 23.8148365020752),120.70000457763672,23.814836502075195,03F2415N,0000300124100M,000030,國道3號,0,N,竹山,名間,241K+500,3,M,10008,南投縣,Nantou County
POINT (120.7028274536133 23.90678024291992),120.70282745361328,23.906780242919922,03F2306S,0000300023000M,000030,國道3號,0,S,南投,南投服務區,230K+600,3,M,10008,南投縣,Nantou County
POINT (120.7000045776367 23.8148365020752),120.70000457763672,23.814836502075195,03F2415S,0000300024100M,000030,國道3號,0,S,名間,竹山,241K+500,3,M,10008,南投縣,Nantou County
POINT (120.25 23.0141716003418),120.25,23.014171600341797,01F3227S,0000100032300D,000010,國道1號,0,S,永康,大灣,322K+700,9,D,67000,臺南市,Tainan City
POINT (121.1259994506836 24.79143905639648),121.1259994506836,24.791439056396484,03F0846N,0000300108400J,000030,國道3號,0,N,竹林,關西,84K+600,20,J,10004,新竹縣,Hsinchu County
POINT (121.7089080810547 25.13710594177246),121.70890808105469,25.13710594177246,03F0006S,0000300000070C,000030,國道3號,0,S,基金,瑪東系統(連接台62),0K+600,5,C,10017,基隆市,Keelung City
POINT (121.1259994506836 24.79143905639648),121.1259994506836,24.791439056396484,03F0846S,0000300008400J,000030,國道3號,0,S,關西,竹林,84K+600,20,J,10004,新竹縣,Hsinchu County
POINT (120.486328125 23.51168251037598),120.486328125,23.511682510375977,03F2899S,0000300029000Q,000030,國道3號,0,S,竹崎(竹崎連絡道),竹崎(159縣道),289K+900,13,Q,10010,嘉義縣,Chiayi County
POINT (121.2661972045898 25.01294326782227),121.26619720458984,25.012943267822266,01F0532S,0000100005310H,000010,國道1號,0,S,機場系統(連接國2),中壢服務區,53K+200,10,H,68000,桃園市,Taoyuan City
POINT (120.9988632202148 24.76358604431152),120.99886322021484,24.763586044311523,01F0980S,0000100009800J,000010,國道1號,0,S,新竹(科學園區),新竹系統(連接國3),98K+000,20,J,10004,新竹縣,Hsinchu County
POINT (120.5681304931641 24.11357116699219),120.56813049316406,24.113571166992188,01F1906N,0000100119050B,000010,國道1號,0,N,彰化系統(連接國3),王田,190K+600,8,B,66000,臺中市,Taichung City
POINT (121.1117324829102 24.89343643188477),121.11173248291016,24.893436431884766,01F0750S,0000100007400H,000010,國道1號,0,S,校前路,湖口,75K+000,10,H,68000,桃園市,Taoyuan City
POINT (121.1117324829102 24.89343643188477),121.11173248291016,24.893436431884766,01F0750N,0000100107400H,000010,國道1號,0,N,湖口,校前路,75K+000,10,H,68000,桃園市,Taoyuan City
POINT (121.2661972045898 25.01294326782227),121.26619720458984,25.012943267822266,01F0532N,0000100105300H,000010,國道1號,0,N,中壢服務區,機場系統(連接國2),53K+200,10,H,68000,桃園市,Taoyuan City
POINT (121.5550155639648 25.07226181030273),121.55501556396484,25.072261810302734,01H0208N,00001A0102080A,00001A,國道1號汐止五股高架道路,0,N,環北,下塔悠北上出口匝道,20K+800,6,A,63000,臺北市,Taipei City
POINT (121.6434707641602 25.06561088562012),121.64347076416016,25.065610885620117,03F0116N,0000300101150F,000030,國道3號,0,N,新台五路,汐止系統(連接國1),11K+600,7,F,65000,新北市,New Taipei City
POINT (120.5729522705078 23.64914131164551),120.57295227050781,23.649141311645508,03F2709S,0000300027100P,000030,國道3號,0,S,古坑(文化路)&古坑系統(連接台78),古坑(朝陽路),270K+900,4,P,10009,雲林縣,Yunlin County
POINT (121.5860366821289 25.00386428833008),121.5860366821289,25.003864288330078,03A0041S,0000310000410A,000031,國道3甲,0,S,萬芳(動物園、信義快),木柵(連接國3),4K+100,6,A,63000,臺北市,Taipei City
POINT (120.6259002685547 23.77558135986328),120.62590026855469,23.77558135986328,03F2535N,0000300125300P,000030,國道3號,0,N,斗六,南雲,253K+500,4,P,10009,雲林縣,Yunlin County
POINT (120.5325088500977 23.60679244995117),120.53250885009766,23.606792449951172,03F2777N,0000300127800P,000030,國道3號,0,N,梅山,古坑服務區,277K+700,4,P,10009,雲林縣,Yunlin County
POINT (121.5577392578125 25.07275009155273),121.5577392578125,25.072750091552734,01H0206S,00001A0002000A,00001A,國道1號汐止五股高架道路,0,S,堤頂,環北,20K+600,6,A,63000,臺北市,Taipei City
POINT (120.3366241455078 22.61911582946777),120.33662414550781,22.619115829467773,01F3686S,0000100036900E,000010,國道1號,0,S,高雄(中正、三多路),瑞隆路南下出口匝道,368K+600,15,E,64000,高雄市,Kaohsiung City
POINT (121.5959777832031 25.00743675231934),121.59597778320312,25.007436752319336,03F0201S,0000300001990F,000030,國道3號,0,S,南港系統(連接國五),木柵(連接國3甲),20K+100,7,F,65000,新北市,New Taipei City
POINT (120.5325088500977 23.60679244995117),120.53250885009766,23.606792449951172,03F2777S,0000300027800P,000030,國道3號,0,S,古坑服務區,梅山,277K+700,4,P,10009,雲林縣,Yunlin County
POINT (120.6259002685547 23.77558135986328),120.62590026855469,23.77558135986328,03F2535S,0000300025300P,000030,國道3號,0,S,南雲,斗六,253K+500,4,P,10009,雲林縣,Yunlin County
POINT (120.5681304931641 24.11357116699219),120.56813049316406,24.113571166992188,01F1906S,0000100019060B,000010,國道1號,0,S,王田,彰化系統(連接國3),190K+600,8,B,66000,臺中市,Taichung City
POINT (120.2530212402344 23.05131149291992),120.25302124023438,23.051311492919922,01F3185N,0000100131840D,000010,國道1號,0,N,永康,台南系統(連接國8),318K+500,9,D,67000,臺南市,Tainan City
POINT (121.5963821411133 25.00737571716309),121.59638214111328,25.007375717163086,03F0201N,0000300102000F,000030,國道3號,0,N,木柵(連接國3甲),南港系統(連接國五)&南深路出口匝道,20K+100,7,F,65000,新北市,New Taipei City
POINT (121.6434707641602 25.06561088562012),121.64347076416016,25.065610885620117,03F0116S,0000300001160F,000030,國道3號,0,S,汐止系統(連接國1),新台五路,11K+600,7,F,65000,新北市,New Taipei City
POINT (121.5860366821289 25.00386428833008),121.5860366821289,25.003864288330078,03A0041N,0000310100410A,000031,國道3甲,0,N,木柵(連接國3),萬芳(動物園、信義快),4K+100,6,A,63000,臺北市,Taipei City
POINT (121.1769180297852 24.92954444885254),121.17691802978516,24.92954444885254,01F0664S,0000100006600H,000010,國道1號,0,S,平鎮系統(連接台66),幼獅,66K+400,10,H,68000,桃園市,Taoyuan City
POINT (120.4055862426758 23.5267391204834),120.40558624267578,23.5267391204834,01F2603S,0000100026000Q,000010,國道1號,0,S,民雄,嘉義,260K+300,13,Q,10010,嘉義縣,Chiayi County
POINT (120.2530212402344 23.05131149291992),120.25302124023438,23.051311492919922,01F3185S,0000100031900D,000010,國道1號,0,S,台南系統(連接國8),永康,318K+500,9,D,67000,臺南市,Tainan City
POINT (120.5630874633789 22.68277549743652),120.5630874633789,22.682775497436523,03F4018S,0000300040200T,000030,國道3號,0,S,長治,麟洛,401K+800,21,T,10013,屏東縣,Pingtung County
POINT (120.2657699584961 23.2725887298584),120.2657699584961,23.2725887298584,01F2930S,0000100029300D,000010,國道1號,0,S,新營,下營系統(連接台84),293K+000,9,D,67000,臺南市,Tainan City
POINT (120.4055862426758 23.5267391204834),120.40558624267578,23.5267391204834,01F2603N,0000100126000Q,000010,國道1號,0,N,嘉義,民雄,260K+300,13,Q,10010,嘉義縣,Chiayi County
POINT (121.6535568237305 25.08999443054199),121.65355682373047,25.089994430541992,03F0087S,0000300000870F,000030,國道3號,0,S,瑪東系統(連接台62),汐止系統(連接國1),8K+700,7,F,65000,新北市,New Taipei City
POINT (120.4418411254883 22.76919746398926),120.44184112548828,22.769197463989258,03F3854N,0000300138600E,000030,國道3號,0,N,九如,燕巢系統(連接國10),385K+400,15,E,64000,高雄市,Kaohsiung City
POINT (120.5787506103516 24.10252571105957),120.57875061035156,24.10252571105957,03F1992N,0000300119900N,000030,國道3號,0,N,快官(連接台74),彰化系統(連接國1),199K+200,2,N,10007,彰化縣,Changhua County
POINT (121.6247177124023 25.03503608703613),121.62471771240234,25.035036087036133,05F0001N,0000500100000A,000050,國道5號,0,N,石碇,南港系統(連接國3),0K+100,6,A,63000,臺北市,Taipei City
POINT (120.2657699584961 23.2725887298584),120.2657699584961,23.2725887298584,01F2930N,0000100129300D,000010,國道1號,0,N,下營系統(連接台84),新營,293K+000,9,D,67000,臺南市,Tainan City
POINT (120.4418411254883 22.76919746398926),120.44184112548828,22.769197463989258,03F3854S,0000300038600E,000030,國道3號,0,S,燕巢系統(連接國10),九如,385K+400,15,E,64000,高雄市,Kaohsiung City
POINT (121.1769180297852 24.92954444885254),121.17691802978516,24.92954444885254,01F0664N,0000100106600H,000010,國道1號,0,N,幼獅,平鎮系統(連接台66),66K+400,10,H,68000,桃園市,Taoyuan City
POINT (120.7819061279297 24.48591995239258),120.78190612792969,24.485919952392578,01F1389N,0000100113800K,000010,國道1號,0,N,銅鑼,苗栗,138K+900,11,K,10005,苗栗縣,Miaoli County
POINT (121.7820205688477 24.73378944396973),121.78202056884766,24.733789443969727,05FR113S,0000501005010G,000050,國道5號,0,S,宜蘭(四城、大福),宜蘭(壯圍),11K+300,1,G,10002,宜蘭縣,Yilan County
POINT (121.3320693969727 25.05924224853516),121.33206939697266,25.059242248535156,01H0447N,00001B0104400H,00001B,國道1號五股楊梅高架道路,0,N,機場系統(連接國2),高公局,44K+700,10,H,68000,桃園市,Taoyuan City
POINT (120.8600845336914 24.69800567626953),120.8600845336914,24.69800567626953,03F1161N,0000300111600K,000030,國道3號,0,N,竹南,西濱(連接台61),116K+100,11,K,10005,苗栗縣,Miaoli County
POINT (121.3318557739258 25.06012535095215),121.33185577392578,25.06012535095215,01H0447S,00001B0004400H,00001B,國道1號五股楊梅高架道路,0,S,高公局,機場系統(連接國2),44K+700,10,H,68000,桃園市,Taoyuan City
POINT (120.8600845336914 24.69800567626953),120.8600845336914,24.69800567626953,03F1161S,0000300011600K,000030,國道3號,0,S,西濱(連接台61),竹南,116K+100,11,K,10005,苗栗縣,Miaoli County
POINT (120.9042663574219 24.67931747436523),120.90426635742188,24.679317474365234,01F1123S,0000100011200K,000010,國道1號,0,S,頭份,頭屋,112K+300,11,K,10005,苗栗縣,Miaoli County
POINT (120.7819061279297 24.48591995239258),120.78190612792969,24.485919952392578,01F1389S,0000100013800K,000010,國道1號,0,S,苗栗,銅鑼,138K+900,11,K,10005,苗栗縣,Miaoli County
POINT (120.9042663574219 24.67931747436523),120.90426635742188,24.679317474365234,01F1123N,0000100111200K,000010,國道1號,0,N,頭屋,頭份,112K+300,11,K,10005,苗栗縣,Miaoli County
POINT (120.5908050537109 24.26946449279785),120.59080505371094,24.26946449279785,03F1739S,0000300017400B,000030,國道3號,0,S,清水服務區,沙鹿,173K+900,8,B,66000,臺中市,Taichung City
POINT (121.2332000732422 24.98441314697266),121.23320007324219,24.984413146972656,01F0578S,0000100005750H,000010,國道1號,0,S,內壢,中壢,57K+800,10,H,68000,桃園市,Taoyuan City
POINT (121.1597595214844 24.90329742431641),121.15975952148438,24.903297424316406,01F0699S,0000100006970H,000010,國道1號,0,S,楊梅,校前路,69K+900,10,H,68000,桃園市,Taoyuan City
POINT (121.7863464355469 24.82365608215332),121.78634643554688,24.82365608215332,05F0309N,0000500103100G,000050,國道5號,0,N,宜蘭(四城、大福),頭城,30K+900,1,G,10002,宜蘭縣,Yilan County
POINT (120.5313873291016 22.47746467590332),120.53138732910156,22.47746467590332,03F4259N,0000300142600T,000030,國道3號,0,N,林邊(大鵬灣端),南州,425K+900,21,T,10013,屏東縣,Pingtung County
POINT (121.7863464355469 24.82365608215332),121.78634643554688,24.82365608215332,05F0309S,0000500003100G,000050,國道5號,0,S,頭城,宜蘭(四城、大福),30K+900,1,G,10002,宜蘭縣,Yilan County
POINT (121.1597595214844 24.90329742431641),121.15975952148438,24.903297424316406,01F0699N,0000100106960H,000010,國道1號,0,N,校前路,楊梅,69K+900,10,H,68000,桃園市,Taoyuan City
POINT (120.5729141235352 23.64927864074707),120.57291412353516,23.64927864074707,03F2709N,0000300127100P,000030,國道3號,0,N,古坑(朝陽路),古坑(文化路)&古坑系統(連接台78),270K+900,4,P,10009,雲林縣,Yunlin County
POINT (121.2325286865234 24.98409461975098),121.23252868652344,24.984094619750977,01H0579S,00001B0005700H,00001B,國道1號五股楊梅高架道路,0,S,機場系統(連接國2),中壢,57K+900,10,H,68000,桃園市,Taoyuan City
POINT (120.7208480834961 24.33914756774902),120.7208480834961,24.339147567749023,01F1572N,0000100115700B,000010,國道1號,0,N,后里,三義,157K+200,8,B,66000,臺中市,Taichung City
POINT (120.3362197875977 22.6278190612793),120.33621978759766,22.627819061279297,01F3676N,0000100136800E,000010,國道1號,0,N,高雄(中正、三多路),高雄(九如、建國路),367K+600,15,E,64000,高雄市,Kaohsiung City
POINT (120.3251724243164 23.04020309448242),120.3251724243164,23.040203094482422,03F3496S,0000300035000D,000030,國道3號,0,S,新化系統(連接國8),關廟(連接台86),349K+600,9,D,67000,臺南市,Tainan City
POINT (121.2329788208008 24.98366737365723),121.23297882080078,24.983667373657227,01H0579N,00001B0105700H,00001B,國道1號五股楊梅高架道路,0,N,中壢,機場系統(連接國2),57K+900,10,H,68000,桃園市,Taoyuan City
POINT (120.7208480834961 24.33914756774902),120.7208480834961,24.339147567749023,01F1572S,0000100015700B,000010,國道1號,0,S,三義,后里,157K+200,8,B,66000,臺中市,Taichung City
POINT (120.3362197875977 22.6278190612793),120.33621978759766,22.627819061279297,01F3676S,0000100036800E,000010,國道1號,0,S,高雄(九如、建國路),高雄(中正、三多路),367K+600,15,E,64000,高雄市,Kaohsiung City
POINT (120.3320846557617 22.65889167785645),120.33208465576172,22.658891677856445,01F3640S,0000100036400E,000010,國道1號,0,S,鼎金系統(連接國10、大中路),高雄(九如、建國路),364K+000,15,E,64000,高雄市,Kaohsiung City
POINT (121.5987319946289 25.06400680541992),121.5987319946289,25.064006805419922,01H0163S,00001A0001600A,00001A,國道1號汐止五股高架道路,0,S,汐止&汐止系統(連接國1平面),堤頂,16K+300,6,A,63000,臺北市,Taipei City
POINT (120.3320846557617 22.65889167785645),120.33208465576172,22.658891677856445,01F3640N,0000100136400E,000010,國道1號,0,N,高雄(九如、建國路),鼎金系統(連接國10、大中路),364K+000,15,E,64000,高雄市,Kaohsiung City
POINT (120.6631622314453 24.01894378662109),120.66316223144531,24.018943786621094,03F2153N,0000300121510N,000030,國道3號,0,N,草屯,霧峰系統(連接國6),215K+300,2,N,10007,彰化縣,Changhua County
POINT (120.4848785400391 23.83056831359863),120.48487854003906,23.830568313598633,01F2249N,0000100122500N,000010,國道1號,0,N,西螺,北斗,224K+900,2,N,10007,彰化縣,Changhua County
POINT (120.3615646362305 23.43636703491211),120.36156463623047,23.43636703491211,01F2714S,0000100027110Q,000010,國道1號,0,S,水上,嘉義系統(連接台82),271K+400,13,Q,10010,嘉義縣,Chiayi County
POINT (121.8069610595703 24.63272857666016),121.80696105957031,24.632728576660156,05F0528N,0000500105300G,000050,國道5號,0,N,蘇澳,羅東,52K+800,1,G,10002,宜蘭縣,Yilan County
POINT (121.0190277099609 24.84871864318848),121.01902770996094,24.848718643188477,01F0880N,0000100108800J,000010,國道1號,0,N,竹北,湖口,88K+000,20,J,10004,新竹縣,Hsinchu County
POINT (120.3554611206055 23.20327568054199),120.35546112060547,23.203275680541992,03F3307N,0000300133100D,000030,國道3號,0,N,官田系統(連接台84),烏山頭,330K+700,9,D,67000,臺南市,Tainan City
POINT (121.0190277099609 24.84871864318848),121.01902770996094,24.848718643188477,01F0880S,0000100008800J,000010,國道1號,0,S,湖口,竹北,88K+000,20,J,10004,新竹縣,Hsinchu County
POINT (120.8382415771484 24.65596389770508),120.83824157714844,24.655963897705078,03F1215N,0000300112100K,000030,國道3號,0,N,大山,竹南,121K+500,11,K,10005,苗栗縣,Miaoli County
POINT (120.3615646362305 23.43636703491211),120.36156463623047,23.43636703491211,01F2714N,0000100127110Q,000010,國道1號,0,N,嘉義系統(連接台82),水上,271K+400,13,Q,10010,嘉義縣,Chiayi County
POINT (120.4693450927734 23.76632881164551),120.46934509277344,23.766328811645508,01F2322S,0000100023200P,000010,國道1號,0,S,西螺,虎尾(斗六聯絡道),232K+200,4,P,10009,雲林縣,Yunlin County
POINT (120.8382415771484 24.65596389770508),120.83824157714844,24.655963897705078,03F1215S,0000300012100K,000030,國道3號,0,S,竹南,大山,121K+500,11,K,10005,苗栗縣,Miaoli County
POINT (120.3554611206055 23.20327568054199),120.35546112060547,23.203275680541992,03F3307S,0000300033100D,000030,國道3號,0,S,烏山頭,官田系統(連接台84),330K+700,9,D,67000,臺南市,Tainan City
POINT (120.3854293823242 22.84512138366699),120.38542938232422,22.845121383666992,03F3743N,0000300137400E,000030,國道3號,0,N,燕巢系統(連接國10),田寮,374K+300,15,E,64000,高雄市,Kaohsiung City
POINT (120.6355743408203 24.33471870422363),120.63557434082031,24.334718704223633,03F1651S,0000300016500B,000030,國道3號,0,S,大甲,中港系統(連接國4),165K+100,8,B,66000,臺中市,Taichung City
POINT (120.4848785400391 23.83056831359863),120.48487854003906,23.830568313598633,01F2249S,0000100022500N,000010,國道1號,0,S,北斗,西螺,224K+900,2,N,10007,彰化縣,Changhua County
POINT (120.3854293823242 22.84512138366699),120.38542938232422,22.845121383666992,03F3743S,0000300037400E,000030,國道3號,0,S,田寮,燕巢系統(連接國10),374K+300,15,E,64000,高雄市,Kaohsiung City
POINT (120.4693450927734 23.76632881164551),120.46934509277344,23.766328811645508,01F2322N,0000100123200P,000010,國道1號,0,N,虎尾(斗六聯絡道),西螺,232K+200,4,P,10009,雲林縣,Yunlin County
POINT (120.3251724243164 23.04020309448242),120.3251724243164,23.040203094482422,03F3496N,0000300135000D,000030,國道3號,0,N,關廟(連接台86),新化系統(連接國8),349K+600,9,D,67000,臺南市,Tainan City
POINT (120.6355743408203 24.33471870422363),120.63557434082031,24.334718704223633,03F1651N,0000300116520B,000030,國道3號,0,N,中港系統(連接國4),大甲,165K+100,8,B,66000,臺中市,Taichung City
POINT (120.3231506347656 22.58193206787109),120.32315063476562,22.581932067871094,01F3736S,0000101076030E,000010,國道1號,0,S,高雄端(中山四路),高雄端(新生路),373K+600,15,E,64000,高雄市,Kaohsiung City
POINT (121.5305709838867 24.96254920959473),121.53057098388672,24.962549209594727,03F0301N,0000300103000F,000030,國道3號,0,N,安坑(中央、安康路),新店(中興路),30K+100,7,F,65000,新北市,New Taipei City
POINT (120.9722671508789 24.75791358947754),120.9722671508789,24.75791358947754,03F1022S,0000300010200J,000030,國道3號,0,S,新竹系統(連接國1),茄苳,102K+200,20,J,10004,新竹縣,Hsinchu County
POINT (120.2476806640625 23.10481643676758),120.2476806640625,23.104816436767578,01F3126N,0000100131220D,000010,國道1號,0,N,台南系統(連接國8),安定,312K+600,9,D,67000,臺南市,Tainan City
POINT (120.3231506347656 22.58193206787109),120.32315063476562,22.581932067871094,01F3736N,0000101176100E,000010,國道1號,0,N,高雄端(新生路),高雄端(中山四路),373K+600,15,E,64000,高雄市,Kaohsiung City
POINT (121.6817855834961 25.10374641418457),121.6817855834961,25.10374641418457,03F0054N,0000300100520C,000030,國道3號,0,N,汐止系統(連接國1),瑪東系統(連接台62),5K+400,5,C,10017,基隆市,Keelung City
POINT (121.4940185546875 25.07525634765625),121.4940185546875,25.07525634765625,01H0271N,00001A0102700F,00001A,國道1號汐止五股高架道路,0,N,五股(高架),環北,27K+100,7,F,65000,新北市,New Taipei City
POINT (121.5305709838867 24.96254920959473),121.53057098388672,24.962549209594727,03F0301S,0000300003000F,000030,國道3號,0,S,新店(中興路),安坑(中央、安康路),30K+100,7,F,65000,新北市,New Taipei City
POINT (121.5880432128906 25.06554412841797),121.58804321289062,25.06554412841797,01H0174N,00001A0101700A,00001A,國道1號汐止五股高架道路,0,N,堤頂,汐止&汐止系統(連接國1平面),17K+400,6,A,63000,臺北市,Taipei City
POINT (121.5023803710938 24.9788818359375),121.50238037109375,24.9788818359375,03F0337S,0000300003310F,000030,國道3號,0,S,安坑(中央、安康路),中和(連接台64),33K+700,7,F,65000,新北市,New Taipei City
POINT (120.6715316772461 24.06042861938477),120.6715316772461,24.060428619384766,03F2100N,0000300121000B,000030,國道3號,0,N,霧峰(台3線、太平-台74),中投(連接台63),210K+000,8,B,66000,臺中市,Taichung City
POINT (120.2476806640625 23.10481643676758),120.2476806640625,23.104816436767578,01F3126S,0000100031300D,000010,國道1號,0,S,安定,台南系統(連接國8),312K+600,9,D,67000,臺南市,Tainan City
POINT (120.6709671020508 24.06065368652344),120.67096710205078,24.060653686523438,03F2100S,0000300021000B,000030,國道3號,0,S,中投(連接台63),霧峰(台3線、太平-台74),210K+000,8,B,66000,臺中市,Taichung City
POINT (121.1955947875977 24.94928169250488),121.19559478759766,24.949281692504883,01F0633S,0000100006300H,000010,國道1號,0,S,中壢,平鎮系統(連接台66),63K+300,10,H,68000,桃園市,Taoyuan City
POINT (120.3401641845703 22.96975708007812),120.34016418457031,22.969757080078125,03F3588N,0000300135900D,000030,國道3號,0,N,關廟服務區,關廟(連接台86),358K+800,9,D,67000,臺南市,Tainan City
POINT (121.1955947875977 24.94928169250488),121.19559478759766,24.949281692504883,01F0633N,0000100106300H,000010,國道1號,0,N,平鎮系統(連接台66),中壢,63K+300,10,H,68000,桃園市,Taoyuan City
POINT (121.2116165161133 24.96587753295898),121.21161651611328,24.965877532958984,01H0608N,00001B0106020H,00001B,國道1號五股楊梅高架道路,0,N,校前路,中壢,60K+800,10,H,68000,桃園市,Taoyuan City
POINT (120.9722671508789 24.75791358947754),120.9722671508789,24.75791358947754,03F1022N,0000300110200J,000030,國道3號,0,N,茄苳,新竹系統(連接國1),102K+200,20,J,10004,新竹縣,Hsinchu County
POINT (120.3401641845703 22.96975708007812),120.34016418457031,22.969757080078125,03F3588S,0000300035900D,000030,國道3號,0,S,關廟(連接台86),關廟服務區,358K+800,9,D,67000,臺南市,Tainan City
POINT (121.4126815795898 24.95050239562988),121.41268157958984,24.950502395629883,03F0447N,0000300104400F,000030,國道3號,0,N,樹林,土城(連接台65),44K+700,7,F,65000,新北市,New Taipei City
POINT (121.0103073120117 24.80845260620117),121.01030731201172,24.808452606201172,01F0928S,0000100009240O,000010,國道1號,0,S,竹北,新竹(光復路),92K+800,19,O,10018,新竹市,Hsinchu City
POINT (121.0103073120117 24.80845260620117),121.01030731201172,24.808452606201172,01F0928N,0000100109240O,000010,國道1號,0,N,新竹(光復路),竹北,92K+800,19,O,10018,新竹市,Hsinchu City
POINT (121.5933685302734 24.99374389648438),121.59336853027344,24.993743896484375,03F0217N,0000300102160A,000030,國道3號,0,N,新店(中興路),木柵(連接國3甲),21K+700,6,A,63000,臺北市,Taipei City
POINT (121.5017471313477 24.97858619689941),121.50174713134766,24.978586196899414,03F0338N,0000300103320F,000030,國道3號,0,N,中和(連接台64),安坑(中央、安康路),33K+800,7,F,65000,新北市,New Taipei City
POINT (120.9518966674805 24.72713088989258),120.95189666748047,24.727130889892578,01F1045S,0000100010400J,000010,國道1號,0,S,新竹系統(連接國3),頭份,104K+500,20,J,10004,新竹縣,Hsinchu County
POINT (121.4549255371094 24.97524642944336),121.45492553710938,24.97524642944336,03F0394N,0000300103900F,000030,國道3號,0,N,土城(連接台65),中和(連接台64),39K+400,7,F,65000,新北市,New Taipei City
POINT (121.6281585693359 25.05031967163086),121.62815856933594,25.05031967163086,03F0140N,0000300101400F,000030,國道3號,0,N,南港(連接環東大道),新台五路,14K+000,7,F,65000,新北市,New Taipei City
POINT (121.5929336547852 24.99356651306152),121.59293365478516,24.993566513061523,03F0217S,0000300002110A,000030,國道3號,0,S,木柵(連接國3甲),新店(中興路),21K+700,6,A,63000,臺北市,Taipei City
POINT (120.9518966674805 24.72713088989258),120.95189666748047,24.727130889892578,01F1045N,0000100110400J,000010,國道1號,0,N,頭份,新竹系統(連接國3),104K+500,20,J,10004,新竹縣,Hsinchu County
POINT (121.4126815795898 24.95050239562988),121.41268157958984,24.950502395629883,03F0447S,0000300004400F,000030,國道3號,0,S,土城(連接台65),樹林,44K+700,7,F,65000,新北市,New Taipei City
POINT (121.6059036254883 25.06475257873535),121.60590362548828,25.06475257873535,01F0155N,0000100101550A,000010,國道1號,0,N,內湖(南京東、成功路),東湖,15K+500,6,A,63000,臺北市,Taipei City
POINT (121.2817306518555 25.02595329284668),121.28173065185547,25.02595329284668,01F0511S,0000100005100H,000010,國道1號,0,S,桃園,機場系統(連接國2),51K+100,10,H,68000,桃園市,Taoyuan City
POINT (120.6515655517578 24.34111976623535),120.65156555175781,24.34111976623535,03F1633N,0000300116300B,000030,國道3號,0,N,大甲,苑裡,163K+300,8,B,66000,臺中市,Taichung City
POINT (121.6059036254883 25.06475257873535),121.60590362548828,25.06475257873535,01F0155S,0000100001530A,000010,國道1號,0,S,東湖,內湖(南京東、成功路),15K+500,6,A,63000,臺北市,Taipei City
POINT (120.435417175293 23.60198974609375),120.43541717529297,23.60198974609375,01F2514N,0000100125100Q,000010,國道1號,0,N,民雄,大林,251K+400,13,Q,10010,嘉義縣,Chiayi County
POINT (120.3337631225586 22.72895622253418),120.3337631225586,22.72895622253418,01F3561S,0000100035600E,000010,國道1號,0,S,楠梓(旗楠路),楠梓(鳳楠路),356K+100,15,E,64000,高雄市,Kaohsiung City
POINT (121.5013885498047 25.07746315002441),121.50138854980469,25.077463150024414,01F0264S,0000100002610F,000010,國道1號,0,S,台北(重慶北、士林),三重,26K+400,7,F,65000,新北市,New Taipei City
POINT (121.4549255371094 24.97524642944336),121.45492553710938,24.97524642944336,03F0394S,0000300003900F,000030,國道3號,0,S,中和(連接台64),土城(連接台65),39K+400,7,F,65000,新北市,New Taipei City
POINT (121.2817306518555 25.02595329284668),121.28173065185547,25.02595329284668,01F0511N,0000100105100H,000010,國道1號,0,N,機場系統(連接國2),桃園,51K+100,10,H,68000,桃園市,Taoyuan City
POINT (120.435417175293 23.60198974609375),120.43541717529297,23.60198974609375,01F2514S,0000100025110Q,000010,國道1號,0,S,大林,民雄,251K+400,13,Q,10010,嘉義縣,Chiayi County
POINT (120.6515655517578 24.34111976623535),120.65156555175781,24.34111976623535,03F1633S,0000300016300B,000030,國道3號,0,S,苑裡,大甲,163K+300,8,B,66000,臺中市,Taichung City
POINT (121.2085800170898 24.85655784606934),121.20858001708984,24.856557846069336,03F0698N,0000300106900H,000030,國道3號,0,N,關西服務區,龍潭,69K+800,10,H,68000,桃園市,Taoyuan City
POINT (120.7332534790039 24.53112411499023),120.7332534790039,24.531124114990234,03F1395S,0000300013900K,000030,國道3號,0,S,西湖服務區,通霄,139K+500,11,K,10005,苗栗縣,Miaoli County
POINT (120.3673782348633 23.24499320983887),120.36737823486328,23.244993209838867,03F3259S,0000300032600D,000030,國道3號,0,S,柳營,烏山頭,325K+900,9,D,67000,臺南市,Tainan City
POINT (120.390251159668 23.27928161621094),120.39025115966797,23.279281616210938,03F3211N,0000300132120D,000030,國道3號,0,N,柳營,東山服務區,321K+100,9,D,67000,臺南市,Tainan City
POINT (120.2364196777344 23.19728660583496),120.23641967773438,23.19728660583496,01F3019N,0000100130200D,000010,國道1號,0,N,麻豆,下營系統(連接台84),301K+900,9,D,67000,臺南市,Tainan City
POINT (120.3673782348633 23.24499320983887),120.36737823486328,23.244993209838867,03F3259N,0000300132600D,000030,國道3號,0,N,烏山頭,柳營,325K+900,9,D,67000,臺南市,Tainan City
POINT (121.1791305541992 24.79733848571777),121.17913055419922,24.797338485717773,03F0783S,0000300007800J,000030,國道3號,0,S,關西服務區,關西,78K+300,20,J,10004,新竹縣,Hsinchu County
POINT (120.2364196777344 23.19728660583496),120.23641967773438,23.19728660583496,01F3019S,0000100030200D,000010,國道1號,0,S,下營系統(連接台84),麻豆,301K+900,9,D,67000,臺南市,Tainan City
POINT (121.4332809448242 25.06872749328613),121.43328094482422,25.068727493286133,01H0334S,00001B0003300F,00001B,國道1號五股楊梅高架道路,0,S,五股(高架),高公局,33K+400,7,F,65000,新北市,New Taipei City
POINT (121.2085800170898 24.85655784606934),121.20858001708984,24.856557846069336,03F0698S,0000300006900H,000030,國道3號,0,S,龍潭,關西服務區,69K+800,10,H,68000,桃園市,Taoyuan City
POINT (120.6576156616211 23.95710372924805),120.6576156616211,23.957103729248047,03F2231N,0000300122300M,000030,國道3號,0,N,中興,中興系統(台76-八卦山隧道),223K+100,3,M,10008,南投縣,Nantou County
POINT (121.1791305541992 24.79733848571777),121.17913055419922,24.797338485717773,03F0783N,0000300107810J,000030,國道3號,0,N,關西,關西服務區,78K+300,20,J,10004,新竹縣,Hsinchu County
POINT (121.3635635375977 25.06496810913086),121.36356353759766,25.06496810913086,01F0413S,0000100004110F,000010,國道1號,0,S,林口(文化一路),林口(文化北路),41K+300,7,F,65000,新北市,New Taipei City
POINT (120.2987060546875 23.32099342346191),120.2987060546875,23.320993423461914,01F2866N,0000100128600D,000010,國道1號,0,N,新營,新營服務區,286K+600,9,D,67000,臺南市,Tainan City
POINT (120.5482406616211 24.17783164978027),120.5482406616211,24.177831649780273,03F1860S,0000300018600B,000030,國道3號,0,S,龍井,和美,186K+000,8,B,66000,臺中市,Taichung City
POINT (121.3635635375977 25.06496810913086),121.36356353759766,25.06496810913086,01F0413N,0000100104100H,000010,國道1號,0,N,林口(文化北路),林口(文化一路),41K+300,7,F,65000,新北市,New Taipei City
POINT (120.5482406616211 24.17783164978027),120.5482406616211,24.177831649780273,03F1860N,0000300118600B,000030,國道3號,0,N,和美,龍井,186K+000,8,B,66000,臺中市,Taichung City
POINT (120.7332534790039 24.53112411499023),120.7332534790039,24.531124114990234,03F1395N,0000300113900K,000030,國道3號,0,N,通霄,西湖服務區,139K+500,11,K,10005,苗栗縣,Miaoli County
POINT (120.390251159668 23.27928161621094),120.39025115966797,23.279281616210938,03F3211S,0000300032120D,000030,國道3號,0,S,東山服務區,柳營,321K+100,9,D,67000,臺南市,Tainan City
POINT (120.2987060546875 23.32099342346191),120.2987060546875,23.320993423461914,01F2866S,0000100028700D,000010,國道1號,0,S,新營服務區,新營,286K+600,9,D,67000,臺南市,Tainan City
POINT (120.6973266601562 24.30118560791016),120.69732666015625,24.301185607910156,01F1621S,0000100016200B,000010,國道1號,0,S,后里,台中系統(連接國4),162K+100,8,B,66000,臺中市,Taichung City
POINT (120.481201171875 23.44248580932617),120.481201171875,23.442485809326172,03F2985N,0000300129850Q,000030,國道3號,0,N,水上系統(連接台82),中埔,298K+500,13,Q,10010,嘉義縣,Chiayi County
POINT (120.4363555908203 23.36125373840332),120.43635559082031,23.36125373840332,03F3101N,0000300131000D,000030,國道3號,0,N,白河,水上系統(連接台82),310K+100,9,D,67000,臺南市,Tainan City
POINT (120.3547668457031 22.90196990966797),120.35476684570312,22.90196990966797,03F3670S,0000300036700D,000030,國道3號,0,S,關廟服務區,田寮,367K+000,9,D,67000,臺南市,Tainan City
POINT (120.5278472900391 24.08562278747559),120.52784729003906,24.085622787475586,01F1960S,0000100019600N,000010,國道1號,0,S,彰化系統(連接國3),彰化,196K+000,2,N,10007,彰化縣,Changhua County
POINT (121.5625152587891 25.07099342346191),121.56251525878906,25.070993423461914,01H0200N,00001A0102000A,00001A,國道1號汐止五股高架道路,0,N,下塔悠北上出口匝道,堤頂,20K+000,6,A,63000,臺北市,Taipei City
POINT (121.4351348876953 25.06814765930176),121.43513488769531,25.068147659301758,01H0333N,00001B0103310F,00001B,國道1號五股楊梅高架道路,0,N,高公局,五股(高架),33K+300,7,F,65000,新北市,New Taipei City
POINT (120.481201171875 23.44248580932617),120.481201171875,23.442485809326172,03F2985S,0000300029840Q,000030,國道3號,0,S,中埔,水上系統(連接台82),298K+500,13,Q,10010,嘉義縣,Chiayi County
POINT (120.5050582885742 23.55812454223633),120.50505828857422,23.558124542236328,03F2840S,0000300028400Q,000030,國道3號,0,S,梅山,竹崎(竹崎連絡道),284K+000,13,Q,10010,嘉義縣,Chiayi County
POINT (121.6247863769531 25.04238891601562),121.62478637695312,25.042388916015625,03F0150N,0000301105010F,000030,國道3號,0,N,南港系統(連接國五)&南深路出口匝道,南港(連接環東大道),15K+000,7,F,65000,新北市,New Taipei City
POINT (120.3396072387695 22.60942840576172),120.33960723876953,22.60942840576172,01F3696N,0000100137000E,000010,國道1號,0,N,五甲系統(連接台88),高雄(中正、三多路),369K+600,15,E,64000,高雄市,Kaohsiung City
POINT (120.6973266601562 24.30118560791016),120.69732666015625,24.301185607910156,01F1621N,0000100116200B,000010,國道1號,0,N,台中系統(連接國4),后里,162K+100,8,B,66000,臺中市,Taichung City
POINT (120.5278472900391 24.08562278747559),120.52784729003906,24.085622787475586,01F1960N,0000100119600N,000010,國道1號,0,N,彰化,彰化系統(連接國3),196K+000,2,N,10007,彰化縣,Changhua County
POINT (120.5050582885742 23.55812454223633),120.50505828857422,23.558124542236328,03F2840N,0000300128400Q,000030,國道3號,0,N,竹崎(竹崎連絡道),梅山,284K+000,13,Q,10010,嘉義縣,Chiayi County
POINT (121.2477188110352 24.99858283996582),121.24771881103516,24.99858283996582,01F0557N,0000100105540H,000010,國道1號,0,N,內壢,中壢服務區,55K+700,10,H,68000,桃園市,Taoyuan City
POINT (121.4287643432617 25.06823921203613),121.42876434326172,25.068239212036133,01F0339N,0000100103380F,000010,國道1號,0,N,高公局,五股,33K+900,7,F,65000,新北市,New Taipei City
POINT (121.4287643432617 25.06823921203613),121.42876434326172,25.068239212036133,01F0339S,0000100003380F,000010,國道1號,0,S,五股,高公局,33K+900,7,F,65000,新北市,New Taipei City
POINT (121.2477188110352 24.99858283996582),121.24771881103516,24.99858283996582,01F0557S,0000100005550H,000010,國道1號,0,S,中壢服務區,內壢,55K+700,10,H,68000,桃園市,Taoyuan City
POINT (120.4363555908203 23.36125373840332),120.43635559082031,23.36125373840332,03F3101S,0000300031000D,000030,國道3號,0,S,水上系統(連接台82),白河,310K+100,9,D,67000,臺南市,Tainan City
POINT (120.3547668457031 22.90196990966797),120.35476684570312,22.90196990966797,03F3670N,0000300136700D,000030,國道3號,0,N,田寮,關廟服務區,367K+000,9,D,67000,臺南市,Tainan City
POINT (121.3124542236328 24.93022537231445),121.31245422363281,24.930225372314453,03F0559S,0000300005520H,000030,國道3號,0,S,鶯歌系統(連接國2),大溪(連接台66),55K+900,10,H,68000,桃園市,Taoyuan City
POINT (121.3124542236328 24.93022537231445),121.31245422363281,24.930225372314453,03F0559N,0000300105520H,000030,國道3號,0,N,大溪(連接台66),鶯歌系統(連接國2),55K+900,10,H,68000,桃園市,Taoyuan City
POINT (120.5245590209961 22.55718612670898),120.5245590209961,22.557186126708984,03F4168S,0000300041700T,000030,國道3號,0,S,竹田系統(連接台88),崁頂,416K+800,21,T,10013,屏東縣,Pingtung County
POINT (121.1675872802734 24.91796684265137),121.16758728027344,24.917966842651367,01F0681N,0000100106800H,000010,國道1號,0,N,楊梅,幼獅,68K+100,10,H,68000,桃園市,Taoyuan City
POINT (120.5247573852539 22.55740737915039),120.5247573852539,22.55740737915039,03F4168N,0000300141700T,000030,國道3號,0,N,崁頂,竹田系統(連接台88),416K+800,21,T,10013,屏東縣,Pingtung County
POINT (121.2289428710938 24.98055839538574),121.22894287109375,24.980558395385742,01F0584N,0000100105800H,000010,國道1號,0,N,中壢,內壢,58K+400,10,H,68000,桃園市,Taoyuan City
POINT (121.1675872802734 24.91796684265137),121.16758728027344,24.917966842651367,01F0681S,0000100006800H,000010,國道1號,0,S,幼獅,楊梅,68K+100,10,H,68000,桃園市,Taoyuan City
POINT (121.5307006835938 25.07301902770996),121.53070068359375,25.07301902770996,01F0233N,0000101111050A,000010,國道1號,0,N,台北(重慶北、士林),圓山(建國北路),23K+300,6,A,63000,臺北市,Taipei City
POINT (121.7823638916016 24.73396110534668),121.78236389160156,24.73396110534668,05FR143N,0000501105010G,000050,國道5號,0,N,宜蘭(壯圍),宜蘭(四城、大福),14K+300,1,G,10002,宜蘭縣,Yilan County
POINT (120.3308029174805 22.76167106628418),120.33080291748047,22.76167106628418,01F3525N,0000100135300E,000010,國道1號,0,N,楠梓(旗楠路),岡山,352K+500,15,E,64000,高雄市,Kaohsiung City
POINT (120.404167175293 23.29669189453125),120.40416717529297,23.29669189453125,03F3187N,0000300131900D,000030,國道3號,0,N,東山服務區,白河,318K+700,9,D,67000,臺南市,Tainan City
POINT (120.9972686767578 24.75581169128418),120.99726867675781,24.75581169128418,03F0996S,0000300009940J,000030,國道3號,0,S,寶山,新竹系統(連接國1),99K+600,20,J,10004,新竹縣,Hsinchu County
POINT (120.3127288818359 22.81803894042969),120.31272888183594,22.818038940429688,01F3460N,0000100134600E,000010,國道1號,0,N,岡山,高科,346K+000,15,E,64000,高雄市,Kaohsiung City
POINT (120.3308029174805 22.76167106628418),120.33080291748047,22.76167106628418,01F3525S,0000100035300E,000010,國道1號,0,S,岡山,楠梓(旗楠路),352K+500,15,E,64000,高雄市,Kaohsiung City
POINT (120.9972686767578 24.75581169128418),120.99726867675781,24.75581169128418,03F0996N,0000300109940J,000030,國道3號,0,N,新竹系統(連接國1),寶山,99K+600,20,J,10004,新竹縣,Hsinchu County
POINT (120.4622802734375 23.67737579345703),120.4622802734375,23.67737579345703,01F2425N,0000100124200P,000010,國道1號,0,N,雲林系統(連接台78),斗南(158縣道),242K+500,4,P,10009,雲林縣,Yunlin County
POINT (121.6135177612305 25.06564521789551),121.61351776123047,25.065645217895508,01F0147S,0000100001440A,000010,國道1號,0,S,汐止&汐止系統(連接國3),東湖,14K+700,6,A,63000,臺北市,Taipei City
POINT (120.6019668579102 24.29288101196289),120.60196685791016,24.29288101196289,03F1710N,0000300117100B,000030,國道3號,0,N,清水服務區,中港系統(連接國4),171K+000,8,B,66000,臺中市,Taichung City
POINT (120.3127288818359 22.81803894042969),120.31272888183594,22.818038940429688,01F3460S,0000100034600E,000010,國道1號,0,S,高科,岡山,346K+000,15,E,64000,高雄市,Kaohsiung City
POINT (120.8140029907227 24.62716102600098),120.81400299072266,24.627161026000977,03F1257N,0000300112520K,000030,國道3號,0,N,後龍,大山,125K+700,11,K,10005,苗栗縣,Miaoli County
POINT (120.4622802734375 23.67737579345703),120.4622802734375,23.67737579345703,01F2425S,0000100024200P,000010,國道1號,0,S,斗南(158縣道),雲林系統(連接台78),242K+500,4,P,10009,雲林縣,Yunlin County
POINT (120.404167175293 23.29669189453125),120.40416717529297,23.29669189453125,03F3187S,0000300031900D,000030,國道3號,0,S,白河,東山服務區,318K+700,9,D,67000,臺南市,Tainan City
POINT (121.6135177612305 25.06564521789551),121.61351776123047,25.065645217895508,01F0147N,0000100101440A,000010,國道1號,0,N,東湖,汐止&汐止系統(連接國3),14K+700,6,A,63000,臺北市,Taipei City
POINT (121.5091018676758 25.07806587219238),121.50910186767578,25.078065872192383,01F0256N,0000100102520A,000010,國道1號,0,N,三重,台北(重慶北、士林),25K+600,6,A,63000,臺北市,Taipei City
POINT (120.8140029907227 24.62716102600098),120.81400299072266,24.627161026000977,03F1257S,0000300012520K,000030,國道3號,0,S,大山,後龍,125K+700,11,K,10005,苗栗縣,Miaoli County
POINT (120.6019668579102 24.29288101196289),120.60196685791016,24.29288101196289,03F1710S,0000300017100B,000030,國道3號,0,S,中港系統(連接國4),清水服務區,171K+000,8,B,66000,臺中市,Taichung City
POINT (120.3337097167969 23.13206481933594),120.33370971679688,23.132064819335938,03F3392N,0000300133900D,000030,國道3號,0,N,善化,官田系統(連接台84),339K+200,9,D,67000,臺南市,Tainan City
POINT (120.6919555664062 24.26264762878418),120.69195556640625,24.26264762878418,01F1664S,0000100016610B,000010,國道1號,0,S,台中系統(連接國4),豐原,166K+400,8,B,66000,臺中市,Taichung City
POINT (120.3337097167969 23.13206481933594),120.33370971679688,23.132064819335938,03F3392S,0000300033900D,000030,國道3號,0,S,官田系統(連接台84),善化,339K+200,9,D,67000,臺南市,Tainan City
POINT (120.5261611938477 22.57958602905273),120.52616119384766,22.579586029052734,03F4142S,0000300041400T,000030,國道3號,0,S,麟洛,竹田系統(連接台88),414K+200,21,T,10013,屏東縣,Pingtung County
POINT (120.5308456420898 22.47466087341309),120.53084564208984,22.474660873413086,03F4263S,0000300042600T,000030,國道3號,0,S,南州,林邊(大鵬灣端),426K+300,21,T,10013,屏東縣,Pingtung County
POINT (120.6219329833984 24.16370582580566),120.62193298339844,24.163705825805664,01F1802N,0000100118000B,000010,國道1號,0,N,南屯,台中(台灣大道),180K+200,8,B,66000,臺中市,Taichung City
POINT (120.2721481323242 22.89261817932129),120.27214813232422,22.89261817932129,01F3366N,0000100133700E,000010,國道1號,0,N,路竹,仁德系統(連接台86),336K+600,15,E,64000,高雄市,Kaohsiung City
POINT (120.6219329833984 24.16370582580566),120.62193298339844,24.163705825805664,01F1802S,0000100018000B,000010,國道1號,0,S,台中(台灣大道),南屯,180K+200,8,B,66000,臺中市,Taichung City
POINT (120.5633087158203 22.68034744262695),120.56330871582031,22.680347442626953,03F4021N,0000300140200T,000030,國道3號,0,N,麟洛,長治,402K+100,21,T,10013,屏東縣,Pingtung County
POINT (120.2721481323242 22.89261817932129),120.27214813232422,22.89261817932129,01F3366S,0000100033700E,000010,國道1號,0,S,仁德系統(連接台86),路竹,336K+600,15,E,64000,高雄市,Kaohsiung City
POINT (120.5261611938477 22.57958602905273),120.52616119384766,22.579586029052734,03F4142N,0000300141400T,000030,國道3號,0,N,竹田系統(連接台88),麟洛,414K+200,21,T,10013,屏東縣,Pingtung County
POINT (120.6919555664062 24.26264762878418),120.69195556640625,24.26264762878418,01F1664N,0000100116620B,000010,國道1號,0,N,豐原,台中系統(連接國4),166K+400,8,B,66000,臺中市,Taichung City
POINT (120.6612701416016 23.95550346374512),120.66127014160156,23.955503463745117,03F2235S,0000300022340M,000030,國道3號,0,S,中興系統(台76-八卦山隧道),中興,223K+500,3,M,10008,南投縣,Nantou County
POINT (120.652717590332 23.98584365844727),120.65271759033203,23.985843658447266,03F2194N,0000300121900M,000030,國道3號,0,N,中興系統(台76-八卦山隧道),草屯,219K+400,3,M,10008,南投縣,Nantou County
POINT (120.233268737793 23.14075088500977),120.23326873779297,23.140750885009766,01F3083N,0000100130800D,000010,國道1號,0,N,安定,麻豆,308K+300,9,D,67000,臺南市,Tainan City
POINT (120.233268737793 23.14075088500977),120.23326873779297,23.140750885009766,01F3083S,0000100030800D,000010,國道1號,0,S,麻豆,安定,308K+300,9,D,67000,臺南市,Tainan City
POINT (121.3973083496094 25.05866622924805),121.39730834960938,25.058666229248047,01F0376S,0000100003700F,000010,國道1號,0,S,高公局,林口(文化一路),37K+600,7,F,65000,新北市,New Taipei City
POINT (120.6172485351562 24.13076782226562),120.61724853515625,24.130767822265625,01F1839N,0000100118300B,000010,國道1號,0,N,王田,南屯,183K+900,8,B,66000,臺中市,Taichung City
POINT (121.0052490234375 24.78962135314941),121.0052490234375,24.789621353149414,01F0950S,0000100009470O,000010,國道1號,0,S,新竹(光復路),新竹(科學園區),95K+000,19,O,10018,新竹市,Hsinchu City
POINT (120.5933074951172 24.23464775085449),120.59330749511719,24.234647750854492,03F1779N,0000300117700B,000030,國道3號,0,N,龍井,沙鹿,177K+900,8,B,66000,臺中市,Taichung City
POINT (120.652717590332 23.98584365844727),120.65271759033203,23.985843658447266,03F2194S,0000300021900M,000030,國道3號,0,S,草屯,中興系統(台76-八卦山隧道),219K+400,3,M,10008,南投縣,Nantou County
POINT (120.3290328979492 23.08527183532715),120.32903289794922,23.08527183532715,03F3445N,0000300134400D,000030,國道3號,0,N,新化系統(連接國8),善化,344K+500,9,D,67000,臺南市,Tainan City
POINT (120.5933074951172 24.23464775085449),120.59330749511719,24.234647750854492,03F1779S,0000300017700B,000030,國道3號,0,S,沙鹿,龍井,177K+900,8,B,66000,臺中市,Taichung City
POINT (121.3973083496094 25.05866622924805),121.39730834960938,25.058666229248047,01F0376N,0000100103700F,000010,國道1號,0,N,林口(文化一路),高公局,37K+600,7,F,65000,新北市,New Taipei City
POINT (120.3290328979492 23.08527183532715),120.32903289794922,23.08527183532715,03F3445S,0000300034400D,000030,國道3號,0,S,善化,新化系統(連接國8),344K+500,9,D,67000,臺南市,Tainan City
POINT (120.5585632324219 23.61820220947266),120.55856323242188,23.618202209472656,03F2747N,0000300127500P,000030,國道3號,0,N,古坑服務區,古坑(朝陽路),274K+700,4,P,10009,雲林縣,Yunlin County
POINT (120.635612487793 24.18459129333496),120.63561248779297,24.18459129333496,01F1774S,0000100017700B,000010,國道1號,0,S,大雅,台中(台灣大道),177K+400,8,B,66000,臺中市,Taichung City
POINT (121.6520843505859 24.99650382995605),121.65208435058594,24.996503829956055,05F0055S,0000500000500F,000050,國道5號,0,S,石碇,坪林交控專用道,5K+500,7,F,65000,新北市,New Taipei City
POINT (120.5227890014648 24.04063987731934),120.52278900146484,24.040639877319336,01F2011S,0000100020100N,000010,國道1號,0,S,彰化,埔鹽系統(連接台76),201K+100,2,N,10007,彰化縣,Changhua County
POINT (120.6812133789062 24.46730804443359),120.68121337890625,24.467308044433594,03F1485S,0000300014800K,000030,國道3號,0,S,通霄,苑裡,148K+500,11,K,10005,苗栗縣,Miaoli County
POINT (120.4402618408203 23.62915802001953),120.44026184082031,23.62915802001953,01F2483S,0000100024800P,000010,國道1號,0,S,雲林系統(連接台78),大林,248K+300,4,P,10009,雲林縣,Yunlin County
POINT (120.6017837524414 23.72442436218262),120.6017837524414,23.724424362182617,03F2614N,0000300126120P,000030,國道3號,0,N,古坑(文化路)&古坑系統(連接台78),斗六,261K+400,4,P,10009,雲林縣,Yunlin County
POINT (120.6172485351562 24.13076782226562),120.61724853515625,24.130767822265625,01F1839S,0000100018400B,000010,國道1號,0,S,南屯,王田,183K+900,8,B,66000,臺中市,Taichung City
POINT (121.6986312866211 25.12951469421387),121.6986312866211,25.129514694213867,03F0021N,0000300100200C,000030,國道3號,0,N,瑪東系統(連接台62),基金,2K+100,5,C,10017,基隆市,Keelung City
POINT (120.6778564453125 24.04099464416504),120.6778564453125,24.04099464416504,03F2125N,0000300121220B,000030,國道3號,0,N,霧峰系統(連接國6),霧峰(台3線、太平-台74),212K+500,8,B,66000,臺中市,Taichung City
POINT (120.6017837524414 23.72442436218262),120.6017837524414,23.724424362182617,03F2614S,0000300026120P,000030,國道3號,0,S,斗六,古坑(文化路)&古坑系統(連接台78),261K+400,4,P,10009,雲林縣,Yunlin County
POINT (120.5585632324219 23.61820220947266),120.55856323242188,23.618202209472656,03F2747S,0000300027500P,000030,國道3號,0,S,古坑(朝陽路),古坑服務區,274K+700,4,P,10009,雲林縣,Yunlin County
POINT (121.5623779296875 25.01181983947754),121.5623779296875,25.01181983947754,03A0015S,0000310000100A,000031,國道3甲,0,S,台北端,萬芳(動物園、信義快),1K+500,6,A,63000,臺北市,Taipei City
POINT (120.635612487793 24.18459129333496),120.63561248779297,24.18459129333496,01F1774N,0000100117700B,000010,國道1號,0,N,台中(台灣大道),大雅,177K+400,8,B,66000,臺中市,Taichung City
POINT (121.5623779296875 25.01181983947754),121.5623779296875,25.01181983947754,03A0015N,0000310100100A,000031,國道3甲,0,N,萬芳(動物園、信義快),台北端,1K+500,6,A,63000,臺北市,Taipei City
POINT (120.4976501464844 23.91276931762695),120.49765014648438,23.912769317626953,01F2156S,0000100021500N,000010,國道1號,0,S,員林,北斗,215K+600,2,N,10007,彰化縣,Changhua County
POINT (120.4402618408203 23.62915802001953),120.44026184082031,23.62915802001953,01F2483N,0000100124800P,000010,國道1號,0,N,大林,雲林系統(連接台78),248K+300,4,P,10009,雲林縣,Yunlin County
POINT (120.4976501464844 23.91276931762695),120.49765014648438,23.912769317626953,01F2156N,0000100121500N,000010,國道1號,0,N,北斗,員林,215K+600,2,N,10007,彰化縣,Changhua County
POINT (121.6520843505859 24.99650382995605),121.65208435058594,24.996503829956055,05F0055N,0000500100500F,000050,國道5號,0,N,坪林交控專用道,石碇,5K+500,7,F,65000,新北市,New Taipei City
POINT (120.5227890014648 24.04063987731934),120.52278900146484,24.040639877319336,01F2011N,0000100120100N,000010,國道1號,0,N,埔鹽系統(連接台76),彰化,201K+100,2,N,10007,彰化縣,Changhua County
POINT (120.6812133789062 24.46730804443359),120.68121337890625,24.467308044433594,03F1485N,0000300114800K,000030,國道3號,0,N,苑裡,通霄,148K+500,11,K,10005,苗栗縣,Miaoli County
POINT (121.2508392333984 24.87879180908203),121.25083923339844,24.87879180908203,03F0648S,0000300006400H,000030,國道3號,0,S,大溪(連接台66),龍潭,64K+800,10,H,68000,桃園市,Taoyuan City
POINT (120.7045211791992 23.78748512268066),120.70452117919922,23.787485122680664,03F2447N,0000300124430M,000030,國道3號,0,N,南雲,竹山,244K+700,3,M,10008,南投縣,Nantou County
POINT (121.2508392333984 24.87879180908203),121.25083923339844,24.87879180908203,03F0648N,0000300106400H,000030,國道3號,0,N,龍潭,大溪(連接台66),64K+800,10,H,68000,桃園市,Taoyuan City
POINT (120.7045211791992 23.78748512268066),120.70452117919922,23.787485122680664,03F2447S,0000300024400M,000030,國道3號,0,S,竹山,南雲,244K+700,3,M,10008,南投縣,Nantou County
POINT (121.4729614257812 25.07479667663574),121.47296142578125,25.074796676635742,01F0293S,0000100002900F,000010,國道1號,0,S,三重,五股,29K+300,7,F,65000,新北市,New Taipei City
POINT (121.3652725219727 24.94382476806641),121.36527252197266,24.943824768066406,03F0498S,0000300004900F,000030,國道3號,0,S,樹林,三鶯,49K+800,7,F,65000,新北市,New Taipei City
POINT (121.3652725219727 24.94382476806641),121.36527252197266,24.943824768066406,03F0498N,0000300104900F,000030,國道3號,0,N,三鶯,樹林,49K+800,7,F,65000,新北市,New Taipei City
POINT (121.3177642822266 25.04707527160645),121.31776428222656,25.047075271606445,01F0467S,0000100004600H,000010,國道1號,0,S,林口(文化北路),桃園,46K+700,10,H,68000,桃園市,Taoyuan City
POINT (120.6523590087891 24.06777763366699),120.65235900878906,24.067777633666992,03F2079S,0000300020800B,000030,國道3號,0,S,烏日,中投(連接台63),207K+900,8,B,66000,臺中市,Taichung City
POINT (121.659423828125 25.0760440826416),121.659423828125,25.0760440826416,01F0099N,0000100100900F,000010,國道1號,0,N,汐止&汐止系統(連接國3),五堵,9K+900,7,F,65000,新北市,New Taipei City
POINT (120.3281784057617 22.7033634185791),120.32817840576172,22.7033634185791,01F3590S,0000100035900E,000010,國道1號,0,S,楠梓(鳳楠路),鼎金系統(連接國10、大中路),359K+000,15,E,64000,高雄市,Kaohsiung City
POINT (120.4968414306641 22.74979209899902),120.49684143066406,22.749792098999023,03F3916N,0000300139200T,000030,國道3號,0,N,屏東,九如,391K+600,21,T,10013,屏東縣,Pingtung County
POINT (120.3281784057617 22.7033634185791),120.32817840576172,22.7033634185791,01F3590N,0000100135900E,000010,國道1號,0,N,鼎金系統(連接國10、大中路),楠梓(鳳楠路),359K+000,15,E,64000,高雄市,Kaohsiung City
POINT (120.6770401000977 23.93759918212891),120.67704010009766,23.937599182128906,03F2261S,0000300022600M,000030,國道3號,0,S,中興,南投,226K+100,3,M,10008,南投縣,Nantou County
POINT (121.4729614257812 25.07479667663574),121.47296142578125,25.074796676635742,01F0293N,0000100102900F,000010,國道1號,0,N,五股,三重,29K+300,7,F,65000,新北市,New Taipei City
POINT (120.6632232666016 24.01999282836914),120.66322326660156,24.01999282836914,03F2152S,0000300021510N,000030,國道3號,0,S,霧峰系統(連接國6),草屯,215K+200,2,N,10007,彰化縣,Changhua County
POINT (121.6594772338867 25.07626342773438),121.65947723388672,25.076263427734375,01F0099S,0000101006000F,000010,國道1號,0,S,五堵,汐止&汐止系統(連接國3),9K+900,7,F,65000,新北市,New Taipei City
POINT (120.4968414306641 22.74979209899902),120.49684143066406,22.749792098999023,03F3916S,0000300039200T,000030,國道3號,0,S,九如,屏東,391K+600,21,T,10013,屏東縣,Pingtung County
POINT (120.3777008056641 23.46940231323242),120.37770080566406,23.469402313232422,01F2674S,0000100026700Q,000010,國道1號,0,S,嘉義,水上,267K+400,13,Q,10010,嘉義縣,Chiayi County
POINT (120.541130065918 22.70464134216309),120.54113006591797,22.704641342163086,03F3984N,0000300139800T,000030,國道3號,0,N,長治,屏東,398K+400,21,T,10013,屏東縣,Pingtung County
POINT (121.5503616333008 25.07305335998535),121.55036163330078,25.07305335998535,01F0213N,0000100102100A,000010,國道1號,0,N,圓山(建國北路),內湖(南京東、成功路),21K+300,6,A,63000,臺北市,Taipei City
POINT (121.3177642822266 25.04707527160645),121.31776428222656,25.047075271606445,01F0467N,0000100104600H,000010,國道1號,0,N,桃園,林口(文化北路),46K+700,10,H,68000,桃園市,Taoyuan City
POINT (120.3777008056641 23.46940231323242),120.37770080566406,23.469402313232422,01F2674N,0000100126700Q,000010,國道1號,0,N,水上,嘉義,267K+400,13,Q,10010,嘉義縣,Chiayi County
POINT (120.7757339477539 24.42051315307617),120.7757339477539,24.420513153076172,01F1465N,0000100114600K,000010,國道1號,0,N,三義,銅鑼,146K+500,11,K,10005,苗栗縣,Miaoli County
POINT (121.7891845703125 24.84271430969238),121.7891845703125,24.842714309692383,05F0287S,0000500002820G,000050,國道5號,0,S,坪林交控專用道,頭城,28K+700,1,G,10002,宜蘭縣,Yilan County
POINT (120.9456787109375 24.75309371948242),120.9456787109375,24.753093719482422,03F1051N,0000300110500O,000030,國道3號,0,N,香山,茄苳,105K+100,19,O,10018,新竹市,Hsinchu City
POINT (121.0037231445312 24.78394317626953),121.00372314453125,24.78394317626953,01F0956N,0000100109550O,000010,國道1號,0,N,新竹(科學園區),新竹(光復路),95K+600,19,O,10018,新竹市,Hsinchu City
POINT (121.2098693847656 24.96525001525879),121.20986938476562,24.96525001525879,01H0610S,00001B0006020H,00001B,國道1號五股楊梅高架道路,0,S,中壢,校前路,61K+000,10,H,68000,桃園市,Taoyuan City
POINT (120.9456787109375 24.75309371948242),120.9456787109375,24.753093719482422,03F1051S,0000300010500O,000030,國道3號,0,S,茄苳,香山,105K+100,19,O,10018,新竹市,Hsinchu City
POINT (120.4945831298828 23.49207878112793),120.49458312988281,23.49207878112793,03F2923N,0000300129220Q,000030,國道3號,0,N,中埔,竹崎(159縣道),292K+300,13,Q,10010,嘉義縣,Chiayi County
POINT (121.6312789916992 25.05274200439453),121.63127899169922,25.05274200439453,03F0136S,0000300001360F,000030,國道3號,0,S,新台五路,南港(連接環東大道),13K+600,7,F,65000,新北市,New Taipei City
POINT (120.5908050537109 24.26946449279785),120.59080505371094,24.26946449279785,03F1739N,0000300117400B,000030,國道3號,0,N,沙鹿,清水服務區,173K+900,8,B,66000,臺中市,Taichung City
POINT (120.7757339477539 24.42051315307617),120.7757339477539,24.420513153076172,01F1465S,0000100014600K,000010,國道1號,0,S,銅鑼,三義,146K+500,11,K,10005,苗栗縣,Miaoli County
POINT (120.6514358520508 24.06795883178711),120.65143585205078,24.06795883178711,03F2078N,0000300120800B,000030,國道3號,0,N,中投(連接台63),烏日,207K+800,8,B,66000,臺中市,Taichung City
POINT (120.4945831298828 23.49207878112793),120.49458312988281,23.49207878112793,03F2923S,0000300029210Q,000030,國道3號,0,S,竹崎(159縣道),中埔,292K+300,13,Q,10010,嘉義縣,Chiayi County
POINT (120.6397094726562 24.07033348083496),120.63970947265625,24.07033348083496,03F2066N,0000300120600B,000030,國道3號,0,N,烏日,快官(連接台74),206K+600,8,B,66000,臺中市,Taichung City
POINT (120.5257720947266 22.50136756896973),120.52577209472656,22.501367568969727,03F4232S,0000300042300T,000030,國道3號,0,S,崁頂,南州,423K+200,21,T,10013,屏東縣,Pingtung County
POINT (120.2498245239258 22.96090316772461),120.24982452392578,22.96090316772461,01F3286N,0000100132900D,000010,國道1號,0,N,仁德系統(連接台86),仁德,328K+600,9,D,67000,臺南市,Tainan City
POINT (121.5166015625 25.0776309967041),121.5166015625,25.0776309967041,01F0248S,0000100002490A,000010,國道1號,0,S,圓山(建國北路),台北(重慶北、士林),24K+800,6,A,63000,臺北市,Taipei City
POINT (120.6768493652344 23.93792724609375),120.67684936523438,23.93792724609375,03F2260N,0000300122600M,000030,國道3號,0,N,南投,中興,226K+000,3,M,10008,南投縣,Nantou County
POINT (120.2498245239258 22.96090316772461),120.24982452392578,22.96090316772461,01F3286S,0000100032900D,000010,國道1號,0,S,仁德,仁德系統(連接台86),328K+600,9,D,67000,臺南市,Tainan City
POINT (120.6397094726562 24.07033348083496),120.63970947265625,24.07033348083496,03F2066S,0000300020600B,000030,國道3號,0,S,快官(連接台74),烏日,206K+600,8,B,66000,臺中市,Taichung City
POINT (120.5257720947266 22.50136756896973),120.52577209472656,22.501367568969727,03F4232N,0000300142300T,000030,國道3號,0,N,南州,崁頂,423K+200,21,T,10013,屏東縣,Pingtung County
POINT (120.8896408081055 24.71138381958008),120.88964080810547,24.711383819580078,03F1128N,0000300111200K,000030,國道3號,0,N,西濱(連接台61),香山,112K+800,11,K,10005,苗栗縣,Miaoli County
POINT (120.8896408081055 24.71138381958008),120.88964080810547,24.711383819580078,03F1128S,0000300011200K,000030,國道3號,0,S,香山,西濱(連接台61),112K+800,11,K,10005,苗栗縣,Miaoli County
POINT (120.5061187744141 23.97179412841797),120.50611877441406,23.97179412841797,01F2089S,0000100020900N,000010,國道1號,0,S,埔鹽系統(連接台76),員林,208K+900,2,N,10007,彰化縣,Changhua County
POINT (121.7891845703125 24.84271430969238),121.7891845703125,24.842714309692383,05F0287N,0000500102820G,000050,國道5號,0,N,頭城,坪林交控專用道,28K+700,1,G,10002,宜蘭縣,Yilan County
POINT (120.5061187744141 23.97179412841797),120.50611877441406,23.97179412841797,01F2089N,0000100120900N,000010,國道1號,0,N,員林,埔鹽系統(連接台76),208K+900,2,N,10007,彰化縣,Changhua County
POINT (120.5366897583008 24.11901092529297),120.53668975830078,24.11901092529297,03F1944S,0000300019400N,000030,國道3號,0,S,和美,彰化系統(連接國1),194K+400,2,N,10007,彰化縣,Changhua County
POINT (121.7999114990234 24.6625804901123),121.79991149902344,24.662580490112305,05F0494S,0000500004900G,000050,國道5號,0,S,羅東,蘇澳,49K+400,1,G,10002,宜蘭縣,Yilan County
POINT (120.9998931884766 24.76441383361816),120.99989318847656,24.764413833618164,01F0979N,0000100109740J,000010,國道1號,0,N,新竹系統(連接國3),新竹(科學園區),97K+900,20,J,10004,新竹縣,Hsinchu County
POINT (121.0304260253906 24.75844192504883),121.03042602539062,24.758441925048828,03F0961S,0000300009600J,000030,國道3號,0,S,竹林,寶山,96K+100,20,J,10004,新竹縣,Hsinchu County
POINT (121.3419036865234 24.93602561950684),121.34190368652344,24.936025619506836,03F0525N,0000300105200F,000030,國道3號,0,N,鶯歌系統(連接國2),三鶯,52K+500,7,F,65000,新北市,New Taipei City
POINT (120.7091827392578 23.88203048706055),120.70918273925781,23.882030487060547,03F2336N,0000300123300M,000030,國道3號,0,N,名間,南投服務區,233K+600,3,M,10008,南投縣,Nantou County
POINT (120.8389282226562 24.55044174194336),120.83892822265625,24.55044174194336,01F1292N,0000100112900K,000010,國道1號,0,N,苗栗,頭屋,129K+200,11,K,10005,苗栗縣,Miaoli County
POINT (120.6713714599609 24.21295547485352),120.67137145996094,24.212955474853516,01F1725N,0000100117200B,000010,國道1號,0,N,大雅,豐原,172K+500,8,B,66000,臺中市,Taichung City
POINT (120.3221893310547 23.34746932983398),120.32218933105469,23.347469329833984,01F2827N,0000100128300D,000010,國道1號,0,N,新營服務區,嘉義系統(連接台82),282K+700,9,D,67000,臺南市,Tainan City
POINT (120.2849884033203 22.86741828918457),120.28498840332031,22.86741828918457,01F3398N,0000100134000E,000010,國道1號,0,N,高科,路竹,339K+800,15,E,64000,高雄市,Kaohsiung City
POINT (121.6936416625977 25.08827209472656),121.69364166259766,25.088272094726562,01F0061S,0000100000600C,000010,國道1號,0,S,大華系統(連接台62),五堵,6K+100,5,C,10017,基隆市,Keelung City
POINT (121.5802307128906 25.0689868927002),121.58023071289062,25.068986892700195,01F0182S,0000100001800A,000010,國道1號,0,S,內湖(南京東、成功路),圓山(建國北路),18K+200,6,A,63000,臺北市,Taipei City
POINT (120.6713714599609 24.21295547485352),120.67137145996094,24.212955474853516,01F1725S,0000100017200B,000010,國道1號,0,S,豐原,大雅,172K+500,8,B,66000,臺中市,Taichung City
POINT (120.2849884033203 22.86741828918457),120.28498840332031,22.86741828918457,01F3398S,0000100034000E,000010,國道1號,0,S,路竹,高科,339K+800,15,E,64000,高雄市,Kaohsiung City
POINT (120.7091827392578 23.88203048706055),120.70918273925781,23.882030487060547,03F2336S,0000300023300M,000030,國道3號,0,S,南投服務區,名間,233K+600,3,M,10008,南投縣,Nantou County
POINT (121.3419036865234 24.93602561950684),121.34190368652344,24.936025619506836,03F0525S,0000300005200F,000030,國道3號,0,S,三鶯,鶯歌系統(連接國2),52K+500,7,F,65000,新北市,New Taipei City
POINT (121.0304260253906 24.75844192504883),121.03042602539062,24.758441925048828,03F0961N,0000300109600J,000030,國道3號,0,N,寶山,竹林,96K+100,20,J,10004,新竹縣,Hsinchu County
POINT (121.7178573608398 25.10283660888672),121.71785736083984,25.10283660888672,01F0029S,0000100000260C,000010,國道1號,0,S,八堵,大華系統(連接台62),2K+900,5,C,10017,基隆市,Keelung City
POINT (120.5345458984375 24.12094688415527),120.5345458984375,24.120946884155273,03F1941N,0000300119400N,000030,國道3號,0,N,彰化系統(連接國1),和美,194K+100,2,N,10007,彰化縣,Changhua County
POINT (121.7316360473633 25.11831092834473),121.73163604736328,25.118310928344727,01F0005N,0000100100050C,000010,國道1號,0,N,基隆(長庚醫院),基隆端(基隆港),0K+500,5,C,10017,基隆市,Keelung City
POINT (120.8389282226562 24.55044174194336),120.83892822265625,24.55044174194336,01F1292S,0000100012900K,000010,國道1號,0,S,頭屋,苗栗,129K+200,11,K,10005,苗栗縣,Miaoli County
POINT (121.7259063720703 25.10956573486328),121.72590637207031,25.10956573486328,01F0017N,0000100100160C,000010,國道1號,0,N,八堵,基隆(長庚醫院),1K+700,5,C,10017,基隆市,Keelung City
POINT (121.7178573608398 25.10283660888672),121.71785736083984,25.10283660888672,01F0029N,0000100100270C,000010,國道1號,0,N,大華系統(連接台62),八堵,2K+900,5,C,10017,基隆市,Keelung City
POINT (121.6936416625977 25.08827209472656),121.69364166259766,25.088272094726562,01F0061N,0000100100600C,000010,國道1號,0,N,五堵,大華系統(連接台62),6K+100,5,C,10017,基隆市,Keelung City
POINT (121.7894744873047 24.71102714538574),121.78947448730469,24.711027145385742,05F0438N,0000500104400G,000050,國道5號,0,N,羅東,宜蘭(壯圍),43K+800,1,G,10002,宜蘭縣,Yilan County
POINT (121.7317657470703 25.1187858581543),121.73176574707031,25.118785858154297,01F0005S,0000100000040C,000010,國道1號,0,S,基隆端(基隆港),基隆(長庚醫院),0K+500,5,C,10017,基隆市,Keelung City
POINT (121.7259063720703 25.10956573486328),121.72590637207031,25.10956573486328,01F0017S,0000100000130C,000010,國道1號,0,S,基隆(長庚醫院),八堵,1K+700,5,C,10017,基隆市,Keelung City
POINT (120.5393371582031 22.7057991027832),120.53933715820312,22.705799102783203,03F3981S,0000300039800T,000030,國道3號,0,S,屏東,長治,398K+100,21,T,10013,屏東縣,Pingtung County
POINT (120.4749145507812 23.70260238647461),120.47491455078125,23.70260238647461,01F2394S,0000100023900P,000010,國道1號,0,S,虎尾(斗六聯絡道),斗南(158縣道),239K+400,4,P,10009,雲林縣,Yunlin County
POINT (120.3342895507812 22.73090362548828),120.33428955078125,22.73090362548828,01F3559N,0000100135600E,000010,國道1號,0,N,楠梓(鳳楠路),楠梓(旗楠路),355K+900,15,E,64000,高雄市,Kaohsiung City
POINT (121.4606628417969 25.07555389404297),121.46066284179688,25.07555389404297,01H0305S,00001A0003000F,00001A,國道1號汐止五股高架道路,0,S,環北,五股(高架),30K+500,7,F,65000,新北市,New Taipei City
POINT (121.6213836669922 25.03653335571289),121.62138366699219,25.03653335571289,03F0158S,0000300001550A,000030,國道3號,0,S,南港(連接環東大道),南港系統(連接國五),15K+800,6,A,63000,臺北市,Taipei City
POINT (120.6759262084961 24.03741836547852),120.6759262084961,24.037418365478516,03F2129S,0000300021300B,000030,國道3號,0,S,霧峰(台3線、太平-台74),霧峰系統(連接國6),212K+900,8,B,66000,臺中市,Taichung City
POINT (120.248176574707 22.99181365966797),120.24817657470703,22.99181365966797,01F3252N,0000100132500D,000010,國道1號,0,N,仁德,大灣,325K+200,9,D,67000,臺南市,Tainan City
POINT (120.248176574707 22.99181365966797),120.24817657470703,22.99181365966797,01F3252S,0000100032500D,000010,國道1號,0,S,大灣,仁德,325K+200,9,D,67000,臺南市,Tainan City
POINT (120.3221893310547 23.34746932983398),120.32218933105469,23.347469329833984,01F2827S,0000100028300D,000010,國道1號,0,S,嘉義系統(連接台82),新營服務區,282K+700,9,D,67000,臺南市,Tainan City
POINT (120.4749145507812 23.70260238647461),120.47491455078125,23.70260238647461,01F2394N,0000100123900P,000010,國道1號,0,N,斗南(158縣道),虎尾(斗六聯絡道),239K+400,4,P,10009,雲林縣,Yunlin County
POINT (120.7644195556641 24.57964134216309),120.76441955566406,24.579641342163086,03F1332N,0000300113300K,000030,國道3號,0,N,西湖服務區,後龍,133K+200,11,K,10005,苗栗縣,Miaoli County
POINT (121.7894592285156 24.71068382263184),121.78945922851562,24.710683822631836,05F0439S,0000500004400G,000050,國道5號,0,S,宜蘭(壯圍),羅東,43K+900,1,G,10002,宜蘭縣,Yilan County
POINT (120.7644195556641 24.57964134216309),120.76441955566406,24.579641342163086,03F1332S,0000300013300K,000030,國道3號,0,S,後龍,西湖服務區,133K+200,11,K,10005,苗栗縣,Miaoli County
