2021-06-02 08:00,01F0005N,31,1.1,327
2021-06-02 08:00,01F0005N,32,1.1,106
2021-06-02 08:00,01F0005N,41,1.1,9
2021-06-02 08:00,01F0005N,42,1.1,4
2021-06-02 08:00,01F0005N,5,0.0,0
2021-06-02 08:00,01F0005S,31,16.7,902
2021-06-02 08:00,01F0005S,32,15.2,301
2021-06-02 08:00,01F0005S,41,16.9,49
2021-06-02 08:00,01F0005S,42,16.1,19
2021-06-02 08:00,01F0005S,5,0.0,0
2021-06-02 08:00,01F0017N,31,0.0,0
2021-06-02 08:00,01F0017N,32,0.0,0
2021-06-02 08:00,01F0017N,41,0.0,0
2021-06-02 08:00,01F0017N,42,0.0,0
2021-06-02 08:00,01F0017N,5,0.0,0
2021-06-02 08:00,01F0017S,31,21.3,420
2021-06-02 08:00,01F0017S,32,21.6,118
2021-06-02 08:00,01F0017S,41,15.4,18
2021-06-02 08:00,01F0017S,42,34.2,27
2021-06-02 08:00,01F0017S,5,45.2,24
2021-06-02 08:00,01F0029N,31,0.0,0
2021-06-02 08:00,01F0029N,32,0.0,0
2021-06-02 08:00,01F0029N,41,0.0,0
2021-06-02 08:00,01F0029N,42,0.0,0
2021-06-02 08:00,01F0029N,5,0.0,0
2021-06-02 08:00,01F0029S,31,19.7,413
2021-06-02 08:00,01F0029S,32,19.5,144
2021-06-02 08:00,01F0029S,41,13.9,9
2021-06-02 08:00,01F0029S,42,20.1,15
2021-06-02 08:00,01F0029S,5,40.3,36
2021-06-02 08:00,01F0061N,31,4.1,182
2021-06-02 08:00,01F0061N,32,3.7,88
2021-06-02 08:00,01F0061N,41,0.0,0
2021-06-02 08:00,01F0061N,42,2.7,15
2021-06-02 08:00,01F0061N,5,2.0,121
2021-06-02 08:00,01F0061S,31,16.7,721
2021-06-02 08:00,01F0061S,32,19.8,321
2021-06-02 08:00,01F0061S,41,12.5,5
2021-06-02 08:00,01F0061S,42,26.5,97
2021-06-02 08:00,01F0061S,5,41.4,199
2021-06-02 08:00,01F0099N,31,7.6,124
2021-06-02 08:00,01F0099N,32,7.7,49
2021-06-02 08:00,01F0099N,41,5.5,1
2021-06-02 08:00,01F0099N,42,7.0,5
2021-06-02 08:00,01F0099N,5,6.1,7
2021-06-02 08:00,01F0099S,31,18.7,325
2021-06-02 08:00,01F0099S,32,25.1,169
2021-06-02 08:00,01F0099S,41,13.7,4
2021-06-02 08:00,01F0099S,42,36.1,57
2021-06-02 08:00,01F0099S,5,56.2,111
2021-06-02 08:00,01F0147N,31,0.0,0
2021-06-02 08:00,01F0147N,32,0.0,0
2021-06-02 08:00,01F0147N,41,0.0,0
2021-06-02 08:00,01F0147N,42,0.0,0
2021-06-02 08:00,01F0147N,5,0.0,0
2021-06-02 08:00,01F0147S,31,9.7,348
2021-06-02 08:00,01F0147S,32,10.5,131
2021-06-02 08:00,01F0147S,41,5.3,1
2021-06-02 08:00,01F0147S,42,27.0,67
2021-06-02 08:00,01F0147S,5,37.1,45
2021-06-02 08:00,01F0155N,31,9.5,974
2021-06-02 08:00,01F0155N,32,9.7,304
2021-06-02 08:00,01F0155N,41,14.4,62
2021-06-02 08:00,01F0155N,42,9.4,33
2021-06-02 08:00,01F0155N,5,14.7,5
2021-06-02 08:00,01F0155S,31,11.5,766
2021-06-02 08:00,01F0155S,32,12.4,272
2021-06-02 08:00,01F0155S,41,17.9,1
2021-06-02 08:00,01F0155S,42,12.0,42
2021-06-02 08:00,01F0155S,5,16.8,15
2021-06-02 08:00,01F0182S,31,16.7,725
2021-06-02 08:00,01F0182S,32,15.1,219
2021-06-02 08:00,01F0182S,41,8.3,5
2021-06-02 08:00,01F0182S,42,25.9,49
2021-06-02 08:00,01F0182S,5,87.4,19
2021-06-02 08:00,01F0213N,31,12.0,748
2021-06-02 08:00,01F0213N,32,13.1,215
2021-06-02 08:00,01F0213N,41,17.9,15
2021-06-02 08:00,01F0213N,42,9.1,9
2021-06-02 08:00,01F0213N,5,18.2,2
2021-06-02 08:00,01F0233N,31,8.3,1181
2021-06-02 08:00,01F0233N,32,10.9,415
2021-06-02 08:00,01F0233N,41,19.6,11
2021-06-02 08:00,01F0233N,42,10.7,38
2021-06-02 08:00,01F0233N,5,17.1,23
2021-06-02 08:00,01F0248S,31,18.2,2235
2021-06-02 08:00,01F0248S,32,19.9,692
2021-06-02 08:00,01F0248S,41,18.9,44
2021-06-02 08:00,01F0248S,42,15.0,49
2021-06-02 08:00,01F0248S,5,19.0,11
2021-06-02 08:00,01F0256N,31,8.3,1122
2021-06-02 08:00,01F0256N,32,9.9,438
2021-06-02 08:00,01F0256N,41,22.7,5
2021-06-02 08:00,01F0256N,42,11.9,26
2021-06-02 08:00,01F0256N,5,15.3,2
2021-06-02 08:00,01F0264S,31,16.8,572
2021-06-02 08:00,01F0264S,32,19.8,198
2021-06-02 08:00,01F0264S,41,25.8,46
2021-06-02 08:00,01F0264S,42,25.1,49
2021-06-02 08:00,01F0264S,5,25.3,33
2021-06-02 08:00,01F0293N,31,11.1,637
2021-06-02 08:00,01F0293N,32,11.5,445
2021-06-02 08:00,01F0293N,41,8.9,2
2021-06-02 08:00,01F0293N,42,18.1,122
2021-06-02 08:00,01F0293N,5,22.2,105
2021-06-02 08:00,01F0293S,31,32.4,399
2021-06-02 08:00,01F0293S,32,30.3,192
2021-06-02 08:00,01F0293S,41,114.0,13
2021-06-02 08:00,01F0293S,42,29.9,21
2021-06-02 08:00,01F0293S,5,26.1,2
2021-06-02 08:00,01F0339N,31,7.6,12
2021-06-02 08:00,01F0339N,32,21.0,9
2021-06-02 08:00,01F0339N,41,1.2,1
2021-06-02 08:00,01F0339N,42,16.7,10
2021-06-02 08:00,01F0339N,5,0.0,0
2021-06-02 08:00,01F0339S,31,24.1,1531
2021-06-02 08:00,01F0339S,32,29.1,1132
2021-06-02 08:00,01F0339S,41,11.0,12
2021-06-02 08:00,01F0339S,42,28.8,212
2021-06-02 08:00,01F0339S,5,50.5,76
2021-06-02 08:00,01F0376N,31,16.9,1676
2021-06-02 08:00,01F0376N,32,17.3,748
2021-06-02 08:00,01F0376N,41,14.7,58
2021-06-02 08:00,01F0376N,42,14.2,124
2021-06-02 08:00,01F0376N,5,25.7,72
2021-06-02 08:00,01F0376S,31,7.2,2
2021-06-02 08:00,01F0376S,32,0.0,0
2021-06-02 08:00,01F0376S,41,0.0,0
2021-06-02 08:00,01F0376S,42,14.9,4
2021-06-02 08:00,01F0376S,5,0.0,0
2021-06-02 08:00,01F0413N,31,0.0,0
2021-06-02 08:00,01F0413N,32,0.0,0
2021-06-02 08:00,01F0413N,41,0.0,0
2021-06-02 08:00,01F0413N,42,7.2,1
2021-06-02 08:00,01F0413N,5,0.0,0
2021-06-02 08:00,01F0413S,31,0.0,0
2021-06-02 08:00,01F0413S,32,0.0,0
2021-06-02 08:00,01F0413S,41,0.0,0
2021-06-02 08:00,01F0413S,42,26.3,2
2021-06-02 08:00,01F0413S,5,0.0,0
2021-06-02 08:00,01F0467N,31,19.4,1338
2021-06-02 08:00,01F0467N,32,19.8,408
2021-06-02 08:00,01F0467N,41,20.3,42
2021-06-02 08:00,01F0467N,42,17.9,69
2021-06-02 08:00,01F0467N,5,25.0,27
2021-06-02 08:00,01F0467S,31,23.1,1273
2021-06-02 08:00,01F0467S,32,25.7,638
2021-06-02 08:00,01F0467S,41,28.5,31
2021-06-02 08:00,01F0467S,42,41.9,201
2021-06-02 08:00,01F0467S,5,46.5,146
2021-06-02 08:00,01F0511N,31,13.7,1162
2021-06-02 08:00,01F0511N,32,14.5,525
2021-06-02 08:00,01F0511N,41,5.9,17
2021-06-02 08:00,01F0511N,42,16.2,117
2021-06-02 08:00,01F0511N,5,18.9,79
2021-06-02 08:00,01F0511S,31,17.2,1346
2021-06-02 08:00,01F0511S,32,21.2,477
2021-06-02 08:00,01F0511S,41,8.2,14
2021-06-02 08:00,01F0511S,42,34.0,97
2021-06-02 08:00,01F0511S,5,46.8,92
2021-06-02 08:00,01F0532N,31,16.9,107
2021-06-02 08:00,01F0532N,32,16.0,67
2021-06-02 08:00,01F0532N,41,32.9,1
2021-06-02 08:00,01F0532N,42,6.3,3
2021-06-02 08:00,01F0532N,5,0.0,0
2021-06-02 08:00,01F0532S,31,18.9,755
2021-06-02 08:00,01F0532S,32,19.6,329
2021-06-02 08:00,01F0532S,41,16.8,6
2021-06-02 08:00,01F0532S,42,41.7,136
2021-06-02 08:00,01F0532S,5,44.9,65
2021-06-02 08:00,01F0557N,31,15.4,1064
2021-06-02 08:00,01F0557N,32,17.0,388
2021-06-02 08:00,01F0557N,41,19.5,16
2021-06-02 08:00,01F0557N,42,19.0,126
2021-06-02 08:00,01F0557N,5,21.4,27
2021-06-02 08:00,01F0557S,31,20.0,144
2021-06-02 08:00,01F0557S,32,24.6,105
2021-06-02 08:00,01F0557S,41,0.0,0
2021-06-02 08:00,01F0557S,42,10.3,12
2021-06-02 08:00,01F0557S,5,1.9,1
2021-06-02 08:00,01F0578S,31,22.3,626
2021-06-02 08:00,01F0578S,32,23.7,343
2021-06-02 08:00,01F0578S,41,6.9,2
2021-06-02 08:00,01F0578S,42,36.2,145
2021-06-02 08:00,01F0578S,5,67.0,84
2021-06-02 08:00,01F0584N,31,10.3,585
2021-06-02 08:00,01F0584N,32,10.5,198
2021-06-02 08:00,01F0584N,41,13.3,2
2021-06-02 08:00,01F0584N,42,13.2,47
2021-06-02 08:00,01F0584N,5,19.9,15
2021-06-02 08:00,01F0633N,31,17.4,1027
2021-06-02 08:00,01F0633N,32,19.2,543
2021-06-02 08:00,01F0633N,41,16.8,10
2021-06-02 08:00,01F0633N,42,18.1,172
2021-06-02 08:00,01F0633N,5,24.1,75
2021-06-02 08:00,01F0633S,31,17.4,574
2021-06-02 08:00,01F0633S,32,21.6,225
2021-06-02 08:00,01F0633S,41,2.6,1
2021-06-02 08:00,01F0633S,42,31.1,44
2021-06-02 08:00,01F0633S,5,56.0,12
2021-06-02 08:00,01F0664N,31,12.7,283
2021-06-02 08:00,01F0664N,32,15.8,183
2021-06-02 08:00,01F0664N,41,3.2,3
2021-06-02 08:00,01F0664N,42,14.5,83
2021-06-02 08:00,01F0664N,5,27.4,65
2021-06-02 08:00,01F0664S,31,19.7,747
2021-06-02 08:00,01F0664S,32,19.0,386
2021-06-02 08:00,01F0664S,41,0.0,0
2021-06-02 08:00,01F0664S,42,36.6,108
2021-06-02 08:00,01F0664S,5,44.0,96
2021-06-02 08:00,01F0681N,31,11.7,969
2021-06-02 08:00,01F0681N,32,13.3,342
2021-06-02 08:00,01F0681N,41,12.0,9
2021-06-02 08:00,01F0681N,42,11.0,108
2021-06-02 08:00,01F0681N,5,14.5,85
2021-06-02 08:00,01F0681S,31,18.1,116
2021-06-02 08:00,01F0681S,32,23.1,84
2021-06-02 08:00,01F0681S,41,16.5,1
2021-06-02 08:00,01F0681S,42,65.0,36
2021-06-02 08:00,01F0681S,5,51.9,37
2021-06-02 08:00,01F0699N,31,14.6,1
2021-06-02 08:00,01F0699N,32,18.8,1
2021-06-02 08:00,01F0699N,41,0.0,0
2021-06-02 08:00,01F0699N,42,0.0,0
2021-06-02 08:00,01F0699N,5,0.0,0
2021-06-02 08:00,01F0699S,31,30.7,294
2021-06-02 08:00,01F0699S,32,36.2,92
2021-06-02 08:00,01F0699S,41,34.8,4
2021-06-02 08:00,01F0699S,42,50.3,27
2021-06-02 08:00,01F0699S,5,128.6,19
2021-06-02 08:00,01F0750N,31,29.0,275
2021-06-02 08:00,01F0750N,32,30.7,151
2021-06-02 08:00,01F0750N,41,18.8,6
2021-06-02 08:00,01F0750N,42,31.0,84
2021-06-02 08:00,01F0750N,5,47.5,29
2021-06-02 08:00,01F0750S,31,34.0,4
2021-06-02 08:00,01F0750S,32,12.8,1
2021-06-02 08:00,01F0750S,41,0.0,0
2021-06-02 08:00,01F0750S,42,0.0,0
2021-06-02 08:00,01F0750S,5,0.0,0
2021-06-02 08:00,01F0880N,31,21.7,870
2021-06-02 08:00,01F0880N,32,32.4,190
2021-06-02 08:00,01F0880N,41,34.0,2
2021-06-02 08:00,01F0880N,42,27.2,33
2021-06-02 08:00,01F0880N,5,25.4,20
2021-06-02 08:00,01F0880S,31,17.3,896
2021-06-02 08:00,01F0880S,32,25.1,275
2021-06-02 08:00,01F0880S,41,21.9,12
2021-06-02 08:00,01F0880S,42,49.8,96
2021-06-02 08:00,01F0880S,5,96.6,46
2021-06-02 08:00,01F0928N,31,19.4,1178
2021-06-02 08:00,01F0928N,32,25.2,315
2021-06-02 08:00,01F0928N,41,22.9,34
2021-06-02 08:00,01F0928N,42,26.5,83
2021-06-02 08:00,01F0928N,5,24.7,25
2021-06-02 08:00,01F0928S,31,13.5,1179
2021-06-02 08:00,01F0928S,32,18.3,211
2021-06-02 08:00,01F0928S,41,4.4,4
2021-06-02 08:00,01F0928S,42,30.3,24
2021-06-02 08:00,01F0928S,5,63.7,29
2021-06-02 08:00,01F0950S,31,0.0,0
2021-06-02 08:00,01F0950S,32,0.0,0
2021-06-02 08:00,01F0950S,41,0.0,0
2021-06-02 08:00,01F0950S,42,0.0,0
2021-06-02 08:00,01F0950S,5,0.0,0
2021-06-02 08:00,01F0956N,31,37.0,1
2021-06-02 08:00,01F0956N,32,34.4,1
2021-06-02 08:00,01F0956N,41,0.0,0
2021-06-02 08:00,01F0956N,42,0.0,0
2021-06-02 08:00,01F0956N,5,0.0,0
2021-06-02 08:00,01F0979N,31,4.0,1
2021-06-02 08:00,01F0979N,32,4.0,1
2021-06-02 08:00,01F0979N,41,0.0,0
2021-06-02 08:00,01F0979N,42,0.0,0
2021-06-02 08:00,01F0979N,5,0.0,0
2021-06-02 08:00,01F0980S,31,25.3,904
2021-06-02 08:00,01F0980S,32,32.7,226
2021-06-02 08:00,01F0980S,41,35.3,48
2021-06-02 08:00,01F0980S,42,55.3,53
2021-06-02 08:00,01F0980S,5,35.2,23
2021-06-02 08:00,01F1045N,31,20.3,1070
2021-06-02 08:00,01F1045N,32,25.0,249
2021-06-02 08:00,01F1045N,41,31.9,5
2021-06-02 08:00,01F1045N,42,35.6,41
2021-06-02 08:00,01F1045N,5,45.0,18
2021-06-02 08:00,01F1045S,31,0.0,0
2021-06-02 08:00,01F1045S,32,0.0,0
2021-06-02 08:00,01F1045S,41,0.0,0
2021-06-02 08:00,01F1045S,42,0.0,0
2021-06-02 08:00,01F1045S,5,0.0,0
2021-06-02 08:00,01F1123N,31,29.4,282
2021-06-02 08:00,01F1123N,32,33.5,78
2021-06-02 08:00,01F1123N,41,0.0,0
2021-06-02 08:00,01F1123N,42,45.4,11
2021-06-02 08:00,01F1123N,5,42.3,4
2021-06-02 08:00,01F1123S,31,33.4,190
2021-06-02 08:00,01F1123S,32,37.9,83
2021-06-02 08:00,01F1123S,41,26.5,9
2021-06-02 08:00,01F1123S,42,52.5,21
2021-06-02 08:00,01F1123S,5,55.2,8
2021-06-02 08:00,01F1292N,31,37.4,129
2021-06-02 08:00,01F1292N,32,37.8,69
2021-06-02 08:00,01F1292N,41,0.0,0
2021-06-02 08:00,01F1292N,42,46.2,12
2021-06-02 08:00,01F1292N,5,74.3,6
2021-06-02 08:00,01F1292S,31,53.0,18
2021-06-02 08:00,01F1292S,32,35.0,22
2021-06-02 08:00,01F1292S,41,6.6,1
2021-06-02 08:00,01F1292S,42,140.5,3
2021-06-02 08:00,01F1292S,5,45.9,2
2021-06-02 08:00,01F1389N,31,34.0,40
2021-06-02 08:00,01F1389N,32,40.0,16
2021-06-02 08:00,01F1389N,41,19.1,5
2021-06-02 08:00,01F1389N,42,38.6,8
2021-06-02 08:00,01F1389N,5,141.5,1
2021-06-02 08:00,01F1389S,31,29.5,186
2021-06-02 08:00,01F1389S,32,33.8,95
2021-06-02 08:00,01F1389S,41,32.7,1
2021-06-02 08:00,01F1389S,42,45.3,22
2021-06-02 08:00,01F1389S,5,54.4,7
2021-06-02 08:00,01F1465N,31,34.4,75
2021-06-02 08:00,01F1465N,32,32.8,44
2021-06-02 08:00,01F1465N,41,10.1,1
2021-06-02 08:00,01F1465N,42,62.2,27
2021-06-02 08:00,01F1465N,5,54.6,22
2021-06-02 08:00,01F1465S,31,28.9,74
2021-06-02 08:00,01F1465S,32,33.3,38
2021-06-02 08:00,01F1465S,41,24.3,2
2021-06-02 08:00,01F1465S,42,47.8,25
2021-06-02 08:00,01F1465S,5,20.8,15
2021-06-02 08:00,01F1572N,31,42.8,45
2021-06-02 08:00,01F1572N,32,52.3,28
2021-06-02 08:00,01F1572N,41,46.5,2
2021-06-02 08:00,01F1572N,42,71.2,6
2021-06-02 08:00,01F1572N,5,105.7,6
2021-06-02 08:00,01F1572S,31,26.3,49
2021-06-02 08:00,01F1572S,32,35.0,32
2021-06-02 08:00,01F1572S,41,10.4,1
2021-06-02 08:00,01F1572S,42,50.0,13
2021-06-02 08:00,01F1572S,5,53.1,3
2021-06-02 08:00,01F1621N,31,33.7,109
2021-06-02 08:00,01F1621N,32,54.9,82
2021-06-02 08:00,01F1621N,41,4.9,2
2021-06-02 08:00,01F1621N,42,67.7,23
2021-06-02 08:00,01F1621N,5,22.6,25
2021-06-02 08:00,01F1621S,31,16.2,377
2021-06-02 08:00,01F1621S,32,19.5,147
2021-06-02 08:00,01F1621S,41,16.8,9
2021-06-02 08:00,01F1621S,42,30.5,25
2021-06-02 08:00,01F1621S,5,30.5,17
2021-06-02 08:00,01F1664N,31,24.4,396
2021-06-02 08:00,01F1664N,32,33.5,282
2021-06-02 08:00,01F1664N,41,126.6,1
2021-06-02 08:00,01F1664N,42,35.4,44
2021-06-02 08:00,01F1664N,5,35.3,26
2021-06-02 08:00,01F1664S,31,13.2,749
2021-06-02 08:00,01F1664S,32,16.4,377
2021-06-02 08:00,01F1664S,41,11.7,11
2021-06-02 08:00,01F1664S,42,28.2,120
2021-06-02 08:00,01F1664S,5,19.9,34
2021-06-02 08:00,01F1699N,31,36.1,870
2021-06-02 08:00,01F1699N,32,46.8,494
2021-06-02 08:00,01F1699N,41,19.1,6
2021-06-02 08:00,01F1699N,42,48.0,75
2021-06-02 08:00,01F1699N,5,40.7,27
2021-06-02 08:00,01F1699S,31,16.4,666
2021-06-02 08:00,01F1699S,32,26.3,255
2021-06-02 08:00,01F1699S,41,10.5,2
2021-06-02 08:00,01F1699S,42,36.4,49
2021-06-02 08:00,01F1699S,5,59.5,6
2021-06-02 08:00,01F1774N,31,31.3,879
2021-06-02 08:00,01F1774N,32,35.9,276
2021-06-02 08:00,01F1774N,41,53.5,10
2021-06-02 08:00,01F1774N,42,45.4,42
2021-06-02 08:00,01F1774N,5,87.5,13
2021-06-02 08:00,01F1774S,31,26.3,437
2021-06-02 08:00,01F1774S,32,36.6,252
2021-06-02 08:00,01F1774S,41,69.6,1
2021-06-02 08:00,01F1774S,42,47.0,91
2021-06-02 08:00,01F1774S,5,35.0,25
2021-06-02 08:00,01F1802N,31,28.8,561
2021-06-02 08:00,01F1802N,32,33.7,274
2021-06-02 08:00,01F1802N,41,13.3,1
2021-06-02 08:00,01F1802N,42,35.2,58
2021-06-02 08:00,01F1802N,5,55.5,10
2021-06-02 08:00,01F1802S,31,30.8,600
2021-06-02 08:00,01F1802S,32,35.0,178
2021-06-02 08:00,01F1802S,41,53.1,9
2021-06-02 08:00,01F1802S,42,49.8,26
2021-06-02 08:00,01F1802S,5,58.6,20
2021-06-02 08:00,01F1839N,31,16.9,522
2021-06-02 08:00,01F1839N,32,20.9,203
2021-06-02 08:00,01F1839N,41,48.9,4
2021-06-02 08:00,01F1839N,42,42.7,55
2021-06-02 08:00,01F1839N,5,49.3,13
2021-06-02 08:00,01F1839S,31,36.4,383
2021-06-02 08:00,01F1839S,32,44.6,192
2021-06-02 08:00,01F1839S,41,82.9,1
2021-06-02 08:00,01F1839S,42,55.3,61
2021-06-02 08:00,01F1839S,5,95.5,21
2021-06-02 08:00,01F1906N,31,14.2,1
2021-06-02 08:00,01F1906N,32,0.0,0
2021-06-02 08:00,01F1906N,41,0.0,0
2021-06-02 08:00,01F1906N,42,0.0,0
2021-06-02 08:00,01F1906N,5,0.0,0
2021-06-02 08:00,01F1906S,31,28.0,215
2021-06-02 08:00,01F1906S,32,36.8,149
2021-06-02 08:00,01F1906S,41,64.4,3
2021-06-02 08:00,01F1906S,42,51.8,57
2021-06-02 08:00,01F1906S,5,52.0,29
2021-06-02 08:00,01F1960N,31,22.2,813
2021-06-02 08:00,01F1960N,32,28.5,400
2021-06-02 08:00,01F1960N,41,19.8,3
2021-06-02 08:00,01F1960N,42,28.8,101
2021-06-02 08:00,01F1960N,5,41.7,25
2021-06-02 08:00,01F1960S,31,5.6,1
2021-06-02 08:00,01F1960S,32,0.0,0
2021-06-02 08:00,01F1960S,41,0.0,0
2021-06-02 08:00,01F1960S,42,0.0,0
2021-06-02 08:00,01F1960S,5,0.0,0
2021-06-02 08:00,01F2011N,31,23.8,605
2021-06-02 08:00,01F2011N,32,32.2,320
2021-06-02 08:00,01F2011N,41,249.7,1
2021-06-02 08:00,01F2011N,42,40.4,104
2021-06-02 08:00,01F2011N,5,41.3,36
2021-06-02 08:00,01F2011S,31,22.2,403
2021-06-02 08:00,01F2011S,32,31.1,229
2021-06-02 08:00,01F2011S,41,37.6,1
2021-06-02 08:00,01F2011S,42,30.7,76
2021-06-02 08:00,01F2011S,5,80.7,13
2021-06-02 08:00,01F2089N,31,24.4,362
2021-06-02 08:00,01F2089N,32,30.7,201
2021-06-02 08:00,01F2089N,41,23.5,1
2021-06-02 08:00,01F2089N,42,34.3,56
2021-06-02 08:00,01F2089N,5,29.7,11
2021-06-02 08:00,01F2089S,31,24.9,283
2021-06-02 08:00,01F2089S,32,31.9,203
2021-06-02 08:00,01F2089S,41,7.8,4
2021-06-02 08:00,01F2089S,42,55.7,101
2021-06-02 08:00,01F2089S,5,79.9,39
2021-06-02 08:00,01F2156N,31,29.3,307
2021-06-02 08:00,01F2156N,32,36.1,161
2021-06-02 08:00,01F2156N,41,41.5,1
2021-06-02 08:00,01F2156N,42,51.1,58
2021-06-02 08:00,01F2156N,5,69.8,15
2021-06-02 08:00,01F2156S,31,36.5,61
2021-06-02 08:00,01F2156S,32,45.8,64
2021-06-02 08:00,01F2156S,41,0.0,0
2021-06-02 08:00,01F2156S,42,58.0,39
2021-06-02 08:00,01F2156S,5,79.8,8
2021-06-02 08:00,01F2249N,31,54.7,93
2021-06-02 08:00,01F2249N,32,45.7,53
2021-06-02 08:00,01F2249N,41,0.0,0
2021-06-02 08:00,01F2249N,42,59.9,39
2021-06-02 08:00,01F2249N,5,70.3,23
2021-06-02 08:00,01F2249S,31,39.1,92
2021-06-02 08:00,01F2249S,32,39.7,73
2021-06-02 08:00,01F2249S,41,20.5,1
2021-06-02 08:00,01F2249S,42,66.0,49
2021-06-02 08:00,01F2249S,5,72.3,13
2021-06-02 08:00,01F2322N,31,38.3,69
2021-06-02 08:00,01F2322N,32,55.2,27
2021-06-02 08:00,01F2322N,41,15.9,2
2021-06-02 08:00,01F2322N,42,43.7,14
2021-06-02 08:00,01F2322N,5,52.5,18
2021-06-02 08:00,01F2322S,31,38.2,150
2021-06-02 08:00,01F2322S,32,54.3,69
2021-06-02 08:00,01F2322S,41,0.0,0
2021-06-02 08:00,01F2322S,42,59.4,33
2021-06-02 08:00,01F2322S,5,91.7,13
2021-06-02 08:00,01F2394N,31,43.6,103
2021-06-02 08:00,01F2394N,32,41.7,66
2021-06-02 08:00,01F2394N,41,62.0,1
2021-06-02 08:00,01F2394N,42,51.3,32
2021-06-02 08:00,01F2394N,5,88.1,8
2021-06-02 08:00,01F2394S,31,28.7,65
2021-06-02 08:00,01F2394S,32,35.6,44
2021-06-02 08:00,01F2394S,41,0.0,0
2021-06-02 08:00,01F2394S,42,43.9,22
2021-06-02 08:00,01F2394S,5,90.1,12
2021-06-02 08:00,01F2425N,31,28.6,289
2021-06-02 08:00,01F2425N,32,39.1,125
2021-06-02 08:00,01F2425N,41,0.0,0
2021-06-02 08:00,01F2425N,42,47.5,76
2021-06-02 08:00,01F2425N,5,73.8,28
2021-06-02 08:00,01F2425S,31,19.5,185
2021-06-02 08:00,01F2425S,32,22.8,117
2021-06-02 08:00,01F2425S,41,40.1,2
2021-06-02 08:00,01F2425S,42,31.2,46
2021-06-02 08:00,01F2425S,5,56.2,18
2021-06-02 08:00,01F2483N,31,26.5,85
2021-06-02 08:00,01F2483N,32,28.1,55
2021-06-02 08:00,01F2483N,41,0.0,0
2021-06-02 08:00,01F2483N,42,50.5,17
2021-06-02 08:00,01F2483N,5,84.8,1
2021-06-02 08:00,01F2483S,31,29.6,208
2021-06-02 08:00,01F2483S,32,32.9,80
2021-06-02 08:00,01F2483S,41,0.0,0
2021-06-02 08:00,01F2483S,42,54.7,47
2021-06-02 08:00,01F2483S,5,66.2,31
2021-06-02 08:00,01F2514N,31,39.3,142
2021-06-02 08:00,01F2514N,32,40.5,85
2021-06-02 08:00,01F2514N,41,0.0,0
2021-06-02 08:00,01F2514N,42,66.5,38
2021-06-02 08:00,01F2514N,5,61.1,16
2021-06-02 08:00,01F2514S,31,26.2,74
2021-06-02 08:00,01F2514S,32,26.7,39
2021-06-02 08:00,01F2514S,41,0.0,0
2021-06-02 08:00,01F2514S,42,42.8,15
2021-06-02 08:00,01F2514S,5,46.7,3
2021-06-02 08:00,01F2603N,31,30.9,314
2021-06-02 08:00,01F2603N,32,35.5,182
2021-06-02 08:00,01F2603N,41,82.9,1
2021-06-02 08:00,01F2603N,42,39.7,41
2021-06-02 08:00,01F2603N,5,89.2,15
2021-06-02 08:00,01F2603S,31,18.1,193
2021-06-02 08:00,01F2603S,32,29.9,86
2021-06-02 08:00,01F2603S,41,0.0,0
2021-06-02 08:00,01F2603S,42,32.1,40
2021-06-02 08:00,01F2603S,5,66.4,14
2021-06-02 08:00,01F2674N,31,32.1,73
2021-06-02 08:00,01F2674N,32,35.6,73
2021-06-02 08:00,01F2674N,41,0.0,0
2021-06-02 08:00,01F2674N,42,40.0,18
2021-06-02 08:00,01F2674N,5,77.2,2
2021-06-02 08:00,01F2674S,31,26.9,196
2021-06-02 08:00,01F2674S,32,35.8,120
2021-06-02 08:00,01F2674S,41,95.6,3
2021-06-02 08:00,01F2674S,42,49.0,56
2021-06-02 08:00,01F2674S,5,76.3,40
2021-06-02 08:00,01F2714N,31,39.9,172
2021-06-02 08:00,01F2714N,32,33.9,84
2021-06-02 08:00,01F2714N,41,8.6,1
2021-06-02 08:00,01F2714N,42,46.0,44
2021-06-02 08:00,01F2714N,5,57.8,18
2021-06-02 08:00,01F2714S,31,30.8,45
2021-06-02 08:00,01F2714S,32,33.0,35
2021-06-02 08:00,01F2714S,41,0.0,0
2021-06-02 08:00,01F2714S,42,51.2,20
2021-06-02 08:00,01F2714S,5,53.2,2
2021-06-02 08:00,01F2827N,31,41.7,56
2021-06-02 08:00,01F2827N,32,39.8,11
2021-06-02 08:00,01F2827N,41,0.0,0
2021-06-02 08:00,01F2827N,42,126.0,5
2021-06-02 08:00,01F2827N,5,24.1,1
2021-06-02 08:00,01F2827S,31,37.7,162
2021-06-02 08:00,01F2827S,32,46.8,105
2021-06-02 08:00,01F2827S,41,24.3,3
2021-06-02 08:00,01F2827S,42,43.3,43
2021-06-02 08:00,01F2827S,5,79.9,17
2021-06-02 08:00,01F2866N,31,37.3,100
2021-06-02 08:00,01F2866N,32,54.2,67
2021-06-02 08:00,01F2866N,41,261.3,1
2021-06-02 08:00,01F2866N,42,52.6,34
2021-06-02 08:00,01F2866N,5,58.7,19
2021-06-02 08:00,01F2866S,31,41.9,23
2021-06-02 08:00,01F2866S,32,51.6,11
2021-06-02 08:00,01F2866S,41,0.0,0
2021-06-02 08:00,01F2866S,42,48.1,4
2021-06-02 08:00,01F2866S,5,0.0,0
2021-06-02 08:00,01F2930N,31,37.1,93
2021-06-02 08:00,01F2930N,32,43.6,52
2021-06-02 08:00,01F2930N,41,18.9,2
2021-06-02 08:00,01F2930N,42,64.4,32
2021-06-02 08:00,01F2930N,5,61.2,20
2021-06-02 08:00,01F2930S,31,30.8,343
2021-06-02 08:00,01F2930S,32,38.1,155
2021-06-02 08:00,01F2930S,41,50.8,3
2021-06-02 08:00,01F2930S,42,35.4,68
2021-06-02 08:00,01F2930S,5,58.1,53
2021-06-02 08:00,01F3019N,31,37.3,139
2021-06-02 08:00,01F3019N,32,28.7,73
2021-06-02 08:00,01F3019N,41,30.8,1
2021-06-02 08:00,01F3019N,42,45.4,28
2021-06-02 08:00,01F3019N,5,67.7,11
2021-06-02 08:00,01F3019S,31,26.3,195
2021-06-02 08:00,01F3019S,32,28.9,71
2021-06-02 08:00,01F3019S,41,0.0,0
2021-06-02 08:00,01F3019S,42,30.4,47
2021-06-02 08:00,01F3019S,5,53.6,83
2021-06-02 08:00,01F3083N,31,33.1,143
2021-06-02 08:00,01F3083N,32,58.1,65
2021-06-02 08:00,01F3083N,41,44.4,5
2021-06-02 08:00,01F3083N,42,62.9,35
2021-06-02 08:00,01F3083N,5,78.7,26
2021-06-02 08:00,01F3083S,31,22.6,297
2021-06-02 08:00,01F3083S,32,27.4,134
2021-06-02 08:00,01F3083S,41,0.0,0
2021-06-02 08:00,01F3083S,42,32.7,41
2021-06-02 08:00,01F3083S,5,44.9,20
2021-06-02 08:00,01F3126N,31,50.1,193
2021-06-02 08:00,01F3126N,32,55.3,132
2021-06-02 08:00,01F3126N,41,27.1,1
2021-06-02 08:00,01F3126N,42,65.1,52
2021-06-02 08:00,01F3126N,5,124.0,11
2021-06-02 08:00,01F3126S,31,19.4,221
2021-06-02 08:00,01F3126S,32,21.4,94
2021-06-02 08:00,01F3126S,41,37.1,11
2021-06-02 08:00,01F3126S,42,26.5,29
2021-06-02 08:00,01F3126S,5,46.4,37
2021-06-02 08:00,01F3185N,31,32.5,542
2021-06-02 08:00,01F3185N,32,30.5,261
2021-06-02 08:00,01F3185N,41,129.1,8
2021-06-02 08:00,01F3185N,42,64.4,59
2021-06-02 08:00,01F3185N,5,72.7,20
2021-06-02 08:00,01F3185S,31,17.7,625
2021-06-02 08:00,01F3185S,32,21.0,421
2021-06-02 08:00,01F3185S,41,25.3,14
2021-06-02 08:00,01F3185S,42,26.8,111
2021-06-02 08:00,01F3185S,5,40.7,45
2021-06-02 08:00,01F3227N,31,22.5,640
2021-06-02 08:00,01F3227N,32,28.1,228
2021-06-02 08:00,01F3227N,41,0.0,0
2021-06-02 08:00,01F3227N,42,42.8,35
2021-06-02 08:00,01F3227N,5,45.4,8
2021-06-02 08:00,01F3227S,31,20.9,420
2021-06-02 08:00,01F3227S,32,20.1,288
2021-06-02 08:00,01F3227S,41,7.8,1
2021-06-02 08:00,01F3227S,42,25.9,119
2021-06-02 08:00,01F3227S,5,41.2,54
2021-06-02 08:00,01F3252N,31,22.7,504
2021-06-02 08:00,01F3252N,32,26.3,196
2021-06-02 08:00,01F3252N,41,37.6,3
2021-06-02 08:00,01F3252N,42,35.5,33
2021-06-02 08:00,01F3252N,5,70.9,10
2021-06-02 08:00,01F3252S,31,0.0,0
2021-06-02 08:00,01F3252S,32,0.0,0
2021-06-02 08:00,01F3252S,41,0.0,0
2021-06-02 08:00,01F3252S,42,0.0,0
2021-06-02 08:00,01F3252S,5,0.0,0
2021-06-02 08:00,01F3286N,31,19.4,529
2021-06-02 08:00,01F3286N,32,21.4,334
2021-06-02 08:00,01F3286N,41,0.0,0
2021-06-02 08:00,01F3286N,42,44.6,97
2021-06-02 08:00,01F3286N,5,36.9,53
2021-06-02 08:00,01F3286S,31,19.3,714
2021-06-02 08:00,01F3286S,32,21.4,325
2021-06-02 08:00,01F3286S,41,3.3,2
2021-06-02 08:00,01F3286S,42,21.5,60
2021-06-02 08:00,01F3286S,5,20.7,22
2021-06-02 08:00,01F3366N,31,22.4,164
2021-06-02 08:00,01F3366N,32,22.0,105
2021-06-02 08:00,01F3366N,41,0.0,0
2021-06-02 08:00,01F3366N,42,38.6,40
2021-06-02 08:00,01F3366N,5,38.9,13
2021-06-02 08:00,01F3366S,31,25.0,509
2021-06-02 08:00,01F3366S,32,25.3,301
2021-06-02 08:00,01F3366S,41,0.0,0
2021-06-02 08:00,01F3366S,42,23.9,87
2021-06-02 08:00,01F3366S,5,30.7,83
2021-06-02 08:00,01F3398N,31,28.2,174
2021-06-02 08:00,01F3398N,32,25.9,140
2021-06-02 08:00,01F3398N,41,18.8,2
2021-06-02 08:00,01F3398N,42,47.2,102
2021-06-02 08:00,01F3398N,5,79.2,46
2021-06-02 08:00,01F3398S,31,19.4,223
2021-06-02 08:00,01F3398S,32,18.8,98
2021-06-02 08:00,01F3398S,41,17.9,1
2021-06-02 08:00,01F3398S,42,21.4,50
2021-06-02 08:00,01F3398S,5,26.7,35
2021-06-02 08:00,01F3460N,31,31.9,174
2021-06-02 08:00,01F3460N,32,34.0,141
2021-06-02 08:00,01F3460N,41,11.1,1
2021-06-02 08:00,01F3460N,42,40.7,52
2021-06-02 08:00,01F3460N,5,52.8,22
2021-06-02 08:00,01F3460S,31,19.8,219
2021-06-02 08:00,01F3460S,32,19.6,100
2021-06-02 08:00,01F3460S,41,21.4,3
2021-06-02 08:00,01F3460S,42,20.4,36
2021-06-02 08:00,01F3460S,5,25.3,95
2021-06-02 08:00,01F3525N,31,30.6,575
2021-06-02 08:00,01F3525N,32,36.2,510
2021-06-02 08:00,01F3525N,41,132.9,10
2021-06-02 08:00,01F3525N,42,44.8,161
2021-06-02 08:00,01F3525N,5,71.9,99
2021-06-02 08:00,01F3525S,31,14.8,513
2021-06-02 08:00,01F3525S,32,15.2,307
2021-06-02 08:00,01F3525S,41,13.5,2
2021-06-02 08:00,01F3525S,42,16.0,112
2021-06-02 08:00,01F3525S,5,19.9,83
2021-06-02 08:00,01F3559N,31,6.8,2
2021-06-02 08:00,01F3559N,32,0.0,0
2021-06-02 08:00,01F3559N,41,0.0,0
2021-06-02 08:00,01F3559N,42,0.0,0
2021-06-02 08:00,01F3559N,5,0.0,0
2021-06-02 08:00,01F3561S,31,6.8,1
2021-06-02 08:00,01F3561S,32,0.0,0
2021-06-02 08:00,01F3561S,41,0.0,0
2021-06-02 08:00,01F3561S,42,0.0,0
2021-06-02 08:00,01F3561S,5,0.0,0
2021-06-02 08:00,01F3590N,31,31.7,877
2021-06-02 08:00,01F3590N,32,33.5,400
2021-06-02 08:00,01F3590N,41,46.9,1
2021-06-02 08:00,01F3590N,42,39.5,88
2021-06-02 08:00,01F3590N,5,62.9,23
2021-06-02 08:00,01F3590S,31,11.6,1038
2021-06-02 08:00,01F3590S,32,11.4,453
2021-06-02 08:00,01F3590S,41,10.0,13
2021-06-02 08:00,01F3590S,42,11.7,129
2021-06-02 08:00,01F3590S,5,14.9,92
2021-06-02 08:00,01F3640N,31,23.9,1884
2021-06-02 08:00,01F3640N,32,28.4,824
2021-06-02 08:00,01F3640N,41,10.8,14
2021-06-02 08:00,01F3640N,42,21.8,85
2021-06-02 08:00,01F3640N,5,39.8,14
2021-06-02 08:00,01F3640S,31,6.7,1655
2021-06-02 08:00,01F3640S,32,6.7,792
2021-06-02 08:00,01F3640S,41,6.2,13
2021-06-02 08:00,01F3640S,42,6.9,123
2021-06-02 08:00,01F3640S,5,7.8,117
2021-06-02 08:00,01F3676N,31,11.1,2
2021-06-02 08:00,01F3676N,32,5.5,2
2021-06-02 08:00,01F3676N,41,0.0,0
2021-06-02 08:00,01F3676N,42,0.0,0
2021-06-02 08:00,01F3676N,5,21.0,1
2021-06-02 08:00,01F3676S,31,0.0,0
2021-06-02 08:00,01F3676S,32,0.0,0
2021-06-02 08:00,01F3676S,41,0.0,0
2021-06-02 08:00,01F3676S,42,0.0,0
2021-06-02 08:00,01F3676S,5,2.2,1
2021-06-02 08:00,01F3686S,31,2.4,1032
2021-06-02 08:00,01F3686S,32,2.5,363
2021-06-02 08:00,01F3686S,41,2.2,4
2021-06-02 08:00,01F3686S,42,2.6,40
2021-06-02 08:00,01F3686S,5,3.0,6
2021-06-02 08:00,01F3696N,31,16.0,2242
2021-06-02 08:00,01F3696N,32,20.2,1408
2021-06-02 08:00,01F3696N,41,6.5,14
2021-06-02 08:00,01F3696N,42,35.5,341
2021-06-02 08:00,01F3696N,5,62.8,475
2021-06-02 08:00,01F3736N,31,16.2,162
2021-06-02 08:00,01F3736N,32,21.9,75
2021-06-02 08:00,01F3736N,41,0.0,0
2021-06-02 08:00,01F3736N,42,46.4,32
2021-06-02 08:00,01F3736N,5,71.3,319
2021-06-02 08:00,01F3736S,31,2.6,118
2021-06-02 08:00,01F3736S,32,2.6,39
2021-06-02 08:00,01F3736S,41,0.0,0
2021-06-02 08:00,01F3736S,42,2.6,7
2021-06-02 08:00,01F3736S,5,2.6,63
2021-06-02 08:00,01H0163S,31,16.4,284
2021-06-02 08:00,01H0163S,32,26.1,131
2021-06-02 08:00,01H0163S,41,19.0,1
2021-06-02 08:00,01H0163S,42,0.0,0
2021-06-02 08:00,01H0163S,5,0.0,0
2021-06-02 08:00,01H0174N,31,12.3,407
2021-06-02 08:00,01H0174N,32,13.2,101
2021-06-02 08:00,01H0174N,41,18.7,18
2021-06-02 08:00,01H0174N,42,19.7,1
2021-06-02 08:00,01H0174N,5,0.0,0
2021-06-02 08:00,01H0200N,31,0.0,0
2021-06-02 08:00,01H0200N,32,0.0,0
2021-06-02 08:00,01H0200N,41,0.0,0
2021-06-02 08:00,01H0200N,42,0.0,0
2021-06-02 08:00,01H0200N,5,0.0,0
2021-06-02 08:00,01H0206S,31,32.8,697
2021-06-02 08:00,01H0206S,32,36.4,268
2021-06-02 08:00,01H0206S,41,22.9,10
2021-06-02 08:00,01H0206S,42,23.5,2
2021-06-02 08:00,01H0206S,5,0.0,0
2021-06-02 08:00,01H0208N,31,0.0,0
2021-06-02 08:00,01H0208N,32,0.0,0
2021-06-02 08:00,01H0208N,41,0.0,0
2021-06-02 08:00,01H0208N,42,0.0,0
2021-06-02 08:00,01H0208N,5,0.0,0
2021-06-02 08:00,01H0271N,31,15.2,1154
2021-06-02 08:00,01H0271N,32,19.6,624
2021-06-02 08:00,01H0271N,41,11.5,5
2021-06-02 08:00,01H0271N,42,29.1,5
2021-06-02 08:00,01H0271N,5,0.0,0
2021-06-02 08:00,01H0305S,31,27.7,879
2021-06-02 08:00,01H0305S,32,27.8,385
2021-06-02 08:00,01H0305S,41,26.3,10
2021-06-02 08:00,01H0305S,42,6.5,4
2021-06-02 08:00,01H0305S,5,0.0,0
2021-06-02 08:00,01H0333N,31,0.0,0
2021-06-02 08:00,01H0333N,32,0.0,0
2021-06-02 08:00,01H0333N,41,0.0,0
2021-06-02 08:00,01H0333N,42,0.0,0
2021-06-02 08:00,01H0333N,5,0.0,0
2021-06-02 08:00,01H0334S,31,0.0,0
2021-06-02 08:00,01H0334S,32,0.0,0
2021-06-02 08:00,01H0334S,41,0.0,0
2021-06-02 08:00,01H0334S,42,0.0,0
2021-06-02 08:00,01H0334S,5,0.0,0
2021-06-02 08:00,01H0447N,31,29.5,384
2021-06-02 08:00,01H0447N,32,29.9,243
2021-06-02 08:00,01H0447N,41,27.3,6
2021-06-02 08:00,01H0447N,42,21.4,2
2021-06-02 08:00,01H0447N,5,0.0,0
2021-06-02 08:00,01H0447S,31,45.5,2
2021-06-02 08:00,01H0447S,32,16.5,2
2021-06-02 08:00,01H0447S,41,0.0,0
2021-06-02 08:00,01H0447S,42,16.5,2
2021-06-02 08:00,01H0447S,5,0.0,0
2021-06-02 08:00,01H0579N,31,29.9,248
2021-06-02 08:00,01H0579N,32,31.7,106
2021-06-02 08:00,01H0579N,41,35.5,1
2021-06-02 08:00,01H0579N,42,38.0,1
2021-06-02 08:00,01H0579N,5,0.0,0
2021-06-02 08:00,01H0579S,31,41.7,134
2021-06-02 08:00,01H0579S,32,40.4,120
2021-06-02 08:00,01H0579S,41,9.0,3
2021-06-02 08:00,01H0579S,42,17.5,1
2021-06-02 08:00,01H0579S,5,0.0,0
2021-06-02 08:00,01H0608N,31,23.8,305
2021-06-02 08:00,01H0608N,32,26.3,108
2021-06-02 08:00,01H0608N,41,17.5,1
2021-06-02 08:00,01H0608N,42,13.0,1
2021-06-02 08:00,01H0608N,5,0.0,0
2021-06-02 08:00,01H0610S,31,0.0,0
2021-06-02 08:00,01H0610S,32,0.0,0
2021-06-02 08:00,01H0610S,41,0.0,0
2021-06-02 08:00,01H0610S,42,0.0,0
2021-06-02 08:00,01H0610S,5,0.0,0
2021-06-02 08:00,03A0015N,31,3.6,382
2021-06-02 08:00,03A0015N,32,3.6,95
2021-06-02 08:00,03A0015N,41,3.6,1
2021-06-02 08:00,03A0015N,42,3.6,29
2021-06-02 08:00,03A0015N,5,3.6,3
2021-06-02 08:00,03A0015S,31,11.2,745
2021-06-02 08:00,03A0015S,32,10.5,233
2021-06-02 08:00,03A0015S,41,29.7,22
2021-06-02 08:00,03A0015S,42,8.9,29
2021-06-02 08:00,03A0015S,5,72.8,16
2021-06-02 08:00,03A0041N,31,3.8,292
2021-06-02 08:00,03A0041N,32,3.9,161
2021-06-02 08:00,03A0041N,41,0.0,0
2021-06-02 08:00,03A0041N,42,4.1,18
2021-06-02 08:00,03A0041N,5,0.0,0
2021-06-02 08:00,03A0041S,31,20.1,532
2021-06-02 08:00,03A0041S,32,20.0,167
2021-06-02 08:00,03A0041S,41,47.7,13
2021-06-02 08:00,03A0041S,42,22.2,12
2021-06-02 08:00,03A0041S,5,79.2,16
2021-06-02 08:00,03F0006S,31,20.2,1220
2021-06-02 08:00,03F0006S,32,21.5,396
2021-06-02 08:00,03F0006S,41,17.9,12
2021-06-02 08:00,03F0006S,42,22.3,78
2021-06-02 08:00,03F0006S,5,38.6,266
2021-06-02 08:00,03F0021N,31,2.4,105
2021-06-02 08:00,03F0021N,32,2.4,49
2021-06-02 08:00,03F0021N,41,0.0,0
2021-06-02 08:00,03F0021N,42,2.4,14
2021-06-02 08:00,03F0021N,5,2.4,112
2021-06-02 08:00,03F0054N,31,10.9,8
2021-06-02 08:00,03F0054N,32,10.9,2
2021-06-02 08:00,03F0054N,41,0.0,0
2021-06-02 08:00,03F0054N,42,9.7,2
2021-06-02 08:00,03F0054N,5,10.9,2
2021-06-02 08:00,03F0087S,31,20.3,186
2021-06-02 08:00,03F0087S,32,27.6,67
2021-06-02 08:00,03F0087S,41,0.0,0
2021-06-02 08:00,03F0087S,42,53.3,7
2021-06-02 08:00,03F0087S,5,61.1,5
2021-06-02 08:00,03F0116N,31,16.9,402
2021-06-02 08:00,03F0116N,32,24.5,163
2021-06-02 08:00,03F0116N,41,13.5,9
2021-06-02 08:00,03F0116N,42,26.0,19
2021-06-02 08:00,03F0116N,5,21.2,30
2021-06-02 08:00,03F0116S,31,17.3,112
2021-06-02 08:00,03F0116S,32,23.0,62
2021-06-02 08:00,03F0116S,41,0.0,0
2021-06-02 08:00,03F0116S,42,31.8,18
2021-06-02 08:00,03F0116S,5,74.6,20
2021-06-02 08:00,03F0136S,31,18.4,664
2021-06-02 08:00,03F0136S,32,22.6,280
2021-06-02 08:00,03F0136S,41,15.1,12
2021-06-02 08:00,03F0136S,42,24.5,24
2021-06-02 08:00,03F0136S,5,64.6,19
2021-06-02 08:00,03F0140N,31,9.9,267
2021-06-02 08:00,03F0140N,32,10.3,103
2021-06-02 08:00,03F0140N,41,3.6,3
2021-06-02 08:00,03F0140N,42,15.3,2
2021-06-02 08:00,03F0140N,5,13.4,4
2021-06-02 08:00,03F0150N,31,0.0,0
2021-06-02 08:00,03F0150N,32,3.6,2
2021-06-02 08:00,03F0150N,41,0.0,0
2021-06-02 08:00,03F0150N,42,0.0,0
2021-06-02 08:00,03F0150N,5,0.0,0
2021-06-02 08:00,03F0158S,31,22.6,607
2021-06-02 08:00,03F0158S,32,32.3,235
2021-06-02 08:00,03F0158S,41,26.0,11
2021-06-02 08:00,03F0158S,42,18.8,15
2021-06-02 08:00,03F0158S,5,108.0,8
2021-06-02 08:00,03F0201N,31,9.6,163
2021-06-02 08:00,03F0201N,32,12.1,60
2021-06-02 08:00,03F0201N,41,19.8,2
2021-06-02 08:00,03F0201N,42,14.4,9
2021-06-02 08:00,03F0201N,5,96.3,1
2021-06-02 08:00,03F0201S,31,7.5,2
2021-06-02 08:00,03F0201S,32,0.0,0
2021-06-02 08:00,03F0201S,41,0.0,0
2021-06-02 08:00,03F0201S,42,0.0,0
2021-06-02 08:00,03F0201S,5,0.0,0
2021-06-02 08:00,03F0217N,31,14.4,594
2021-06-02 08:00,03F0217N,32,13.4,174
2021-06-02 08:00,03F0217N,41,19.3,13
2021-06-02 08:00,03F0217N,42,14.7,6
2021-06-02 08:00,03F0217N,5,0.0,0
2021-06-02 08:00,03F0217S,31,21.1,161
2021-06-02 08:00,03F0217S,32,23.9,100
2021-06-02 08:00,03F0217S,41,7.1,4
2021-06-02 08:00,03F0217S,42,19.1,15
2021-06-02 08:00,03F0217S,5,51.8,3
2021-06-02 08:00,03F0301N,31,15.7,635
2021-06-02 08:00,03F0301N,32,18.3,234
2021-06-02 08:00,03F0301N,41,0.0,0
2021-06-02 08:00,03F0301N,42,12.0,29
2021-06-02 08:00,03F0301N,5,25.4,3
2021-06-02 08:00,03F0301S,31,24.0,395
2021-06-02 08:00,03F0301S,32,24.2,169
2021-06-02 08:00,03F0301S,41,18.4,2
2021-06-02 08:00,03F0301S,42,15.8,30
2021-06-02 08:00,03F0301S,5,46.3,9
2021-06-02 08:00,03F0337S,31,20.2,1178
2021-06-02 08:00,03F0337S,32,23.2,483
2021-06-02 08:00,03F0337S,41,26.5,18
2021-06-02 08:00,03F0337S,42,27.2,81
2021-06-02 08:00,03F0337S,5,16.1,42
2021-06-02 08:00,03F0338N,31,18.2,654
2021-06-02 08:00,03F0338N,32,19.8,413
2021-06-02 08:00,03F0338N,41,14.0,2
2021-06-02 08:00,03F0338N,42,13.5,53
2021-06-02 08:00,03F0338N,5,15.3,20
2021-06-02 08:00,03F0394N,31,17.2,507
2021-06-02 08:00,03F0394N,32,20.1,379
2021-06-02 08:00,03F0394N,41,11.9,1
2021-06-02 08:00,03F0394N,42,17.2,61
2021-06-02 08:00,03F0394N,5,26.4,40
2021-06-02 08:00,03F0394S,31,27.7,1204
2021-06-02 08:00,03F0394S,32,30.6,742
2021-06-02 08:00,03F0394S,41,19.2,21
2021-06-02 08:00,03F0394S,42,39.7,78
2021-06-02 08:00,03F0394S,5,15.3,14
2021-06-02 08:00,03F0447N,31,11.0,759
2021-06-02 08:00,03F0447N,32,13.4,302
2021-06-02 08:00,03F0447N,41,3.5,4
2021-06-02 08:00,03F0447N,42,15.9,29
2021-06-02 08:00,03F0447N,5,10.5,23
2021-06-02 08:00,03F0447S,31,28.2,1029
2021-06-02 08:00,03F0447S,32,27.6,749
2021-06-02 08:00,03F0447S,41,12.2,32
2021-06-02 08:00,03F0447S,42,39.5,90
2021-06-02 08:00,03F0447S,5,49.6,54
2021-06-02 08:00,03F0498N,31,16.3,388
2021-06-02 08:00,03F0498N,32,16.3,241
2021-06-02 08:00,03F0498N,41,13.4,26
2021-06-02 08:00,03F0498N,42,15.9,20
2021-06-02 08:00,03F0498N,5,16.3,10
2021-06-02 08:00,03F0498S,31,24.4,2
2021-06-02 08:00,03F0498S,32,0.0,0
2021-06-02 08:00,03F0498S,41,0.0,0
2021-06-02 08:00,03F0498S,42,0.0,0
2021-06-02 08:00,03F0498S,5,0.0,0
2021-06-02 08:00,03F0525N,31,17.6,944
2021-06-02 08:00,03F0525N,32,17.4,502
2021-06-02 08:00,03F0525N,41,18.5,13
2021-06-02 08:00,03F0525N,42,13.2,99
2021-06-02 08:00,03F0525N,5,19.0,29
2021-06-02 08:00,03F0525S,31,24.1,591
2021-06-02 08:00,03F0525S,32,26.3,398
2021-06-02 08:00,03F0525S,41,0.0,0
2021-06-02 08:00,03F0525S,42,34.7,129
2021-06-02 08:00,03F0525S,5,66.7,51
2021-06-02 08:00,03F0559N,31,21.0,755
2021-06-02 08:00,03F0559N,32,22.3,412
2021-06-02 08:00,03F0559N,41,18.3,11
2021-06-02 08:00,03F0559N,42,18.4,82
2021-06-02 08:00,03F0559N,5,24.0,71
2021-06-02 08:00,03F0559S,31,30.5,608
2021-06-02 08:00,03F0559S,32,33.8,310
2021-06-02 08:00,03F0559S,41,8.3,6
2021-06-02 08:00,03F0559S,42,38.8,61
2021-06-02 08:00,03F0559S,5,30.2,40
2021-06-02 08:00,03F0648N,31,21.3,499
2021-06-02 08:00,03F0648N,32,23.8,212
2021-06-02 08:00,03F0648N,41,24.3,8
2021-06-02 08:00,03F0648N,42,21.5,43
2021-06-02 08:00,03F0648N,5,43.6,30
2021-06-02 08:00,03F0648S,31,37.5,309
2021-06-02 08:00,03F0648S,32,42.6,136
2021-06-02 08:00,03F0648S,41,0.0,0
2021-06-02 08:00,03F0648S,42,67.0,35
2021-06-02 08:00,03F0648S,5,87.6,13
2021-06-02 08:00,03F0698N,31,22.5,16
2021-06-02 08:00,03F0698N,32,30.4,4
2021-06-02 08:00,03F0698N,41,0.0,0
2021-06-02 08:00,03F0698N,42,27.5,2
2021-06-02 08:00,03F0698N,5,40.3,2
2021-06-02 08:00,03F0698S,31,42.3,218
2021-06-02 08:00,03F0698S,32,48.2,91
2021-06-02 08:00,03F0698S,41,0.0,0
2021-06-02 08:00,03F0698S,42,94.9,19
2021-06-02 08:00,03F0698S,5,55.7,7
2021-06-02 08:00,03F0783N,31,28.5,107
2021-06-02 08:00,03F0783N,32,31.2,39
2021-06-02 08:00,03F0783N,41,16.6,2
2021-06-02 08:00,03F0783N,42,36.8,6
2021-06-02 08:00,03F0783N,5,20.8,2
2021-06-02 08:00,03F0783S,31,28.5,8
2021-06-02 08:00,03F0783S,32,0.0,0
2021-06-02 08:00,03F0783S,41,0.0,0
2021-06-02 08:00,03F0783S,42,100.8,2
2021-06-02 08:00,03F0783S,5,27.7,1
2021-06-02 08:00,03F0846N,31,33.9,273
2021-06-02 08:00,03F0846N,32,36.0,109
2021-06-02 08:00,03F0846N,41,59.1,2
2021-06-02 08:00,03F0846N,42,35.9,13
2021-06-02 08:00,03F0846N,5,42.9,11
2021-06-02 08:00,03F0846S,31,24.8,163
2021-06-02 08:00,03F0846S,32,32.6,60
2021-06-02 08:00,03F0846S,41,22.8,6
2021-06-02 08:00,03F0846S,42,41.9,20
2021-06-02 08:00,03F0846S,5,32.5,5
2021-06-02 08:00,03F0961N,31,22.0,98
2021-06-02 08:00,03F0961N,32,31.2,52
2021-06-02 08:00,03F0961N,41,23.9,5
2021-06-02 08:00,03F0961N,42,47.4,13
2021-06-02 08:00,03F0961N,5,8.5,6
2021-06-02 08:00,03F0961S,31,19.8,538
2021-06-02 08:00,03F0961S,32,30.6,134
2021-06-02 08:00,03F0961S,41,8.5,2
2021-06-02 08:00,03F0961S,42,35.2,22
2021-06-02 08:00,03F0961S,5,43.2,35
2021-06-02 08:00,03F0996N,31,2.0,1
2021-06-02 08:00,03F0996N,32,0.0,0
2021-06-02 08:00,03F0996N,41,0.0,0
2021-06-02 08:00,03F0996N,42,0.0,0
2021-06-02 08:00,03F0996N,5,0.0,0
2021-06-02 08:00,03F0996S,31,17.3,299
2021-06-02 08:00,03F0996S,32,26.4,90
2021-06-02 08:00,03F0996S,41,20.2,14
2021-06-02 08:00,03F0996S,42,28.8,30
2021-06-02 08:00,03F0996S,5,43.3,12
2021-06-02 08:00,03F1022N,31,17.1,502
2021-06-02 08:00,03F1022N,32,21.9,166
2021-06-02 08:00,03F1022N,41,16.4,11
2021-06-02 08:00,03F1022N,42,26.6,30
2021-06-02 08:00,03F1022N,5,47.1,7
2021-06-02 08:00,03F1022S,31,0.0,0
2021-06-02 08:00,03F1022S,32,0.0,0
2021-06-02 08:00,03F1022S,41,0.0,0
2021-06-02 08:00,03F1022S,42,0.0,0
2021-06-02 08:00,03F1022S,5,0.0,0
2021-06-02 08:00,03F1051N,31,16.8,450
2021-06-02 08:00,03F1051N,32,20.6,185
2021-06-02 08:00,03F1051N,41,14.0,12
2021-06-02 08:00,03F1051N,42,35.9,44
2021-06-02 08:00,03F1051N,5,33.3,22
2021-06-02 08:00,03F1051S,31,21.9,293
2021-06-02 08:00,03F1051S,32,35.6,59
2021-06-02 08:00,03F1051S,41,14.8,7
2021-06-02 08:00,03F1051S,42,12.5,8
2021-06-02 08:00,03F1051S,5,15.2,9
2021-06-02 08:00,03F1128N,31,20.3,489
2021-06-02 08:00,03F1128N,32,23.5,121
2021-06-02 08:00,03F1128N,41,0.0,0
2021-06-02 08:00,03F1128N,42,33.1,13
2021-06-02 08:00,03F1128N,5,52.6,7
2021-06-02 08:00,03F1128S,31,39.3,87
2021-06-02 08:00,03F1128S,32,47.5,41
2021-06-02 08:00,03F1128S,41,14.9,1
2021-06-02 08:00,03F1128S,42,85.6,33
2021-06-02 08:00,03F1128S,5,94.9,41
2021-06-02 08:00,03F1161N,31,23.9,218
2021-06-02 08:00,03F1161N,32,34.2,85
2021-06-02 08:00,03F1161N,41,0.0,0
2021-06-02 08:00,03F1161N,42,39.8,55
2021-06-02 08:00,03F1161N,5,43.1,56
2021-06-02 08:00,03F1161S,31,0.0,0
2021-06-02 08:00,03F1161S,32,0.0,0
2021-06-02 08:00,03F1161S,41,0.0,0
2021-06-02 08:00,03F1161S,42,0.0,0
2021-06-02 08:00,03F1161S,5,0.0,0
2021-06-02 08:00,03F1215N,31,23.0,144
2021-06-02 08:00,03F1215N,32,31.8,47
2021-06-02 08:00,03F1215N,41,32.1,1
2021-06-02 08:00,03F1215N,42,38.8,10
2021-06-02 08:00,03F1215N,5,19.8,2
2021-06-02 08:00,03F1215S,31,37.3,121
2021-06-02 08:00,03F1215S,32,58.3,64
2021-06-02 08:00,03F1215S,41,8.8,5
2021-06-02 08:00,03F1215S,42,65.9,19
2021-06-02 08:00,03F1215S,5,65.9,18
2021-06-02 08:00,03F1257N,31,27.9,110
2021-06-02 08:00,03F1257N,32,29.1,41
2021-06-02 08:00,03F1257N,41,0.0,0
2021-06-02 08:00,03F1257N,42,64.1,6
2021-06-02 08:00,03F1257N,5,42.1,9
2021-06-02 08:00,03F1257S,31,24.0,18
2021-06-02 08:00,03F1257S,32,27.2,9
2021-06-02 08:00,03F1257S,41,0.0,0
2021-06-02 08:00,03F1257S,42,71.9,3
2021-06-02 08:00,03F1257S,5,56.3,6
2021-06-02 08:00,03F1332N,31,0.0,0
2021-06-02 08:00,03F1332N,32,0.0,0
2021-06-02 08:00,03F1332N,41,0.0,0
2021-06-02 08:00,03F1332N,42,94.2,2
2021-06-02 08:00,03F1332N,5,0.0,0
2021-06-02 08:00,03F1332S,31,33.8,66
2021-06-02 08:00,03F1332S,32,33.9,44
2021-06-02 08:00,03F1332S,41,0.0,0
2021-06-02 08:00,03F1332S,42,57.1,11
2021-06-02 08:00,03F1332S,5,57.2,14
2021-06-02 08:00,03F1395N,31,35.4,92
2021-06-02 08:00,03F1395N,32,39.4,39
2021-06-02 08:00,03F1395N,41,0.0,0
2021-06-02 08:00,03F1395N,42,57.4,7
2021-06-02 08:00,03F1395N,5,92.9,31
2021-06-02 08:00,03F1395S,31,58.9,5
2021-06-02 08:00,03F1395S,32,37.9,7
2021-06-02 08:00,03F1395S,41,0.0,0
2021-06-02 08:00,03F1395S,42,74.3,2
2021-06-02 08:00,03F1395S,5,84.8,1
2021-06-02 08:00,03F1485N,31,47.6,62
2021-06-02 08:00,03F1485N,32,51.6,55
2021-06-02 08:00,03F1485N,41,0.0,0
2021-06-02 08:00,03F1485N,42,69.7,28
2021-06-02 08:00,03F1485N,5,52.5,22
2021-06-02 08:00,03F1485S,31,34.3,57
2021-06-02 08:00,03F1485S,32,51.9,20
2021-06-02 08:00,03F1485S,41,0.0,0
2021-06-02 08:00,03F1485S,42,50.5,8
2021-06-02 08:00,03F1485S,5,127.8,5
2021-06-02 08:00,03F1633N,31,17.8,86
2021-06-02 08:00,03F1633N,32,32.0,38
2021-06-02 08:00,03F1633N,41,0.0,0
2021-06-02 08:00,03F1633N,42,37.4,11
2021-06-02 08:00,03F1633N,5,40.6,10
2021-06-02 08:00,03F1633S,31,23.8,246
2021-06-02 08:00,03F1633S,32,31.2,126
2021-06-02 08:00,03F1633S,41,0.0,0
2021-06-02 08:00,03F1633S,42,47.9,61
2021-06-02 08:00,03F1633S,5,44.6,24
2021-06-02 08:00,03F1651N,31,29.3,145
2021-06-02 08:00,03F1651N,32,30.8,110
2021-06-02 08:00,03F1651N,41,0.0,0
2021-06-02 08:00,03F1651N,42,62.9,22
2021-06-02 08:00,03F1651N,5,79.6,42
2021-06-02 08:00,03F1651S,31,21.3,348
2021-06-02 08:00,03F1651S,32,25.1,153
2021-06-02 08:00,03F1651S,41,17.8,6
2021-06-02 08:00,03F1651S,42,27.6,29
2021-06-02 08:00,03F1651S,5,37.9,5
2021-06-02 08:00,03F1710N,31,0.0,0
2021-06-02 08:00,03F1710N,32,84.3,2
2021-06-02 08:00,03F1710N,41,0.0,0
2021-06-02 08:00,03F1710N,42,28.1,1
2021-06-02 08:00,03F1710N,5,103.7,5
2021-06-02 08:00,03F1710S,31,22.8,190
2021-06-02 08:00,03F1710S,32,27.1,101
2021-06-02 08:00,03F1710S,41,7.1,1
2021-06-02 08:00,03F1710S,42,38.7,35
2021-06-02 08:00,03F1710S,5,25.1,5
2021-06-02 08:00,03F1739N,31,28.8,236
2021-06-02 08:00,03F1739N,32,30.8,102
2021-06-02 08:00,03F1739N,41,35.8,3
2021-06-02 08:00,03F1739N,42,40.2,31
2021-06-02 08:00,03F1739N,5,61.8,14
2021-06-02 08:00,03F1739S,31,0.0,0
2021-06-02 08:00,03F1739S,32,19.2,1
2021-06-02 08:00,03F1739S,41,0.0,0
2021-06-02 08:00,03F1739S,42,39.1,4
2021-06-02 08:00,03F1739S,5,0.0,0
2021-06-02 08:00,03F1779N,31,25.1,316
2021-06-02 08:00,03F1779N,32,36.7,171
2021-06-02 08:00,03F1779N,41,45.9,2
2021-06-02 08:00,03F1779N,42,44.5,57
2021-06-02 08:00,03F1779N,5,46.9,18
2021-06-02 08:00,03F1779S,31,24.9,296
2021-06-02 08:00,03F1779S,32,29.9,148
2021-06-02 08:00,03F1779S,41,0.0,0
2021-06-02 08:00,03F1779S,42,41.5,37
2021-06-02 08:00,03F1779S,5,85.4,55
2021-06-02 08:00,03F1860N,31,23.5,237
2021-06-02 08:00,03F1860N,32,28.3,112
2021-06-02 08:00,03F1860N,41,0.0,0
2021-06-02 08:00,03F1860N,42,42.7,30
2021-06-02 08:00,03F1860N,5,69.7,14
2021-06-02 08:00,03F1860S,31,29.7,335
2021-06-02 08:00,03F1860S,32,39.0,210
2021-06-02 08:00,03F1860S,41,8.8,1
2021-06-02 08:00,03F1860S,42,42.2,63
2021-06-02 08:00,03F1860S,5,54.6,38
2021-06-02 08:00,03F1941N,31,0.0,0
2021-06-02 08:00,03F1941N,32,0.0,0
2021-06-02 08:00,03F1941N,41,0.0,0
2021-06-02 08:00,03F1941N,42,0.0,0
2021-06-02 08:00,03F1941N,5,0.0,0
2021-06-02 08:00,03F1944S,31,17.4,383
2021-06-02 08:00,03F1944S,32,20.6,252
2021-06-02 08:00,03F1944S,41,0.0,0
2021-06-02 08:00,03F1944S,42,30.0,91
2021-06-02 08:00,03F1944S,5,69.9,106
2021-06-02 08:00,03F1991S,31,5.3,1
2021-06-02 08:00,03F1991S,32,0.0,0
2021-06-02 08:00,03F1991S,41,0.0,0
2021-06-02 08:00,03F1991S,42,0.0,0
2021-06-02 08:00,03F1991S,5,0.0,0
2021-06-02 08:00,03F1992N,31,24.0,503
2021-06-02 08:00,03F1992N,32,31.7,293
2021-06-02 08:00,03F1992N,41,23.5,1
2021-06-02 08:00,03F1992N,42,32.2,75
2021-06-02 08:00,03F1992N,5,28.7,47
2021-06-02 08:00,03F2066N,31,21.9,138
2021-06-02 08:00,03F2066N,32,31.4,231
2021-06-02 08:00,03F2066N,41,0.0,0
2021-06-02 08:00,03F2066N,42,32.8,115
2021-06-02 08:00,03F2066N,5,51.0,58
2021-06-02 08:00,03F2066S,31,19.3,850
2021-06-02 08:00,03F2066S,32,20.4,339
2021-06-02 08:00,03F2066S,41,10.8,7
2021-06-02 08:00,03F2066S,42,19.1,90
2021-06-02 08:00,03F2066S,5,13.6,51
2021-06-02 08:00,03F2078N,31,23.0,312
2021-06-02 08:00,03F2078N,32,28.2,269
2021-06-02 08:00,03F2078N,41,0.0,0
2021-06-02 08:00,03F2078N,42,28.3,66
2021-06-02 08:00,03F2078N,5,36.5,24
2021-06-02 08:00,03F2079S,31,23.7,169
2021-06-02 08:00,03F2079S,32,18.5,163
2021-06-02 08:00,03F2079S,41,0.0,0
2021-06-02 08:00,03F2079S,42,17.3,40
2021-06-02 08:00,03F2079S,5,44.7,10
2021-06-02 08:00,03F2100N,31,16.8,589
2021-06-02 08:00,03F2100N,32,22.2,343
2021-06-02 08:00,03F2100N,41,9.2,3
2021-06-02 08:00,03F2100N,42,32.3,65
2021-06-02 08:00,03F2100N,5,21.6,44
2021-06-02 08:00,03F2100S,31,24.6,297
2021-06-02 08:00,03F2100S,32,30.0,177
2021-06-02 08:00,03F2100S,41,16.4,2
2021-06-02 08:00,03F2100S,42,25.9,31
2021-06-02 08:00,03F2100S,5,6.6,27
2021-06-02 08:00,03F2125N,31,12.3,407
2021-06-02 08:00,03F2125N,32,17.1,177
2021-06-02 08:00,03F2125N,41,8.4,4
2021-06-02 08:00,03F2125N,42,19.8,26
2021-06-02 08:00,03F2125N,5,31.4,39
2021-06-02 08:00,03F2129S,31,22.6,1149
2021-06-02 08:00,03F2129S,32,26.6,581
2021-06-02 08:00,03F2129S,41,19.6,4
2021-06-02 08:00,03F2129S,42,30.9,64
2021-06-02 08:00,03F2129S,5,24.1,34
2021-06-02 08:00,03F2152S,31,27.5,113
2021-06-02 08:00,03F2152S,32,23.0,54
2021-06-02 08:00,03F2152S,41,22.8,1
2021-06-02 08:00,03F2152S,42,36.7,30
2021-06-02 08:00,03F2152S,5,59.8,12
2021-06-02 08:00,03F2153N,31,14.0,227
2021-06-02 08:00,03F2153N,32,17.3,153
2021-06-02 08:00,03F2153N,41,12.1,4
2021-06-02 08:00,03F2153N,42,19.2,22
2021-06-02 08:00,03F2153N,5,21.8,10
2021-06-02 08:00,03F2194N,31,15.4,342
2021-06-02 08:00,03F2194N,32,11.9,236
2021-06-02 08:00,03F2194N,41,0.0,0
2021-06-02 08:00,03F2194N,42,14.6,53
2021-06-02 08:00,03F2194N,5,0.0,0
2021-06-02 08:00,03F2194S,31,20.3,119
2021-06-02 08:00,03F2194S,32,37.9,62
2021-06-02 08:00,03F2194S,41,24.0,2
2021-06-02 08:00,03F2194S,42,41.1,24
2021-06-02 08:00,03F2194S,5,19.4,6
2021-06-02 08:00,03F2231N,31,18.3,411
2021-06-02 08:00,03F2231N,32,21.1,205
2021-06-02 08:00,03F2231N,41,2.2,1
2021-06-02 08:00,03F2231N,42,29.3,67
2021-06-02 08:00,03F2231N,5,32.0,33
2021-06-02 08:00,03F2235S,31,11.5,249
2021-06-02 08:00,03F2235S,32,16.7,102
2021-06-02 08:00,03F2235S,41,37.8,2
2021-06-02 08:00,03F2235S,42,22.8,11
2021-06-02 08:00,03F2235S,5,0.0,0
2021-06-02 08:00,03F2260N,31,16.8,307
2021-06-02 08:00,03F2260N,32,20.3,116
2021-06-02 08:00,03F2260N,41,0.0,0
2021-06-02 08:00,03F2260N,42,19.6,25
2021-06-02 08:00,03F2260N,5,40.3,6
2021-06-02 08:00,03F2261S,31,16.9,217
2021-06-02 08:00,03F2261S,32,29.5,78
2021-06-02 08:00,03F2261S,41,12.1,1
2021-06-02 08:00,03F2261S,42,53.7,21
2021-06-02 08:00,03F2261S,5,45.2,14
2021-06-02 08:00,03F2306N,31,18.6,39
2021-06-02 08:00,03F2306N,32,15.7,20
2021-06-02 08:00,03F2306N,41,0.0,0
2021-06-02 08:00,03F2306N,42,0.0,0
2021-06-02 08:00,03F2306N,5,39.8,1
2021-06-02 08:00,03F2306S,31,23.0,77
2021-06-02 08:00,03F2306S,32,25.3,37
2021-06-02 08:00,03F2306S,41,0.0,0
2021-06-02 08:00,03F2306S,42,64.5,9
2021-06-02 08:00,03F2306S,5,107.7,3
2021-06-02 08:00,03F2336N,31,23.9,199
2021-06-02 08:00,03F2336N,32,30.3,83
2021-06-02 08:00,03F2336N,41,24.3,3
2021-06-02 08:00,03F2336N,42,31.8,18
2021-06-02 08:00,03F2336N,5,65.4,36
2021-06-02 08:00,03F2336S,31,26.2,32
2021-06-02 08:00,03F2336S,32,19.0,9
2021-06-02 08:00,03F2336S,41,0.0,0
2021-06-02 08:00,03F2336S,42,18.7,1
2021-06-02 08:00,03F2336S,5,0.0,0
2021-06-02 08:00,03F2415N,31,25.8,176
2021-06-02 08:00,03F2415N,32,32.2,48
2021-06-02 08:00,03F2415N,41,31.4,2
2021-06-02 08:00,03F2415N,42,37.7,17
2021-06-02 08:00,03F2415N,5,31.0,3
2021-06-02 08:00,03F2415S,31,29.2,50
2021-06-02 08:00,03F2415S,32,27.6,18
2021-06-02 08:00,03F2415S,41,146.2,1
2021-06-02 08:00,03F2415S,42,52.1,7
2021-06-02 08:00,03F2415S,5,89.4,3
2021-06-02 08:00,03F2447N,31,27.1,64
2021-06-02 08:00,03F2447N,32,22.5,29
2021-06-02 08:00,03F2447N,41,0.0,0
2021-06-02 08:00,03F2447N,42,19.4,2
2021-06-02 08:00,03F2447N,5,12.3,20
2021-06-02 08:00,03F2447S,31,42.5,37
2021-06-02 08:00,03F2447S,32,28.9,14
2021-06-02 08:00,03F2447S,41,0.0,0
2021-06-02 08:00,03F2447S,42,25.4,9
2021-06-02 08:00,03F2447S,5,27.2,19
2021-06-02 08:00,03F2535N,31,41.0,80
2021-06-02 08:00,03F2535N,32,51.1,38
2021-06-02 08:00,03F2535N,41,0.0,0
2021-06-02 08:00,03F2535N,42,63.1,37
2021-06-02 08:00,03F2535N,5,71.8,24
2021-06-02 08:00,03F2535S,31,24.7,51
2021-06-02 08:00,03F2535S,32,22.0,23
2021-06-02 08:00,03F2535S,41,0.0,0
2021-06-02 08:00,03F2535S,42,44.1,3
2021-06-02 08:00,03F2535S,5,10.2,2
2021-06-02 08:00,03F2614N,31,22.7,126
2021-06-02 08:00,03F2614N,32,29.0,66
2021-06-02 08:00,03F2614N,41,0.0,0
2021-06-02 08:00,03F2614N,42,26.4,28
2021-06-02 08:00,03F2614N,5,31.2,29
2021-06-02 08:00,03F2614S,31,26.9,113
2021-06-02 08:00,03F2614S,32,33.1,64
2021-06-02 08:00,03F2614S,41,0.0,0
2021-06-02 08:00,03F2614S,42,39.5,33
2021-06-02 08:00,03F2614S,5,68.4,19
2021-06-02 08:00,03F2709N,31,33.2,1
2021-06-02 08:00,03F2709N,32,0.0,0
2021-06-02 08:00,03F2709N,41,0.0,0
2021-06-02 08:00,03F2709N,42,0.0,0
2021-06-02 08:00,03F2709N,5,0.0,0
2021-06-02 08:00,03F2709S,31,38.0,75
2021-06-02 08:00,03F2709S,32,35.8,43
2021-06-02 08:00,03F2709S,41,0.0,0
2021-06-02 08:00,03F2709S,42,32.3,12
2021-06-02 08:00,03F2709S,5,10.2,5
2021-06-02 08:00,03F2747N,31,45.0,3
2021-06-02 08:00,03F2747N,32,0.0,0
2021-06-02 08:00,03F2747N,41,0.0,0
2021-06-02 08:00,03F2747N,42,0.0,0
2021-06-02 08:00,03F2747N,5,0.0,0
2021-06-02 08:00,03F2747S,31,36.3,33
2021-06-02 08:00,03F2747S,32,39.6,18
2021-06-02 08:00,03F2747S,41,0.0,0
2021-06-02 08:00,03F2747S,42,46.3,3
2021-06-02 08:00,03F2747S,5,18.7,2
2021-06-02 08:00,03F2777N,31,25.7,42
2021-06-02 08:00,03F2777N,32,41.0,27
2021-06-02 08:00,03F2777N,41,0.0,0
2021-06-02 08:00,03F2777N,42,46.6,9
2021-06-02 08:00,03F2777N,5,36.4,12
2021-06-02 08:00,03F2777S,31,41.3,2
2021-06-02 08:00,03F2777S,32,23.6,1
2021-06-02 08:00,03F2777S,41,0.0,0
2021-06-02 08:00,03F2777S,42,147.6,1
2021-06-02 08:00,03F2777S,5,0.0,0
2021-06-02 08:00,03F2840N,31,32.6,192
2021-06-02 08:00,03F2840N,32,33.8,81
2021-06-02 08:00,03F2840N,41,0.0,0
2021-06-02 08:00,03F2840N,42,30.3,32
2021-06-02 08:00,03F2840N,5,34.0,4
2021-06-02 08:00,03F2840S,31,18.6,110
2021-06-02 08:00,03F2840S,32,29.2,51
2021-06-02 08:00,03F2840S,41,0.0,0
2021-06-02 08:00,03F2840S,42,60.1,14
2021-06-02 08:00,03F2840S,5,82.8,16
2021-06-02 08:00,03F2899N,31,0.0,0
2021-06-02 08:00,03F2899N,32,0.0,0
2021-06-02 08:00,03F2899N,41,0.0,0
2021-06-02 08:00,03F2899N,42,0.0,0
2021-06-02 08:00,03F2899N,5,0.0,0
2021-06-02 08:00,03F2899S,31,0.0,0
2021-06-02 08:00,03F2899S,32,0.0,0
2021-06-02 08:00,03F2899S,41,0.0,0
2021-06-02 08:00,03F2899S,42,18.1,1
2021-06-02 08:00,03F2899S,5,0.0,0
2021-06-02 08:00,03F2923N,31,24.3,130
2021-06-02 08:00,03F2923N,32,22.1,65
2021-06-02 08:00,03F2923N,41,0.0,0
2021-06-02 08:00,03F2923N,42,22.1,11
2021-06-02 08:00,03F2923N,5,178.4,1
2021-06-02 08:00,03F2923S,31,20.5,218
2021-06-02 08:00,03F2923S,32,25.5,127
2021-06-02 08:00,03F2923S,41,0.0,0
2021-06-02 08:00,03F2923S,42,30.3,49
2021-06-02 08:00,03F2923S,5,78.8,22
2021-06-02 08:00,03F2985N,31,15.5,158
2021-06-02 08:00,03F2985N,32,22.2,101
2021-06-02 08:00,03F2985N,41,0.0,0
2021-06-02 08:00,03F2985N,42,16.9,25
2021-06-02 08:00,03F2985N,5,24.0,13
2021-06-02 08:00,03F2985S,31,27.2,141
2021-06-02 08:00,03F2985S,32,29.9,64
2021-06-02 08:00,03F2985S,41,3.0,1
2021-06-02 08:00,03F2985S,42,39.2,14
2021-06-02 08:00,03F2985S,5,58.0,9
2021-06-02 08:00,03F3101N,31,35.4,42
2021-06-02 08:00,03F3101N,32,33.6,19
2021-06-02 08:00,03F3101N,41,0.0,0
2021-06-02 08:00,03F3101N,42,29.6,5
2021-06-02 08:00,03F3101N,5,12.7,2
2021-06-02 08:00,03F3101S,31,43.3,44
2021-06-02 08:00,03F3101S,32,47.8,42
2021-06-02 08:00,03F3101S,41,0.0,0
2021-06-02 08:00,03F3101S,42,39.5,13
2021-06-02 08:00,03F3101S,5,40.5,7
2021-06-02 08:00,03F3187N,31,23.2,5
2021-06-02 08:00,03F3187N,32,19.4,1
2021-06-02 08:00,03F3187N,41,0.0,0
2021-06-02 08:00,03F3187N,42,0.0,0
2021-06-02 08:00,03F3187N,5,0.0,0
2021-06-02 08:00,03F3187S,31,31.7,48
2021-06-02 08:00,03F3187S,32,43.5,27
2021-06-02 08:00,03F3187S,41,0.0,0
2021-06-02 08:00,03F3187S,42,38.2,12
2021-06-02 08:00,03F3187S,5,81.5,5
2021-06-02 08:00,03F3211N,31,31.9,12
2021-06-02 08:00,03F3211N,32,20.5,6
2021-06-02 08:00,03F3211N,41,0.0,0
2021-06-02 08:00,03F3211N,42,27.5,3
2021-06-02 08:00,03F3211N,5,22.0,2
2021-06-02 08:00,03F3211S,31,29.1,5
2021-06-02 08:00,03F3211S,32,50.9,5
2021-06-02 08:00,03F3211S,41,0.0,0
2021-06-02 08:00,03F3211S,42,0.0,0
2021-06-02 08:00,03F3211S,5,104.6,1
2021-06-02 08:00,03F3259N,31,49.4,25
2021-06-02 08:00,03F3259N,32,83.9,7
2021-06-02 08:00,03F3259N,41,0.0,0
2021-06-02 08:00,03F3259N,42,68.2,2
2021-06-02 08:00,03F3259N,5,50.0,2
2021-06-02 08:00,03F3259S,31,28.0,79
2021-06-02 08:00,03F3259S,32,25.0,41
2021-06-02 08:00,03F3259S,41,0.0,0
2021-06-02 08:00,03F3259S,42,35.5,17
2021-06-02 08:00,03F3259S,5,52.0,19
2021-06-02 08:00,03F3307N,31,28.9,78
2021-06-02 08:00,03F3307N,32,54.0,40
2021-06-02 08:00,03F3307N,41,0.0,0
2021-06-02 08:00,03F3307N,42,40.1,5
2021-06-02 08:00,03F3307N,5,80.9,2
2021-06-02 08:00,03F3307S,31,20.6,103
2021-06-02 08:00,03F3307S,32,19.7,41
2021-06-02 08:00,03F3307S,41,10.5,1
2021-06-02 08:00,03F3307S,42,24.1,11
2021-06-02 08:00,03F3307S,5,42.7,7
2021-06-02 08:00,03F3392N,31,21.9,113
2021-06-02 08:00,03F3392N,32,38.9,48
2021-06-02 08:00,03F3392N,41,35.6,2
2021-06-02 08:00,03F3392N,42,45.6,19
2021-06-02 08:00,03F3392N,5,60.6,10
2021-06-02 08:00,03F3392S,31,25.6,128
2021-06-02 08:00,03F3392S,32,26.0,57
2021-06-02 08:00,03F3392S,41,0.0,0
2021-06-02 08:00,03F3392S,42,28.2,46
2021-06-02 08:00,03F3392S,5,50.9,41
2021-06-02 08:00,03F3445N,31,25.5,152
2021-06-02 08:00,03F3445N,32,27.5,85
2021-06-02 08:00,03F3445N,41,0.0,0
2021-06-02 08:00,03F3445N,42,71.2,18
2021-06-02 08:00,03F3445N,5,23.6,6
2021-06-02 08:00,03F3445S,31,24.2,133
2021-06-02 08:00,03F3445S,32,23.0,49
2021-06-02 08:00,03F3445S,41,0.0,0
2021-06-02 08:00,03F3445S,42,33.5,21
2021-06-02 08:00,03F3445S,5,46.4,31
2021-06-02 08:00,03F3496N,31,27.6,332
2021-06-02 08:00,03F3496N,32,30.2,201
2021-06-02 08:00,03F3496N,41,43.9,2
2021-06-02 08:00,03F3496N,42,38.8,56
2021-06-02 08:00,03F3496N,5,113.5,18
2021-06-02 08:00,03F3496S,31,23.5,142
2021-06-02 08:00,03F3496S,32,30.3,108
2021-06-02 08:00,03F3496S,41,27.4,4
2021-06-02 08:00,03F3496S,42,32.9,31
2021-06-02 08:00,03F3496S,5,43.3,56
2021-06-02 08:00,03F3588N,31,51.7,4
2021-06-02 08:00,03F3588N,32,47.3,2
2021-06-02 08:00,03F3588N,41,0.0,0
2021-06-02 08:00,03F3588N,42,0.0,0
2021-06-02 08:00,03F3588N,5,0.0,0
2021-06-02 08:00,03F3588S,31,37.9,145
2021-06-02 08:00,03F3588S,32,37.4,109
2021-06-02 08:00,03F3588S,41,46.8,2
2021-06-02 08:00,03F3588S,42,38.7,19
2021-06-02 08:00,03F3588S,5,28.1,51
2021-06-02 08:00,03F3670N,31,48.5,45
2021-06-02 08:00,03F3670N,32,37.8,28
2021-06-02 08:00,03F3670N,41,0.0,0
2021-06-02 08:00,03F3670N,42,48.2,12
2021-06-02 08:00,03F3670N,5,73.8,5
2021-06-02 08:00,03F3670S,31,67.5,1
2021-06-02 08:00,03F3670S,32,24.4,3
2021-06-02 08:00,03F3670S,41,0.0,0
2021-06-02 08:00,03F3670S,42,0.0,0
2021-06-02 08:00,03F3670S,5,0.0,0
2021-06-02 08:00,03F3743N,31,60.0,213
2021-06-02 08:00,03F3743N,32,50.4,163
2021-06-02 08:00,03F3743N,41,0.0,0
2021-06-02 08:00,03F3743N,42,57.1,58
2021-06-02 08:00,03F3743N,5,64.4,152
2021-06-02 08:00,03F3743S,31,25.5,63
2021-06-02 08:00,03F3743S,32,28.6,42
2021-06-02 08:00,03F3743S,41,0.0,0
2021-06-02 08:00,03F3743S,42,20.7,7
2021-06-02 08:00,03F3743S,5,16.2,12
2021-06-02 08:00,03F3854N,31,30.0,215
2021-06-02 08:00,03F3854N,32,41.0,124
2021-06-02 08:00,03F3854N,41,189.5,1
2021-06-02 08:00,03F3854N,42,55.9,51
2021-06-02 08:00,03F3854N,5,45.3,50
2021-06-02 08:00,03F3854S,31,16.4,348
2021-06-02 08:00,03F3854S,32,19.3,176
2021-06-02 08:00,03F3854S,41,24.3,1
2021-06-02 08:00,03F3854S,42,22.1,47
2021-06-02 08:00,03F3854S,5,16.4,12
2021-06-02 08:00,03F3916N,31,29.0,127
2021-06-02 08:00,03F3916N,32,34.7,60
2021-06-02 08:00,03F3916N,41,0.0,0
2021-06-02 08:00,03F3916N,42,56.0,18
2021-06-02 08:00,03F3916N,5,52.6,37
2021-06-02 08:00,03F3916S,31,23.8,58
2021-06-02 08:00,03F3916S,32,28.5,52
2021-06-02 08:00,03F3916S,41,0.0,0
2021-06-02 08:00,03F3916S,42,22.9,15
2021-06-02 08:00,03F3916S,5,36.0,8
2021-06-02 08:00,03F3981S,31,0.0,0
2021-06-02 08:00,03F3981S,32,0.0,0
2021-06-02 08:00,03F3981S,41,0.0,0
2021-06-02 08:00,03F3981S,42,0.0,0
2021-06-02 08:00,03F3981S,5,0.0,0
2021-06-02 08:00,03F3984N,31,39.8,95
2021-06-02 08:00,03F3984N,32,34.2,91
2021-06-02 08:00,03F3984N,41,0.0,0
2021-06-02 08:00,03F3984N,42,48.9,29
2021-06-02 08:00,03F3984N,5,17.2,2
2021-06-02 08:00,03F4018S,31,16.5,115
2021-06-02 08:00,03F4018S,32,17.3,77
2021-06-02 08:00,03F4018S,41,7.1,1
2021-06-02 08:00,03F4018S,42,16.4,24
2021-06-02 08:00,03F4018S,5,15.2,7
2021-06-02 08:00,03F4021N,31,39.5,140
2021-06-02 08:00,03F4021N,32,33.9,75
2021-06-02 08:00,03F4021N,41,0.0,0
2021-06-02 08:00,03F4021N,42,55.8,37
2021-06-02 08:00,03F4021N,5,62.0,20
2021-06-02 08:00,03F4142N,31,18.6,280
2021-06-02 08:00,03F4142N,32,26.1,142
2021-06-02 08:00,03F4142N,41,0.0,0
2021-06-02 08:00,03F4142N,42,65.5,38
2021-06-02 08:00,03F4142N,5,59.2,18
2021-06-02 08:00,03F4142S,31,12.8,231
2021-06-02 08:00,03F4142S,32,14.0,98
2021-06-02 08:00,03F4142S,41,0.0,0
2021-06-02 08:00,03F4142S,42,13.0,21
2021-06-02 08:00,03F4142S,5,9.1,8
2021-06-02 08:00,03F4168N,31,22.4,120
2021-06-02 08:00,03F4168N,32,21.8,54
2021-06-02 08:00,03F4168N,41,0.0,0
2021-06-02 08:00,03F4168N,42,37.0,19
2021-06-02 08:00,03F4168N,5,48.7,16
2021-06-02 08:00,03F4168S,31,10.3,370
2021-06-02 08:00,03F4168S,32,10.7,211
2021-06-02 08:00,03F4168S,41,15.3,3
2021-06-02 08:00,03F4168S,42,10.6,56
2021-06-02 08:00,03F4168S,5,10.8,95
2021-06-02 08:00,03F4232N,31,29.1,205
2021-06-02 08:00,03F4232N,32,31.3,98
2021-06-02 08:00,03F4232N,41,9.3,3
2021-06-02 08:00,03F4232N,42,30.8,48
2021-06-02 08:00,03F4232N,5,23.1,61
2021-06-02 08:00,03F4232S,31,15.3,1
2021-06-02 08:00,03F4232S,32,0.0,0
2021-06-02 08:00,03F4232S,41,0.0,0
2021-06-02 08:00,03F4232S,42,0.0,0
2021-06-02 08:00,03F4232S,5,0.0,0
2021-06-02 08:00,03F4259N,31,28.2,141
2021-06-02 08:00,03F4259N,32,28.7,51
2021-06-02 08:00,03F4259N,41,17.3,4
2021-06-02 08:00,03F4259N,42,66.0,13
2021-06-02 08:00,03F4259N,5,29.0,5
2021-06-02 08:00,03F4263S,31,6.0,9
2021-06-02 08:00,03F4263S,32,6.0,6
2021-06-02 08:00,03F4263S,41,0.0,0
2021-06-02 08:00,03F4263S,42,0.0,0
2021-06-02 08:00,03F4263S,5,0.0,0
2021-06-02 08:00,05F0000S,31,0.0,0
2021-06-02 08:00,05F0000S,32,9.3,2
2021-06-02 08:00,05F0000S,41,0.0,0
2021-06-02 08:00,05F0000S,42,0.0,0
2021-06-02 08:00,05F0000S,5,0.0,0
2021-06-02 08:00,05F0001N,31,12.0,149
2021-06-02 08:00,05F0001N,32,13.8,62
2021-06-02 08:00,05F0001N,41,0.0,0
2021-06-02 08:00,05F0001N,42,25.9,3
2021-06-02 08:00,05F0001N,5,0.0,0
2021-06-02 08:00,05F0055N,31,30.2,80
2021-06-02 08:00,05F0055N,32,40.5,19
2021-06-02 08:00,05F0055N,41,10.7,1
2021-06-02 08:00,05F0055N,42,0.0,0
2021-06-02 08:00,05F0055N,5,0.0,0
2021-06-02 08:00,05F0055S,31,28.6,132
2021-06-02 08:00,05F0055S,32,28.4,64
2021-06-02 08:00,05F0055S,41,10.7,1
2021-06-02 08:00,05F0055S,42,10.7,1
2021-06-02 08:00,05F0055S,5,0.0,0
2021-06-02 08:00,05F0287N,31,39.4,148
2021-06-02 08:00,05F0287N,32,50.1,71
2021-06-02 08:00,05F0287N,41,42.2,6
2021-06-02 08:00,05F0287N,42,36.9,4
2021-06-02 08:00,05F0287N,5,0.0,0
2021-06-02 08:00,05F0287S,31,25.2,6
2021-06-02 08:00,05F0287S,32,17.3,5
2021-06-02 08:00,05F0287S,41,0.0,0
2021-06-02 08:00,05F0287S,42,0.0,0
2021-06-02 08:00,05F0287S,5,0.0,0
2021-06-02 08:00,05F0309N,31,46.4,294
2021-06-02 08:00,05F0309N,32,53.2,142
2021-06-02 08:00,05F0309N,41,45.8,7
2021-06-02 08:00,05F0309N,42,8.3,5
2021-06-02 08:00,05F0309N,5,8.3,17
2021-06-02 08:00,05F0309S,31,13.6,88
2021-06-02 08:00,05F0309S,32,16.6,40
2021-06-02 08:00,05F0309S,41,16.4,1
2021-06-02 08:00,05F0309S,42,14.2,12
2021-06-02 08:00,05F0309S,5,20.7,68
2021-06-02 08:00,05F0438N,31,40.4,331
2021-06-02 08:00,05F0438N,32,46.6,144
2021-06-02 08:00,05F0438N,41,48.5,8
2021-06-02 08:00,05F0438N,42,14.3,15
2021-06-02 08:00,05F0438N,5,15.8,17
2021-06-02 08:00,05F0439S,31,0.0,0
2021-06-02 08:00,05F0439S,32,0.0,0
2021-06-02 08:00,05F0439S,41,0.0,0
2021-06-02 08:00,05F0439S,42,0.0,0
2021-06-02 08:00,05F0439S,5,0.0,0
2021-06-02 08:00,05F0494S,31,7.6,126
2021-06-02 08:00,05F0494S,32,7.6,46
2021-06-02 08:00,05F0494S,41,7.6,1
2021-06-02 08:00,05F0494S,42,7.6,2
2021-06-02 08:00,05F0494S,5,7.6,20
2021-06-02 08:00,05F0528N,31,25.2,228
2021-06-02 08:00,05F0528N,32,39.4,94
2021-06-02 08:00,05F0528N,41,7.6,1
2021-06-02 08:00,05F0528N,42,19.0,18
2021-06-02 08:00,05F0528N,5,18.7,85
2021-06-02 08:00,05FR113S,31,9.4,268
2021-06-02 08:00,05FR113S,32,9.6,94
2021-06-02 08:00,05FR113S,41,0.0,0
2021-06-02 08:00,05FR113S,42,12.0,14
2021-06-02 08:00,05FR113S,5,13.6,11
2021-06-02 08:00,05FR143N,31,0.0,0
2021-06-02 08:00,05FR143N,32,0.0,0
2021-06-02 08:00,05FR143N,41,0.0,0
2021-06-02 08:00,05FR143N,42,0.0,0
2021-06-02 08:00,05FR143N,5,0.0,0
