2021-06-04 04:00,01F0005N,31,1.1,27
2021-06-04 04:00,01F0005N,32,1.1,16
2021-06-04 04:00,01F0005N,41,1.1,1
2021-06-04 04:00,01F0005N,42,1.1,1
2021-06-04 04:00,01F0005N,5,0.0,0
2021-06-04 04:00,01F0005S,31,23.1,138
2021-06-04 04:00,01F0005S,32,28.3,289
2021-06-04 04:00,01F0005S,41,27.4,1
2021-06-04 04:00,01F0005S,42,29.3,6
2021-06-04 04:00,01F0005S,5,0.0,0
2021-06-04 04:00,01F0017N,31,0.0,0
2021-06-04 04:00,01F0017N,32,0.0,0
2021-06-04 04:00,01F0017N,41,0.0,0
2021-06-04 04:00,01F0017N,42,0.0,0
2021-06-04 04:00,01F0017N,5,0.0,0
2021-06-04 04:00,01F0017S,31,15.9,25
2021-06-04 04:00,01F0017S,32,22.0,22
2021-06-04 04:00,01F0017S,41,0.0,0
2021-06-04 04:00,01F0017S,42,75.3,4
2021-06-04 04:00,01F0017S,5,34.6,4
2021-06-04 04:00,01F0029N,31,0.0,0
2021-06-04 04:00,01F0029N,32,0.0,0
2021-06-04 04:00,01F0029N,41,0.0,0
2021-06-04 04:00,01F0029N,42,0.0,0
2021-06-04 04:00,01F0029N,5,0.0,0
2021-06-04 04:00,01F0029S,31,19.2,18
2021-06-04 04:00,01F0029S,32,25.7,17
2021-06-04 04:00,01F0029S,41,0.0,0
2021-06-04 04:00,01F0029S,42,25.7,9
2021-06-04 04:00,01F0029S,5,28.6,2
2021-06-04 04:00,01F0061N,31,3.4,29
2021-06-04 04:00,01F0061N,32,4.6,5
2021-06-04 04:00,01F0061N,41,0.0,0
2021-06-04 04:00,01F0061N,42,2.8,4
2021-06-04 04:00,01F0061N,5,2.8,4
2021-06-04 04:00,01F0061S,31,22.6,75
2021-06-04 04:00,01F0061S,32,28.2,66
2021-06-04 04:00,01F0061S,41,0.0,0
2021-06-04 04:00,01F0061S,42,26.3,15
2021-06-04 04:00,01F0061S,5,58.6,113
2021-06-04 04:00,01F0099N,31,8.7,14
2021-06-04 04:00,01F0099N,32,8.6,10
2021-06-04 04:00,01F0099N,41,0.0,0
2021-06-04 04:00,01F0099N,42,3.7,1
2021-06-04 04:00,01F0099N,5,0.0,0
2021-06-04 04:00,01F0099S,31,23.2,31
2021-06-04 04:00,01F0099S,32,32.1,21
2021-06-04 04:00,01F0099S,41,0.0,0
2021-06-04 04:00,01F0099S,42,26.2,20
2021-06-04 04:00,01F0099S,5,97.4,18
2021-06-04 04:00,01F0147N,31,0.0,0
2021-06-04 04:00,01F0147N,32,0.0,0
2021-06-04 04:00,01F0147N,41,0.0,0
2021-06-04 04:00,01F0147N,42,0.0,0
2021-06-04 04:00,01F0147N,5,0.0,0
2021-06-04 04:00,01F0147S,31,21.0,32
2021-06-04 04:00,01F0147S,32,14.0,25
2021-06-04 04:00,01F0147S,41,0.0,0
2021-06-04 04:00,01F0147S,42,27.8,6
2021-06-04 04:00,01F0147S,5,21.7,7
2021-06-04 04:00,01F0155N,31,9.3,61
2021-06-04 04:00,01F0155N,32,9.5,66
2021-06-04 04:00,01F0155N,41,0.0,0
2021-06-04 04:00,01F0155N,42,7.8,14
2021-06-04 04:00,01F0155N,5,1.6,2
2021-06-04 04:00,01F0155S,31,13.1,37
2021-06-04 04:00,01F0155S,32,17.9,61
2021-06-04 04:00,01F0155S,41,0.0,0
2021-06-04 04:00,01F0155S,42,8.1,5
2021-06-04 04:00,01F0155S,5,26.7,2
2021-06-04 04:00,01F0182S,31,41.2,28
2021-06-04 04:00,01F0182S,32,22.8,28
2021-06-04 04:00,01F0182S,41,0.0,0
2021-06-04 04:00,01F0182S,42,38.1,12
2021-06-04 04:00,01F0182S,5,22.7,5
2021-06-04 04:00,01F0213N,31,11.8,26
2021-06-04 04:00,01F0213N,32,14.3,32
2021-06-04 04:00,01F0213N,41,0.0,0
2021-06-04 04:00,01F0213N,42,14.1,6
2021-06-04 04:00,01F0213N,5,31.9,1
2021-06-04 04:00,01F0233N,31,9.3,68
2021-06-04 04:00,01F0233N,32,8.4,78
2021-06-04 04:00,01F0233N,41,0.0,0
2021-06-04 04:00,01F0233N,42,15.1,18
2021-06-04 04:00,01F0233N,5,17.9,3
2021-06-04 04:00,01F0248S,31,21.1,122
2021-06-04 04:00,01F0248S,32,14.0,89
2021-06-04 04:00,01F0248S,41,27.6,6
2021-06-04 04:00,01F0248S,42,33.8,28
2021-06-04 04:00,01F0248S,5,101.0,10
2021-06-04 04:00,01F0256N,31,8.8,77
2021-06-04 04:00,01F0256N,32,9.7,107
2021-06-04 04:00,01F0256N,41,0.0,0
2021-06-04 04:00,01F0256N,42,9.3,3
2021-06-04 04:00,01F0256N,5,22.1,2
2021-06-04 04:00,01F0264S,31,23.8,38
2021-06-04 04:00,01F0264S,32,10.0,33
2021-06-04 04:00,01F0264S,41,0.0,0
2021-06-04 04:00,01F0264S,42,38.3,14
2021-06-04 04:00,01F0264S,5,36.9,5
2021-06-04 04:00,01F0293N,31,10.1,39
2021-06-04 04:00,01F0293N,32,11.2,67
2021-06-04 04:00,01F0293N,41,8.0,3
2021-06-04 04:00,01F0293N,42,15.6,20
2021-06-04 04:00,01F0293N,5,21.7,31
2021-06-04 04:00,01F0293S,31,26.7,30
2021-06-04 04:00,01F0293S,32,23.2,33
2021-06-04 04:00,01F0293S,41,230.0,3
2021-06-04 04:00,01F0293S,42,50.0,10
2021-06-04 04:00,01F0293S,5,14.4,2
2021-06-04 04:00,01F0339N,31,16.3,3
2021-06-04 04:00,01F0339N,32,1.2,1
2021-06-04 04:00,01F0339N,41,0.0,0
2021-06-04 04:00,01F0339N,42,12.9,2
2021-06-04 04:00,01F0339N,5,1.2,1
2021-06-04 04:00,01F0339S,31,29.1,129
2021-06-04 04:00,01F0339S,32,36.1,111
2021-06-04 04:00,01F0339S,41,31.9,1
2021-06-04 04:00,01F0339S,42,82.4,64
2021-06-04 04:00,01F0339S,5,52.9,62
2021-06-04 04:00,01F0376N,31,19.5,72
2021-06-04 04:00,01F0376N,32,15.3,59
2021-06-04 04:00,01F0376N,41,16.4,1
2021-06-04 04:00,01F0376N,42,18.0,60
2021-06-04 04:00,01F0376N,5,16.2,37
2021-06-04 04:00,01F0376S,31,7.2,1
2021-06-04 04:00,01F0376S,32,0.0,0
2021-06-04 04:00,01F0376S,41,0.0,0
2021-06-04 04:00,01F0376S,42,0.0,0
2021-06-04 04:00,01F0376S,5,0.0,0
2021-06-04 04:00,01F0413N,31,0.0,0
2021-06-04 04:00,01F0413N,32,0.0,0
2021-06-04 04:00,01F0413N,41,0.0,0
2021-06-04 04:00,01F0413N,42,0.0,0
2021-06-04 04:00,01F0413N,5,0.0,0
2021-06-04 04:00,01F0413S,31,0.0,0
2021-06-04 04:00,01F0413S,32,0.0,0
2021-06-04 04:00,01F0413S,41,0.0,0
2021-06-04 04:00,01F0413S,42,0.0,0
2021-06-04 04:00,01F0413S,5,0.0,0
2021-06-04 04:00,01F0467N,31,20.4,79
2021-06-04 04:00,01F0467N,32,21.7,70
2021-06-04 04:00,01F0467N,41,25.9,4
2021-06-04 04:00,01F0467N,42,27.9,25
2021-06-04 04:00,01F0467N,5,29.1,20
2021-06-04 04:00,01F0467S,31,27.6,74
2021-06-04 04:00,01F0467S,32,60.9,60
2021-06-04 04:00,01F0467S,41,0.0,0
2021-06-04 04:00,01F0467S,42,86.3,35
2021-06-04 04:00,01F0467S,5,108.0,38
2021-06-04 04:00,01F0511N,31,12.9,80
2021-06-04 04:00,01F0511N,32,13.8,59
2021-06-04 04:00,01F0511N,41,3.4,1
2021-06-04 04:00,01F0511N,42,25.0,25
2021-06-04 04:00,01F0511N,5,25.1,28
2021-06-04 04:00,01F0511S,31,14.4,102
2021-06-04 04:00,01F0511S,32,22.9,70
2021-06-04 04:00,01F0511S,41,3.4,7
2021-06-04 04:00,01F0511S,42,62.9,27
2021-06-04 04:00,01F0511S,5,120.0,30
2021-06-04 04:00,01F0532N,31,15.5,7
2021-06-04 04:00,01F0532N,32,24.8,5
2021-06-04 04:00,01F0532N,41,0.0,0
2021-06-04 04:00,01F0532N,42,4.3,2
2021-06-04 04:00,01F0532N,5,23.5,6
2021-06-04 04:00,01F0532S,31,20.6,64
2021-06-04 04:00,01F0532S,32,24.0,32
2021-06-04 04:00,01F0532S,41,4.8,2
2021-06-04 04:00,01F0532S,42,104.9,48
2021-06-04 04:00,01F0532S,5,145.6,29
2021-06-04 04:00,01F0557N,31,11.3,93
2021-06-04 04:00,01F0557N,32,14.7,50
2021-06-04 04:00,01F0557N,41,31.9,1
2021-06-04 04:00,01F0557N,42,25.1,50
2021-06-04 04:00,01F0557N,5,23.0,18
2021-06-04 04:00,01F0557S,31,69.5,7
2021-06-04 04:00,01F0557S,32,86.0,5
2021-06-04 04:00,01F0557S,41,0.0,0
2021-06-04 04:00,01F0557S,42,1.9,1
2021-06-04 04:00,01F0557S,5,21.1,2
2021-06-04 04:00,01F0578S,31,35.3,52
2021-06-04 04:00,01F0578S,32,47.0,47
2021-06-04 04:00,01F0578S,41,0.0,0
2021-06-04 04:00,01F0578S,42,52.2,23
2021-06-04 04:00,01F0578S,5,114.1,20
2021-06-04 04:00,01F0584N,31,11.3,35
2021-06-04 04:00,01F0584N,32,12.7,52
2021-06-04 04:00,01F0584N,41,0.0,0
2021-06-04 04:00,01F0584N,42,16.1,12
2021-06-04 04:00,01F0584N,5,10.5,4
2021-06-04 04:00,01F0633N,31,13.5,95
2021-06-04 04:00,01F0633N,32,11.0,80
2021-06-04 04:00,01F0633N,41,2.6,1
2021-06-04 04:00,01F0633N,42,18.6,22
2021-06-04 04:00,01F0633N,5,27.8,30
2021-06-04 04:00,01F0633S,31,15.2,65
2021-06-04 04:00,01F0633S,32,9.4,98
2021-06-04 04:00,01F0633S,41,0.0,0
2021-06-04 04:00,01F0633S,42,48.0,22
2021-06-04 04:00,01F0633S,5,76.8,3
2021-06-04 04:00,01F0664N,31,6.9,26
2021-06-04 04:00,01F0664N,32,13.7,26
2021-06-04 04:00,01F0664N,41,0.0,0
2021-06-04 04:00,01F0664N,42,13.7,7
2021-06-04 04:00,01F0664N,5,27.4,8
2021-06-04 04:00,01F0664S,31,43.6,31
2021-06-04 04:00,01F0664S,32,27.0,32
2021-06-04 04:00,01F0664S,41,0.0,0
2021-06-04 04:00,01F0664S,42,129.2,38
2021-06-04 04:00,01F0664S,5,125.6,63
2021-06-04 04:00,01F0681N,31,15.8,83
2021-06-04 04:00,01F0681N,32,11.0,53
2021-06-04 04:00,01F0681N,41,0.0,0
2021-06-04 04:00,01F0681N,42,17.5,27
2021-06-04 04:00,01F0681N,5,30.1,6
2021-06-04 04:00,01F0681S,31,1.9,15
2021-06-04 04:00,01F0681S,32,61.9,14
2021-06-04 04:00,01F0681S,41,0.0,0
2021-06-04 04:00,01F0681S,42,138.6,5
2021-06-04 04:00,01F0681S,5,137.7,13
2021-06-04 04:00,01F0699N,31,0.0,0
2021-06-04 04:00,01F0699N,32,21.4,1
2021-06-04 04:00,01F0699N,41,0.0,0
2021-06-04 04:00,01F0699N,42,0.0,0
2021-06-04 04:00,01F0699N,5,0.0,0
2021-06-04 04:00,01F0699S,31,43.5,15
2021-06-04 04:00,01F0699S,32,56.3,9
2021-06-04 04:00,01F0699S,41,0.0,0
2021-06-04 04:00,01F0699S,42,223.2,6
2021-06-04 04:00,01F0699S,5,128.1,9
2021-06-04 04:00,01F0750N,31,35.5,16
2021-06-04 04:00,01F0750N,32,28.6,15
2021-06-04 04:00,01F0750N,41,0.0,0
2021-06-04 04:00,01F0750N,42,40.1,9
2021-06-04 04:00,01F0750N,5,32.6,16
2021-06-04 04:00,01F0750S,31,12.8,1
2021-06-04 04:00,01F0750S,32,0.0,0
2021-06-04 04:00,01F0750S,41,0.0,0
2021-06-04 04:00,01F0750S,42,0.0,0
2021-06-04 04:00,01F0750S,5,0.0,0
2021-06-04 04:00,01F0880N,31,26.2,18
2021-06-04 04:00,01F0880N,32,33.5,11
2021-06-04 04:00,01F0880N,41,0.0,0
2021-06-04 04:00,01F0880N,42,33.8,3
2021-06-04 04:00,01F0880N,5,44.0,7
2021-06-04 04:00,01F0880S,31,21.5,33
2021-06-04 04:00,01F0880S,32,29.7,25
2021-06-04 04:00,01F0880S,41,11.6,1
2021-06-04 04:00,01F0880S,42,113.9,22
2021-06-04 04:00,01F0880S,5,137.2,14
2021-06-04 04:00,01F0928N,31,28.5,46
2021-06-04 04:00,01F0928N,32,26.1,18
2021-06-04 04:00,01F0928N,41,44.2,5
2021-06-04 04:00,01F0928N,42,49.6,14
2021-06-04 04:00,01F0928N,5,43.4,21
2021-06-04 04:00,01F0928S,31,13.9,15
2021-06-04 04:00,01F0928S,32,12.2,11
2021-06-04 04:00,01F0928S,41,4.4,5
2021-06-04 04:00,01F0928S,42,108.7,17
2021-06-04 04:00,01F0928S,5,96.8,14
2021-06-04 04:00,01F0950S,31,0.0,0
2021-06-04 04:00,01F0950S,32,0.0,0
2021-06-04 04:00,01F0950S,41,0.0,0
2021-06-04 04:00,01F0950S,42,0.0,0
2021-06-04 04:00,01F0950S,5,0.0,0
2021-06-04 04:00,01F0956N,31,0.0,0
2021-06-04 04:00,01F0956N,32,0.0,0
2021-06-04 04:00,01F0956N,41,0.0,0
2021-06-04 04:00,01F0956N,42,0.0,0
2021-06-04 04:00,01F0956N,5,0.0,0
2021-06-04 04:00,01F0979N,31,0.0,0
2021-06-04 04:00,01F0979N,32,0.0,0
2021-06-04 04:00,01F0979N,41,0.0,0
2021-06-04 04:00,01F0979N,42,0.0,0
2021-06-04 04:00,01F0979N,5,0.0,0
2021-06-04 04:00,01F0980S,31,33.6,27
2021-06-04 04:00,01F0980S,32,59.4,25
2021-06-04 04:00,01F0980S,41,260.8,1
2021-06-04 04:00,01F0980S,42,92.1,20
2021-06-04 04:00,01F0980S,5,134.5,15
2021-06-04 04:00,01F1045N,31,39.5,18
2021-06-04 04:00,01F1045N,32,23.2,13
2021-06-04 04:00,01F1045N,41,0.0,0
2021-06-04 04:00,01F1045N,42,34.2,4
2021-06-04 04:00,01F1045N,5,57.6,13
2021-06-04 04:00,01F1045S,31,0.0,0
2021-06-04 04:00,01F1045S,32,0.0,0
2021-06-04 04:00,01F1045S,41,0.0,0
2021-06-04 04:00,01F1045S,42,0.0,0
2021-06-04 04:00,01F1045S,5,0.0,0
2021-06-04 04:00,01F1123N,31,50.3,8
2021-06-04 04:00,01F1123N,32,36.0,5
2021-06-04 04:00,01F1123N,41,0.0,0
2021-06-04 04:00,01F1123N,42,44.2,7
2021-06-04 04:00,01F1123N,5,63.4,4
2021-06-04 04:00,01F1123S,31,49.0,13
2021-06-04 04:00,01F1123S,32,37.6,6
2021-06-04 04:00,01F1123S,41,22.4,1
2021-06-04 04:00,01F1123S,42,89.9,6
2021-06-04 04:00,01F1123S,5,71.4,9
2021-06-04 04:00,01F1292N,31,64.3,7
2021-06-04 04:00,01F1292N,32,57.5,3
2021-06-04 04:00,01F1292N,41,0.0,0
2021-06-04 04:00,01F1292N,42,87.7,6
2021-06-04 04:00,01F1292N,5,85.0,10
2021-06-04 04:00,01F1292S,31,0.0,0
2021-06-04 04:00,01F1292S,32,0.0,0
2021-06-04 04:00,01F1292S,41,0.0,0
2021-06-04 04:00,01F1292S,42,68.4,3
2021-06-04 04:00,01F1292S,5,55.2,1
2021-06-04 04:00,01F1389N,31,46.2,4
2021-06-04 04:00,01F1389N,32,0.0,0
2021-06-04 04:00,01F1389N,41,0.0,0
2021-06-04 04:00,01F1389N,42,29.7,1
2021-06-04 04:00,01F1389N,5,0.0,0
2021-06-04 04:00,01F1389S,31,30.6,10
2021-06-04 04:00,01F1389S,32,94.5,10
2021-06-04 04:00,01F1389S,41,0.0,0
2021-06-04 04:00,01F1389S,42,64.2,8
2021-06-04 04:00,01F1389S,5,57.6,6
2021-06-04 04:00,01F1465N,31,52.6,7
2021-06-04 04:00,01F1465N,32,51.1,5
2021-06-04 04:00,01F1465N,41,0.0,0
2021-06-04 04:00,01F1465N,42,80.7,4
2021-06-04 04:00,01F1465N,5,78.2,14
2021-06-04 04:00,01F1465S,31,22.4,4
2021-06-04 04:00,01F1465S,32,84.8,3
2021-06-04 04:00,01F1465S,41,0.0,0
2021-06-04 04:00,01F1465S,42,76.7,10
2021-06-04 04:00,01F1465S,5,126.1,5
2021-06-04 04:00,01F1572N,31,104.2,5
2021-06-04 04:00,01F1572N,32,0.0,0
2021-06-04 04:00,01F1572N,41,0.0,0
2021-06-04 04:00,01F1572N,42,106.2,6
2021-06-04 04:00,01F1572N,5,99.1,6
2021-06-04 04:00,01F1572S,31,19.6,2
2021-06-04 04:00,01F1572S,32,20.3,5
2021-06-04 04:00,01F1572S,41,0.0,0
2021-06-04 04:00,01F1572S,42,17.9,1
2021-06-04 04:00,01F1572S,5,111.6,2
2021-06-04 04:00,01F1621N,31,65.6,9
2021-06-04 04:00,01F1621N,32,68.2,5
2021-06-04 04:00,01F1621N,41,0.0,0
2021-06-04 04:00,01F1621N,42,114.5,9
2021-06-04 04:00,01F1621N,5,98.7,6
2021-06-04 04:00,01F1621S,31,30.4,13
2021-06-04 04:00,01F1621S,32,14.7,5
2021-06-04 04:00,01F1621S,41,0.0,0
2021-06-04 04:00,01F1621S,42,20.8,1
2021-06-04 04:00,01F1621S,5,54.8,13
2021-06-04 04:00,01F1664N,31,20.9,31
2021-06-04 04:00,01F1664N,32,41.9,20
2021-06-04 04:00,01F1664N,41,0.0,0
2021-06-04 04:00,01F1664N,42,94.3,18
2021-06-04 04:00,01F1664N,5,105.5,4
2021-06-04 04:00,01F1664S,31,20.6,27
2021-06-04 04:00,01F1664S,32,21.0,28
2021-06-04 04:00,01F1664S,41,0.0,0
2021-06-04 04:00,01F1664S,42,49.1,13
2021-06-04 04:00,01F1664S,5,70.5,9
2021-06-04 04:00,01F1699N,31,63.1,57
2021-06-04 04:00,01F1699N,32,55.1,58
2021-06-04 04:00,01F1699N,41,0.0,0
2021-06-04 04:00,01F1699N,42,105.1,41
2021-06-04 04:00,01F1699N,5,81.0,16
2021-06-04 04:00,01F1699S,31,16.8,24
2021-06-04 04:00,01F1699S,32,16.9,29
2021-06-04 04:00,01F1699S,41,0.0,0
2021-06-04 04:00,01F1699S,42,75.7,9
2021-06-04 04:00,01F1699S,5,17.3,2
2021-06-04 04:00,01F1774N,31,58.2,27
2021-06-04 04:00,01F1774N,32,53.3,19
2021-06-04 04:00,01F1774N,41,153.5,1
2021-06-04 04:00,01F1774N,42,86.6,23
2021-06-04 04:00,01F1774N,5,83.7,18
2021-06-04 04:00,01F1774S,31,39.6,11
2021-06-04 04:00,01F1774S,32,41.0,32
2021-06-04 04:00,01F1774S,41,0.0,0
2021-06-04 04:00,01F1774S,42,99.5,12
2021-06-04 04:00,01F1774S,5,62.7,7
2021-06-04 04:00,01F1802N,31,52.8,14
2021-06-04 04:00,01F1802N,32,24.9,36
2021-06-04 04:00,01F1802N,41,0.0,0
2021-06-04 04:00,01F1802N,42,81.5,20
2021-06-04 04:00,01F1802N,5,123.4,7
2021-06-04 04:00,01F1802S,31,25.1,39
2021-06-04 04:00,01F1802S,32,28.9,12
2021-06-04 04:00,01F1802S,41,0.0,0
2021-06-04 04:00,01F1802S,42,106.7,17
2021-06-04 04:00,01F1802S,5,57.4,1
2021-06-04 04:00,01F1839N,31,9.0,10
2021-06-04 04:00,01F1839N,32,21.9,12
2021-06-04 04:00,01F1839N,41,0.0,0
2021-06-04 04:00,01F1839N,42,91.6,20
2021-06-04 04:00,01F1839N,5,68.2,10
2021-06-04 04:00,01F1839S,31,32.5,19
2021-06-04 04:00,01F1839S,32,36.8,28
2021-06-04 04:00,01F1839S,41,0.0,0
2021-06-04 04:00,01F1839S,42,82.2,21
2021-06-04 04:00,01F1839S,5,106.1,10
2021-06-04 04:00,01F1906N,31,0.0,0
2021-06-04 04:00,01F1906N,32,0.0,0
2021-06-04 04:00,01F1906N,41,0.0,0
2021-06-04 04:00,01F1906N,42,0.0,0
2021-06-04 04:00,01F1906N,5,0.0,0
2021-06-04 04:00,01F1906S,31,36.9,12
2021-06-04 04:00,01F1906S,32,37.3,16
2021-06-04 04:00,01F1906S,41,0.0,0
2021-06-04 04:00,01F1906S,42,64.4,22
2021-06-04 04:00,01F1906S,5,46.4,9
2021-06-04 04:00,01F1960N,31,44.0,50
2021-06-04 04:00,01F1960N,32,30.1,48
2021-06-04 04:00,01F1960N,41,0.0,0
2021-06-04 04:00,01F1960N,42,103.4,29
2021-06-04 04:00,01F1960N,5,49.8,18
2021-06-04 04:00,01F1960S,31,0.0,0
2021-06-04 04:00,01F1960S,32,0.0,0
2021-06-04 04:00,01F1960S,41,0.0,0
2021-06-04 04:00,01F1960S,42,0.0,0
2021-06-04 04:00,01F1960S,5,0.0,0
2021-06-04 04:00,01F2011N,31,41.1,24
2021-06-04 04:00,01F2011N,32,27.4,16
2021-06-04 04:00,01F2011N,41,0.0,0
2021-06-04 04:00,01F2011N,42,141.8,30
2021-06-04 04:00,01F2011N,5,110.2,12
2021-06-04 04:00,01F2011S,31,28.9,21
2021-06-04 04:00,01F2011S,32,33.7,19
2021-06-04 04:00,01F2011S,41,0.0,0
2021-06-04 04:00,01F2011S,42,72.0,18
2021-06-04 04:00,01F2011S,5,102.8,10
2021-06-04 04:00,01F2089N,31,28.7,24
2021-06-04 04:00,01F2089N,32,31.5,60
2021-06-04 04:00,01F2089N,41,0.0,0
2021-06-04 04:00,01F2089N,42,79.5,17
2021-06-04 04:00,01F2089N,5,31.1,9
2021-06-04 04:00,01F2089S,31,39.5,15
2021-06-04 04:00,01F2089S,32,28.2,22
2021-06-04 04:00,01F2089S,41,0.0,0
2021-06-04 04:00,01F2089S,42,84.2,42
2021-06-04 04:00,01F2089S,5,116.0,13
2021-06-04 04:00,01F2156N,31,36.6,23
2021-06-04 04:00,01F2156N,32,49.3,14
2021-06-04 04:00,01F2156N,41,0.0,0
2021-06-04 04:00,01F2156N,42,84.1,16
2021-06-04 04:00,01F2156N,5,71.1,9
2021-06-04 04:00,01F2156S,31,0.0,0
2021-06-04 04:00,01F2156S,32,29.1,8
2021-06-04 04:00,01F2156S,41,0.0,0
2021-06-04 04:00,01F2156S,42,91.8,10
2021-06-04 04:00,01F2156S,5,0.0,0
2021-06-04 04:00,01F2249N,31,43.1,6
2021-06-04 04:00,01F2249N,32,76.8,8
2021-06-04 04:00,01F2249N,41,0.0,0
2021-06-04 04:00,01F2249N,42,99.5,17
2021-06-04 04:00,01F2249N,5,135.6,12
2021-06-04 04:00,01F2249S,31,36.1,6
2021-06-04 04:00,01F2249S,32,58.2,6
2021-06-04 04:00,01F2249S,41,0.0,0
2021-06-04 04:00,01F2249S,42,81.9,19
2021-06-04 04:00,01F2249S,5,68.0,11
2021-06-04 04:00,01F2322N,31,91.5,7
2021-06-04 04:00,01F2322N,32,29.6,7
2021-06-04 04:00,01F2322N,41,0.0,0
2021-06-04 04:00,01F2322N,42,101.6,4
2021-06-04 04:00,01F2322N,5,73.8,9
2021-06-04 04:00,01F2322S,31,41.1,11
2021-06-04 04:00,01F2322S,32,32.9,10
2021-06-04 04:00,01F2322S,41,0.0,0
2021-06-04 04:00,01F2322S,42,97.2,10
2021-06-04 04:00,01F2322S,5,131.6,9
2021-06-04 04:00,01F2394N,31,28.0,4
2021-06-04 04:00,01F2394N,32,69.8,11
2021-06-04 04:00,01F2394N,41,0.0,0
2021-06-04 04:00,01F2394N,42,178.2,6
2021-06-04 04:00,01F2394N,5,32.6,6
2021-06-04 04:00,01F2394S,31,24.3,9
2021-06-04 04:00,01F2394S,32,11.3,4
2021-06-04 04:00,01F2394S,41,0.0,0
2021-06-04 04:00,01F2394S,42,106.5,2
2021-06-04 04:00,01F2394S,5,133.6,1
2021-06-04 04:00,01F2425N,31,61.0,17
2021-06-04 04:00,01F2425N,32,51.0,22
2021-06-04 04:00,01F2425N,41,0.0,0
2021-06-04 04:00,01F2425N,42,101.2,16
2021-06-04 04:00,01F2425N,5,106.0,8
2021-06-04 04:00,01F2425S,31,26.4,10
2021-06-04 04:00,01F2425S,32,10.3,6
2021-06-04 04:00,01F2425S,41,0.0,0
2021-06-04 04:00,01F2425S,42,41.1,2
2021-06-04 04:00,01F2425S,5,64.4,5
2021-06-04 04:00,01F2483N,31,145.2,4
2021-06-04 04:00,01F2483N,32,39.3,3
2021-06-04 04:00,01F2483N,41,0.0,0
2021-06-04 04:00,01F2483N,42,204.6,4
2021-06-04 04:00,01F2483N,5,123.7,2
2021-06-04 04:00,01F2483S,31,58.6,10
2021-06-04 04:00,01F2483S,32,34.3,14
2021-06-04 04:00,01F2483S,41,0.0,0
2021-06-04 04:00,01F2483S,42,58.8,8
2021-06-04 04:00,01F2483S,5,49.8,10
2021-06-04 04:00,01F2514N,31,50.3,7
2021-06-04 04:00,01F2514N,32,59.3,4
2021-06-04 04:00,01F2514N,41,0.0,0
2021-06-04 04:00,01F2514N,42,148.4,13
2021-06-04 04:00,01F2514N,5,103.8,22
2021-06-04 04:00,01F2514S,31,45.2,3
2021-06-04 04:00,01F2514S,32,21.1,8
2021-06-04 04:00,01F2514S,41,0.0,0
2021-06-04 04:00,01F2514S,42,41.9,5
2021-06-04 04:00,01F2514S,5,74.1,3
2021-06-04 04:00,01F2603N,31,62.2,12
2021-06-04 04:00,01F2603N,32,24.1,20
2021-06-04 04:00,01F2603N,41,0.0,0
2021-06-04 04:00,01F2603N,42,102.8,9
2021-06-04 04:00,01F2603N,5,151.8,6
2021-06-04 04:00,01F2603S,31,10.6,9
2021-06-04 04:00,01F2603S,32,19.0,12
2021-06-04 04:00,01F2603S,41,0.0,0
2021-06-04 04:00,01F2603S,42,67.7,4
2021-06-04 04:00,01F2603S,5,64.9,5
2021-06-04 04:00,01F2674N,31,24.7,9
2021-06-04 04:00,01F2674N,32,23.2,3
2021-06-04 04:00,01F2674N,41,0.0,0
2021-06-04 04:00,01F2674N,42,50.3,1
2021-06-04 04:00,01F2674N,5,105.2,5
2021-06-04 04:00,01F2674S,31,18.5,16
2021-06-04 04:00,01F2674S,32,18.1,14
2021-06-04 04:00,01F2674S,41,0.0,0
2021-06-04 04:00,01F2674S,42,49.0,2
2021-06-04 04:00,01F2674S,5,46.4,13
2021-06-04 04:00,01F2714N,31,38.2,14
2021-06-04 04:00,01F2714N,32,45.1,13
2021-06-04 04:00,01F2714N,41,0.0,0
2021-06-04 04:00,01F2714N,42,81.8,18
2021-06-04 04:00,01F2714N,5,138.3,28
2021-06-04 04:00,01F2714S,31,29.2,1
2021-06-04 04:00,01F2714S,32,2.5,1
2021-06-04 04:00,01F2714S,41,0.0,0
2021-06-04 04:00,01F2714S,42,42.3,3
2021-06-04 04:00,01F2714S,5,60.2,3
2021-06-04 04:00,01F2827N,31,106.5,4
2021-06-04 04:00,01F2827N,32,0.0,0
2021-06-04 04:00,01F2827N,41,0.0,0
2021-06-04 04:00,01F2827N,42,163.0,5
2021-06-04 04:00,01F2827N,5,144.8,4
2021-06-04 04:00,01F2827S,31,31.6,9
2021-06-04 04:00,01F2827S,32,56.2,4
2021-06-04 04:00,01F2827S,41,0.0,0
2021-06-04 04:00,01F2827S,42,43.6,3
2021-06-04 04:00,01F2827S,5,61.7,2
2021-06-04 04:00,01F2866N,31,40.1,11
2021-06-04 04:00,01F2866N,32,32.6,5
2021-06-04 04:00,01F2866N,41,0.0,0
2021-06-04 04:00,01F2866N,42,147.1,5
2021-06-04 04:00,01F2866N,5,126.8,12
2021-06-04 04:00,01F2866S,31,32.5,4
2021-06-04 04:00,01F2866S,32,38.2,1
2021-06-04 04:00,01F2866S,41,0.0,0
2021-06-04 04:00,01F2866S,42,0.0,0
2021-06-04 04:00,01F2866S,5,53.9,3
2021-06-04 04:00,01F2930N,31,66.7,6
2021-06-04 04:00,01F2930N,32,18.9,4
2021-06-04 04:00,01F2930N,41,0.0,0
2021-06-04 04:00,01F2930N,42,136.7,8
2021-06-04 04:00,01F2930N,5,161.6,9
2021-06-04 04:00,01F2930S,31,19.6,17
2021-06-04 04:00,01F2930S,32,19.8,8
2021-06-04 04:00,01F2930S,41,0.0,0
2021-06-04 04:00,01F2930S,42,21.2,5
2021-06-04 04:00,01F2930S,5,24.5,9
2021-06-04 04:00,01F3019N,31,88.2,11
2021-06-04 04:00,01F3019N,32,13.3,7
2021-06-04 04:00,01F3019N,41,0.0,0
2021-06-04 04:00,01F3019N,42,168.3,17
2021-06-04 04:00,01F3019N,5,159.1,19
2021-06-04 04:00,01F3019S,31,12.3,11
2021-06-04 04:00,01F3019S,32,13.9,7
2021-06-04 04:00,01F3019S,41,0.0,0
2021-06-04 04:00,01F3019S,42,11.5,9
2021-06-04 04:00,01F3019S,5,12.1,29
2021-06-04 04:00,01F3083N,31,85.7,7
2021-06-04 04:00,01F3083N,32,71.0,7
2021-06-04 04:00,01F3083N,41,0.0,0
2021-06-04 04:00,01F3083N,42,76.9,25
2021-06-04 04:00,01F3083N,5,88.1,32
2021-06-04 04:00,01F3083S,31,7.4,10
2021-06-04 04:00,01F3083S,32,7.4,9
2021-06-04 04:00,01F3083S,41,0.0,0
2021-06-04 04:00,01F3083S,42,7.4,3
2021-06-04 04:00,01F3083S,5,7.4,7
2021-06-04 04:00,01F3126N,31,57.3,6
2021-06-04 04:00,01F3126N,32,33.6,9
2021-06-04 04:00,01F3126N,41,0.0,0
2021-06-04 04:00,01F3126N,42,151.7,16
2021-06-04 04:00,01F3126N,5,115.2,11
2021-06-04 04:00,01F3126S,31,0.0,0
2021-06-04 04:00,01F3126S,32,0.0,0
2021-06-04 04:00,01F3126S,41,0.0,0
2021-06-04 04:00,01F3126S,42,19.6,1
2021-06-04 04:00,01F3126S,5,0.0,0
2021-06-04 04:00,01F3185N,31,58.3,29
2021-06-04 04:00,01F3185N,32,50.2,14
2021-06-04 04:00,01F3185N,41,258.4,2
2021-06-04 04:00,01F3185N,42,126.9,10
2021-06-04 04:00,01F3185N,5,106.8,14
2021-06-04 04:00,01F3185S,31,28.0,78
2021-06-04 04:00,01F3185S,32,24.2,42
2021-06-04 04:00,01F3185S,41,28.5,3
2021-06-04 04:00,01F3185S,42,35.5,61
2021-06-04 04:00,01F3185S,5,40.5,158
2021-06-04 04:00,01F3227N,31,47.7,23
2021-06-04 04:00,01F3227N,32,54.3,20
2021-06-04 04:00,01F3227N,41,9.0,1
2021-06-04 04:00,01F3227N,42,144.3,12
2021-06-04 04:00,01F3227N,5,80.9,2
2021-06-04 04:00,01F3227S,31,19.6,25
2021-06-04 04:00,01F3227S,32,17.9,18
2021-06-04 04:00,01F3227S,41,47.8,1
2021-06-04 04:00,01F3227S,42,32.0,14
2021-06-04 04:00,01F3227S,5,37.6,37
2021-06-04 04:00,01F3252N,31,86.0,14
2021-06-04 04:00,01F3252N,32,24.8,16
2021-06-04 04:00,01F3252N,41,0.0,0
2021-06-04 04:00,01F3252N,42,91.9,9
2021-06-04 04:00,01F3252N,5,123.0,9
2021-06-04 04:00,01F3252S,31,0.0,0
2021-06-04 04:00,01F3252S,32,0.0,0
2021-06-04 04:00,01F3252S,41,0.0,0
2021-06-04 04:00,01F3252S,42,0.0,0
2021-06-04 04:00,01F3252S,5,36.6,1
2021-06-04 04:00,01F3286N,31,36.1,22
2021-06-04 04:00,01F3286N,32,31.4,15
2021-06-04 04:00,01F3286N,41,0.0,0
2021-06-04 04:00,01F3286N,42,104.8,18
2021-06-04 04:00,01F3286N,5,88.4,20
2021-06-04 04:00,01F3286S,31,17.8,43
2021-06-04 04:00,01F3286S,32,22.6,34
2021-06-04 04:00,01F3286S,41,0.0,0
2021-06-04 04:00,01F3286S,42,30.2,11
2021-06-04 04:00,01F3286S,5,29.3,9
2021-06-04 04:00,01F3366N,31,15.3,16
2021-06-04 04:00,01F3366N,32,17.3,20
2021-06-04 04:00,01F3366N,41,0.0,0
2021-06-04 04:00,01F3366N,42,88.7,16
2021-06-04 04:00,01F3366N,5,32.7,6
2021-06-04 04:00,01F3366S,31,23.1,24
2021-06-04 04:00,01F3366S,32,25.3,17
2021-06-04 04:00,01F3366S,41,0.0,0
2021-06-04 04:00,01F3366S,42,25.5,9
2021-06-04 04:00,01F3366S,5,25.7,13
2021-06-04 04:00,01F3398N,31,66.2,16
2021-06-04 04:00,01F3398N,32,31.1,15
2021-06-04 04:00,01F3398N,41,0.0,0
2021-06-04 04:00,01F3398N,42,105.6,17
2021-06-04 04:00,01F3398N,5,50.3,28
2021-06-04 04:00,01F3398S,31,14.3,14
2021-06-04 04:00,01F3398S,32,23.4,8
2021-06-04 04:00,01F3398S,41,0.0,0
2021-06-04 04:00,01F3398S,42,16.1,4
2021-06-04 04:00,01F3398S,5,14.1,2
2021-06-04 04:00,01F3460N,31,37.1,17
2021-06-04 04:00,01F3460N,32,26.8,15
2021-06-04 04:00,01F3460N,41,0.0,0
2021-06-04 04:00,01F3460N,42,121.8,10
2021-06-04 04:00,01F3460N,5,91.7,16
2021-06-04 04:00,01F3460S,31,17.1,13
2021-06-04 04:00,01F3460S,32,16.7,9
2021-06-04 04:00,01F3460S,41,0.0,0
2021-06-04 04:00,01F3460S,42,25.5,14
2021-06-04 04:00,01F3460S,5,21.4,8
2021-06-04 04:00,01F3525N,31,52.6,36
2021-06-04 04:00,01F3525N,32,45.8,34
2021-06-04 04:00,01F3525N,41,260.8,1
2021-06-04 04:00,01F3525N,42,74.7,53
2021-06-04 04:00,01F3525N,5,109.0,54
2021-06-04 04:00,01F3525S,31,14.8,35
2021-06-04 04:00,01F3525S,32,14.8,42
2021-06-04 04:00,01F3525S,41,0.0,0
2021-06-04 04:00,01F3525S,42,19.4,13
2021-06-04 04:00,01F3525S,5,19.8,10
2021-06-04 04:00,01F3559N,31,0.0,0
2021-06-04 04:00,01F3559N,32,0.0,0
2021-06-04 04:00,01F3559N,41,0.0,0
2021-06-04 04:00,01F3559N,42,0.0,0
2021-06-04 04:00,01F3559N,5,0.0,0
2021-06-04 04:00,01F3561S,31,0.0,0
2021-06-04 04:00,01F3561S,32,0.0,0
2021-06-04 04:00,01F3561S,41,0.0,0
2021-06-04 04:00,01F3561S,42,0.0,0
2021-06-04 04:00,01F3561S,5,0.0,0
2021-06-04 04:00,01F3590N,31,49.9,45
2021-06-04 04:00,01F3590N,32,41.3,36
2021-06-04 04:00,01F3590N,41,6.2,1
2021-06-04 04:00,01F3590N,42,124.0,20
2021-06-04 04:00,01F3590N,5,109.0,18
2021-06-04 04:00,01F3590S,31,11.2,65
2021-06-04 04:00,01F3590S,32,10.8,34
2021-06-04 04:00,01F3590S,41,0.0,0
2021-06-04 04:00,01F3590S,42,12.6,22
2021-06-04 04:00,01F3590S,5,14.2,24
2021-06-04 04:00,01F3640N,31,30.7,149
2021-06-04 04:00,01F3640N,32,33.0,93
2021-06-04 04:00,01F3640N,41,11.2,1
2021-06-04 04:00,01F3640N,42,54.4,24
2021-06-04 04:00,01F3640N,5,96.3,7
2021-06-04 04:00,01F3640S,31,6.6,110
2021-06-04 04:00,01F3640S,32,6.5,101
2021-06-04 04:00,01F3640S,41,7.2,1
2021-06-04 04:00,01F3640S,42,6.6,11
2021-06-04 04:00,01F3640S,5,7.2,16
2021-06-04 04:00,01F3676N,31,8.0,1
2021-06-04 04:00,01F3676N,32,0.0,0
2021-06-04 04:00,01F3676N,41,0.0,0
2021-06-04 04:00,01F3676N,42,0.0,0
2021-06-04 04:00,01F3676N,5,0.0,0
2021-06-04 04:00,01F3676S,31,0.0,0
2021-06-04 04:00,01F3676S,32,0.0,0
2021-06-04 04:00,01F3676S,41,0.0,0
2021-06-04 04:00,01F3676S,42,0.0,0
2021-06-04 04:00,01F3676S,5,0.0,0
2021-06-04 04:00,01F3686S,31,2.3,77
2021-06-04 04:00,01F3686S,32,2.4,49
2021-06-04 04:00,01F3686S,41,0.0,0
2021-06-04 04:00,01F3686S,42,0.0,0
2021-06-04 04:00,01F3686S,5,0.0,0
2021-06-04 04:00,01F3696N,31,23.9,169
2021-06-04 04:00,01F3696N,32,29.0,155
2021-06-04 04:00,01F3696N,41,34.4,1
2021-06-04 04:00,01F3696N,42,77.4,50
2021-06-04 04:00,01F3696N,5,121.8,222
2021-06-04 04:00,01F3736N,31,9.7,17
2021-06-04 04:00,01F3736N,32,5.6,11
2021-06-04 04:00,01F3736N,41,0.0,0
2021-06-04 04:00,01F3736N,42,0.0,0
2021-06-04 04:00,01F3736N,5,67.0,18
2021-06-04 04:00,01F3736S,31,2.6,4
2021-06-04 04:00,01F3736S,32,2.6,5
2021-06-04 04:00,01F3736S,41,0.0,0
2021-06-04 04:00,01F3736S,42,0.0,0
2021-06-04 04:00,01F3736S,5,2.6,1
2021-06-04 04:00,01H0163S,31,45.6,1
2021-06-04 04:00,01H0163S,32,0.0,0
2021-06-04 04:00,01H0163S,41,0.0,0
2021-06-04 04:00,01H0163S,42,19.0,1
2021-06-04 04:00,01H0163S,5,5.7,2
2021-06-04 04:00,01H0174N,31,17.1,9
2021-06-04 04:00,01H0174N,32,18.1,5
2021-06-04 04:00,01H0174N,41,0.0,0
2021-06-04 04:00,01H0174N,42,0.0,0
2021-06-04 04:00,01H0174N,5,28.4,1
2021-06-04 04:00,01H0200N,31,0.0,0
2021-06-04 04:00,01H0200N,32,0.0,0
2021-06-04 04:00,01H0200N,41,0.0,0
2021-06-04 04:00,01H0200N,42,0.0,0
2021-06-04 04:00,01H0200N,5,0.0,0
2021-06-04 04:00,01H0206S,31,46.4,32
2021-06-04 04:00,01H0206S,32,57.0,26
2021-06-04 04:00,01H0206S,41,53.8,1
2021-06-04 04:00,01H0206S,42,0.0,0
2021-06-04 04:00,01H0206S,5,0.0,0
2021-06-04 04:00,01H0208N,31,0.0,0
2021-06-04 04:00,01H0208N,32,0.0,0
2021-06-04 04:00,01H0208N,41,0.0,0
2021-06-04 04:00,01H0208N,42,0.0,0
2021-06-04 04:00,01H0208N,5,0.0,0
2021-06-04 04:00,01H0271N,31,18.7,59
2021-06-04 04:00,01H0271N,32,23.9,94
2021-06-04 04:00,01H0271N,41,6.0,1
2021-06-04 04:00,01H0271N,42,0.0,0
2021-06-04 04:00,01H0271N,5,0.0,0
2021-06-04 04:00,01H0305S,31,46.8,42
2021-06-04 04:00,01H0305S,32,21.6,42
2021-06-04 04:00,01H0305S,41,152.5,1
2021-06-04 04:00,01H0305S,42,15.4,1
2021-06-04 04:00,01H0305S,5,0.0,0
2021-06-04 04:00,01H0333N,31,0.0,0
2021-06-04 04:00,01H0333N,32,0.0,0
2021-06-04 04:00,01H0333N,41,0.0,0
2021-06-04 04:00,01H0333N,42,0.0,0
2021-06-04 04:00,01H0333N,5,0.0,0
2021-06-04 04:00,01H0334S,31,0.0,0
2021-06-04 04:00,01H0334S,32,0.0,0
2021-06-04 04:00,01H0334S,41,0.0,0
2021-06-04 04:00,01H0334S,42,0.0,0
2021-06-04 04:00,01H0334S,5,0.0,0
2021-06-04 04:00,01H0447N,31,34.1,19
2021-06-04 04:00,01H0447N,32,29.2,19
2021-06-04 04:00,01H0447N,41,29.3,1
2021-06-04 04:00,01H0447N,42,0.0,0
2021-06-04 04:00,01H0447N,5,0.0,0
2021-06-04 04:00,01H0447S,31,16.5,1
2021-06-04 04:00,01H0447S,32,16.5,3
2021-06-04 04:00,01H0447S,41,0.0,0
2021-06-04 04:00,01H0447S,42,16.5,1
2021-06-04 04:00,01H0447S,5,0.0,0
2021-06-04 04:00,01H0579N,31,23.7,25
2021-06-04 04:00,01H0579N,32,38.1,11
2021-06-04 04:00,01H0579N,41,0.0,0
2021-06-04 04:00,01H0579N,42,0.0,0
2021-06-04 04:00,01H0579N,5,0.0,0
2021-06-04 04:00,01H0579S,31,65.7,13
2021-06-04 04:00,01H0579S,32,77.1,11
2021-06-04 04:00,01H0579S,41,0.0,0
2021-06-04 04:00,01H0579S,42,211.8,1
2021-06-04 04:00,01H0579S,5,0.0,0
2021-06-04 04:00,01H0608N,31,21.5,12
2021-06-04 04:00,01H0608N,32,31.0,7
2021-06-04 04:00,01H0608N,41,0.0,0
2021-06-04 04:00,01H0608N,42,20.9,1
2021-06-04 04:00,01H0608N,5,0.0,0
2021-06-04 04:00,01H0610S,31,0.0,0
2021-06-04 04:00,01H0610S,32,0.0,0
2021-06-04 04:00,01H0610S,41,0.0,0
2021-06-04 04:00,01H0610S,42,0.0,0
2021-06-04 04:00,01H0610S,5,0.0,0
2021-06-04 04:00,03A0015N,31,3.6,10
2021-06-04 04:00,03A0015N,32,3.6,7
2021-06-04 04:00,03A0015N,41,0.0,0
2021-06-04 04:00,03A0015N,42,3.6,2
2021-06-04 04:00,03A0015N,5,0.0,0
2021-06-04 04:00,03A0015S,31,10.4,40
2021-06-04 04:00,03A0015S,32,21.5,33
2021-06-04 04:00,03A0015S,41,0.0,0
2021-06-04 04:00,03A0015S,42,20.1,14
2021-06-04 04:00,03A0015S,5,48.1,2
2021-06-04 04:00,03A0041N,31,4.0,10
2021-06-04 04:00,03A0041N,32,4.5,13
2021-06-04 04:00,03A0041N,41,0.0,0
2021-06-04 04:00,03A0041N,42,5.1,1
2021-06-04 04:00,03A0041N,5,0.0,0
2021-06-04 04:00,03A0041S,31,28.0,29
2021-06-04 04:00,03A0041S,32,25.6,21
2021-06-04 04:00,03A0041S,41,0.0,0
2021-06-04 04:00,03A0041S,42,14.1,6
2021-06-04 04:00,03A0041S,5,9.6,2
2021-06-04 04:00,03F0006S,31,19.7,66
2021-06-04 04:00,03F0006S,32,22.5,32
2021-06-04 04:00,03F0006S,41,0.0,0
2021-06-04 04:00,03F0006S,42,27.1,3
2021-06-04 04:00,03F0006S,5,70.6,5
2021-06-04 04:00,03F0021N,31,2.4,9
2021-06-04 04:00,03F0021N,32,2.4,2
2021-06-04 04:00,03F0021N,41,0.0,0
2021-06-04 04:00,03F0021N,42,0.0,0
2021-06-04 04:00,03F0021N,5,2.4,2
2021-06-04 04:00,03F0054N,31,0.0,0
2021-06-04 04:00,03F0054N,32,10.9,1
2021-06-04 04:00,03F0054N,41,0.0,0
2021-06-04 04:00,03F0054N,42,0.0,0
2021-06-04 04:00,03F0054N,5,0.0,0
2021-06-04 04:00,03F0087S,31,20.2,2
2021-06-04 04:00,03F0087S,32,52.0,1
2021-06-04 04:00,03F0087S,41,0.0,0
2021-06-04 04:00,03F0087S,42,0.0,0
2021-06-04 04:00,03F0087S,5,30.1,1
2021-06-04 04:00,03F0116N,31,16.1,7
2021-06-04 04:00,03F0116N,32,28.2,12
2021-06-04 04:00,03F0116N,41,0.0,0
2021-06-04 04:00,03F0116N,42,86.4,5
2021-06-04 04:00,03F0116N,5,14.6,31
2021-06-04 04:00,03F0116S,31,18.2,9
2021-06-04 04:00,03F0116S,32,28.7,4
2021-06-04 04:00,03F0116S,41,0.0,0
2021-06-04 04:00,03F0116S,42,27.0,3
2021-06-04 04:00,03F0116S,5,31.9,3
2021-06-04 04:00,03F0136S,31,21.1,27
2021-06-04 04:00,03F0136S,32,46.7,23
2021-06-04 04:00,03F0136S,41,0.0,0
2021-06-04 04:00,03F0136S,42,28.5,5
2021-06-04 04:00,03F0136S,5,84.9,9
2021-06-04 04:00,03F0140N,31,13.6,16
2021-06-04 04:00,03F0140N,32,9.2,10
2021-06-04 04:00,03F0140N,41,0.0,0
2021-06-04 04:00,03F0140N,42,15.0,3
2021-06-04 04:00,03F0140N,5,0.0,0
2021-06-04 04:00,03F0150N,31,0.0,0
2021-06-04 04:00,03F0150N,32,0.0,0
2021-06-04 04:00,03F0150N,41,0.0,0
2021-06-04 04:00,03F0150N,42,0.0,0
2021-06-04 04:00,03F0150N,5,0.0,0
2021-06-04 04:00,03F0158S,31,29.6,51
2021-06-04 04:00,03F0158S,32,28.7,30
2021-06-04 04:00,03F0158S,41,0.0,0
2021-06-04 04:00,03F0158S,42,15.3,6
2021-06-04 04:00,03F0158S,5,5.2,1
2021-06-04 04:00,03F0201N,31,14.4,7
2021-06-04 04:00,03F0201N,32,11.3,3
2021-06-04 04:00,03F0201N,41,0.0,0
2021-06-04 04:00,03F0201N,42,8.1,3
2021-06-04 04:00,03F0201N,5,0.0,0
2021-06-04 04:00,03F0201S,31,0.0,0
2021-06-04 04:00,03F0201S,32,19.6,1
2021-06-04 04:00,03F0201S,41,0.0,0
2021-06-04 04:00,03F0201S,42,0.0,0
2021-06-04 04:00,03F0201S,5,0.0,0
2021-06-04 04:00,03F0217N,31,14.8,19
2021-06-04 04:00,03F0217N,32,16.5,6
2021-06-04 04:00,03F0217N,41,0.0,0
2021-06-04 04:00,03F0217N,42,0.0,0
2021-06-04 04:00,03F0217N,5,0.0,0
2021-06-04 04:00,03F0217S,31,46.0,17
2021-06-04 04:00,03F0217S,32,35.9,7
2021-06-04 04:00,03F0217S,41,6.0,1
2021-06-04 04:00,03F0217S,42,33.6,1
2021-06-04 04:00,03F0217S,5,0.0,0
2021-06-04 04:00,03F0301N,31,19.8,25
2021-06-04 04:00,03F0301N,32,17.9,13
2021-06-04 04:00,03F0301N,41,0.0,0
2021-06-04 04:00,03F0301N,42,18.4,1
2021-06-04 04:00,03F0301N,5,22.7,9
2021-06-04 04:00,03F0301S,31,29.3,15
2021-06-04 04:00,03F0301S,32,37.0,13
2021-06-04 04:00,03F0301S,41,0.0,0
2021-06-04 04:00,03F0301S,42,17.6,3
2021-06-04 04:00,03F0301S,5,54.5,4
2021-06-04 04:00,03F0337S,31,40.0,73
2021-06-04 04:00,03F0337S,32,21.0,51
2021-06-04 04:00,03F0337S,41,0.0,0
2021-06-04 04:00,03F0337S,42,42.9,18
2021-06-04 04:00,03F0337S,5,24.1,15
2021-06-04 04:00,03F0338N,31,16.4,43
2021-06-04 04:00,03F0338N,32,24.7,40
2021-06-04 04:00,03F0338N,41,0.0,0
2021-06-04 04:00,03F0338N,42,8.4,19
2021-06-04 04:00,03F0338N,5,12.5,7
2021-06-04 04:00,03F0394N,31,19.1,20
2021-06-04 04:00,03F0394N,32,18.3,34
2021-06-04 04:00,03F0394N,41,0.0,0
2021-06-04 04:00,03F0394N,42,19.2,5
2021-06-04 04:00,03F0394N,5,19.1,11
2021-06-04 04:00,03F0394S,31,39.0,89
2021-06-04 04:00,03F0394S,32,36.0,93
2021-06-04 04:00,03F0394S,41,0.0,0
2021-06-04 04:00,03F0394S,42,44.2,19
2021-06-04 04:00,03F0394S,5,19.5,7
2021-06-04 04:00,03F0447N,31,14.0,30
2021-06-04 04:00,03F0447N,32,11.9,28
2021-06-04 04:00,03F0447N,41,0.0,0
2021-06-04 04:00,03F0447N,42,7.1,15
2021-06-04 04:00,03F0447N,5,16.9,8
2021-06-04 04:00,03F0447S,31,46.4,84
2021-06-04 04:00,03F0447S,32,31.3,80
2021-06-04 04:00,03F0447S,41,0.0,0
2021-06-04 04:00,03F0447S,42,59.0,29
2021-06-04 04:00,03F0447S,5,55.6,28
2021-06-04 04:00,03F0498N,31,16.2,27
2021-06-04 04:00,03F0498N,32,18.0,34
2021-06-04 04:00,03F0498N,41,0.0,0
2021-06-04 04:00,03F0498N,42,28.2,6
2021-06-04 04:00,03F0498N,5,19.5,1
2021-06-04 04:00,03F0498S,31,7.6,1
2021-06-04 04:00,03F0498S,32,0.0,0
2021-06-04 04:00,03F0498S,41,0.0,0
2021-06-04 04:00,03F0498S,42,7.6,2
2021-06-04 04:00,03F0498S,5,0.0,0
2021-06-04 04:00,03F0525N,31,19.3,59
2021-06-04 04:00,03F0525N,32,18.2,59
2021-06-04 04:00,03F0525N,41,0.0,0
2021-06-04 04:00,03F0525N,42,19.4,10
2021-06-04 04:00,03F0525N,5,27.9,7
2021-06-04 04:00,03F0525S,31,33.7,41
2021-06-04 04:00,03F0525S,32,27.3,36
2021-06-04 04:00,03F0525S,41,0.0,0
2021-06-04 04:00,03F0525S,42,106.5,29
2021-06-04 04:00,03F0525S,5,41.6,25
2021-06-04 04:00,03F0559N,31,25.5,58
2021-06-04 04:00,03F0559N,32,27.8,51
2021-06-04 04:00,03F0559N,41,0.0,0
2021-06-04 04:00,03F0559N,42,27.5,20
2021-06-04 04:00,03F0559N,5,21.6,19
2021-06-04 04:00,03F0559S,31,45.1,29
2021-06-04 04:00,03F0559S,32,22.0,21
2021-06-04 04:00,03F0559S,41,8.3,1
2021-06-04 04:00,03F0559S,42,148.8,16
2021-06-04 04:00,03F0559S,5,61.4,8
2021-06-04 04:00,03F0648N,31,23.9,35
2021-06-04 04:00,03F0648N,32,20.0,24
2021-06-04 04:00,03F0648N,41,0.0,0
2021-06-04 04:00,03F0648N,42,24.8,6
2021-06-04 04:00,03F0648N,5,23.6,13
2021-06-04 04:00,03F0648S,31,78.5,15
2021-06-04 04:00,03F0648S,32,53.6,20
2021-06-04 04:00,03F0648S,41,0.0,0
2021-06-04 04:00,03F0648S,42,121.2,10
2021-06-04 04:00,03F0648S,5,156.6,13
2021-06-04 04:00,03F0698N,31,31.1,2
2021-06-04 04:00,03F0698N,32,13.5,1
2021-06-04 04:00,03F0698N,41,0.0,0
2021-06-04 04:00,03F0698N,42,0.0,0
2021-06-04 04:00,03F0698N,5,67.7,2
2021-06-04 04:00,03F0698S,31,105.3,10
2021-06-04 04:00,03F0698S,32,60.3,2
2021-06-04 04:00,03F0698S,41,0.0,0
2021-06-04 04:00,03F0698S,42,102.7,7
2021-06-04 04:00,03F0698S,5,142.8,2
2021-06-04 04:00,03F0783N,31,18.3,8
2021-06-04 04:00,03F0783N,32,27.9,6
2021-06-04 04:00,03F0783N,41,0.0,0
2021-06-04 04:00,03F0783N,42,0.0,0
2021-06-04 04:00,03F0783N,5,0.0,0
2021-06-04 04:00,03F0783S,31,0.0,0
2021-06-04 04:00,03F0783S,32,0.0,0
2021-06-04 04:00,03F0783S,41,0.0,0
2021-06-04 04:00,03F0783S,42,288.9,2
2021-06-04 04:00,03F0783S,5,157.8,2
2021-06-04 04:00,03F0846N,31,47.0,18
2021-06-04 04:00,03F0846N,32,47.8,18
2021-06-04 04:00,03F0846N,41,0.0,0
2021-06-04 04:00,03F0846N,42,41.9,3
2021-06-04 04:00,03F0846N,5,57.6,6
2021-06-04 04:00,03F0846S,31,17.8,2
2021-06-04 04:00,03F0846S,32,72.0,8
2021-06-04 04:00,03F0846S,41,0.0,0
2021-06-04 04:00,03F0846S,42,156.7,5
2021-06-04 04:00,03F0846S,5,107.4,7
2021-06-04 04:00,03F0961N,31,20.8,7
2021-06-04 04:00,03F0961N,32,20.2,4
2021-06-04 04:00,03F0961N,41,0.0,0
2021-06-04 04:00,03F0961N,42,26.4,2
2021-06-04 04:00,03F0961N,5,88.8,2
2021-06-04 04:00,03F0961S,31,40.4,12
2021-06-04 04:00,03F0961S,32,33.5,8
2021-06-04 04:00,03F0961S,41,0.0,0
2021-06-04 04:00,03F0961S,42,0.0,0
2021-06-04 04:00,03F0961S,5,37.0,6
2021-06-04 04:00,03F0996N,31,10.5,1
2021-06-04 04:00,03F0996N,32,2.0,2
2021-06-04 04:00,03F0996N,41,0.0,0
2021-06-04 04:00,03F0996N,42,2.0,1
2021-06-04 04:00,03F0996N,5,0.0,0
2021-06-04 04:00,03F0996S,31,25.4,10
2021-06-04 04:00,03F0996S,32,44.0,7
2021-06-04 04:00,03F0996S,41,0.0,0
2021-06-04 04:00,03F0996S,42,17.1,9
2021-06-04 04:00,03F0996S,5,38.1,3
2021-06-04 04:00,03F1022N,31,37.0,16
2021-06-04 04:00,03F1022N,32,90.7,3
2021-06-04 04:00,03F1022N,41,42.5,2
2021-06-04 04:00,03F1022N,42,59.1,2
2021-06-04 04:00,03F1022N,5,61.0,1
2021-06-04 04:00,03F1022S,31,0.0,0
2021-06-04 04:00,03F1022S,32,0.0,0
2021-06-04 04:00,03F1022S,41,0.0,0
2021-06-04 04:00,03F1022S,42,0.0,0
2021-06-04 04:00,03F1022S,5,0.0,0
2021-06-04 04:00,03F1051N,31,18.1,19
2021-06-04 04:00,03F1051N,32,20.1,13
2021-06-04 04:00,03F1051N,41,0.0,0
2021-06-04 04:00,03F1051N,42,52.3,9
2021-06-04 04:00,03F1051N,5,60.1,9
2021-06-04 04:00,03F1051S,31,14.1,8
2021-06-04 04:00,03F1051S,32,7.9,5
2021-06-04 04:00,03F1051S,41,0.0,0
2021-06-04 04:00,03F1051S,42,242.4,1
2021-06-04 04:00,03F1051S,5,72.2,1
2021-06-04 04:00,03F1128N,31,26.6,15
2021-06-04 04:00,03F1128N,32,39.1,9
2021-06-04 04:00,03F1128N,41,0.0,0
2021-06-04 04:00,03F1128N,42,63.2,5
2021-06-04 04:00,03F1128N,5,58.1,5
2021-06-04 04:00,03F1128S,31,27.6,10
2021-06-04 04:00,03F1128S,32,22.3,5
2021-06-04 04:00,03F1128S,41,20.6,1
2021-06-04 04:00,03F1128S,42,174.0,9
2021-06-04 04:00,03F1128S,5,142.4,22
2021-06-04 04:00,03F1161N,31,55.0,3
2021-06-04 04:00,03F1161N,32,49.3,5
2021-06-04 04:00,03F1161N,41,22.3,1
2021-06-04 04:00,03F1161N,42,66.2,32
2021-06-04 04:00,03F1161N,5,64.6,54
2021-06-04 04:00,03F1161S,31,0.0,0
2021-06-04 04:00,03F1161S,32,0.0,0
2021-06-04 04:00,03F1161S,41,0.0,0
2021-06-04 04:00,03F1161S,42,0.0,0
2021-06-04 04:00,03F1161S,5,0.0,0
2021-06-04 04:00,03F1215N,31,28.8,6
2021-06-04 04:00,03F1215N,32,20.3,3
2021-06-04 04:00,03F1215N,41,0.0,0
2021-06-04 04:00,03F1215N,42,52.9,5
2021-06-04 04:00,03F1215N,5,39.3,1
2021-06-04 04:00,03F1215S,31,40.8,4
2021-06-04 04:00,03F1215S,32,31.6,6
2021-06-04 04:00,03F1215S,41,0.0,0
2021-06-04 04:00,03F1215S,42,61.5,3
2021-06-04 04:00,03F1215S,5,189.0,7
2021-06-04 04:00,03F1257N,31,24.4,7
2021-06-04 04:00,03F1257N,32,30.0,8
2021-06-04 04:00,03F1257N,41,0.0,0
2021-06-04 04:00,03F1257N,42,20.6,1
2021-06-04 04:00,03F1257N,5,75.2,5
2021-06-04 04:00,03F1257S,31,0.0,0
2021-06-04 04:00,03F1257S,32,5.7,1
2021-06-04 04:00,03F1257S,41,0.0,0
2021-06-04 04:00,03F1257S,42,79.8,5
2021-06-04 04:00,03F1257S,5,74.2,8
2021-06-04 04:00,03F1332N,31,0.0,0
2021-06-04 04:00,03F1332N,32,34.7,1
2021-06-04 04:00,03F1332N,41,0.0,0
2021-06-04 04:00,03F1332N,42,0.0,0
2021-06-04 04:00,03F1332N,5,74.2,8
2021-06-04 04:00,03F1332S,31,40.9,6
2021-06-04 04:00,03F1332S,32,59.5,4
2021-06-04 04:00,03F1332S,41,0.0,0
2021-06-04 04:00,03F1332S,42,64.2,2
2021-06-04 04:00,03F1332S,5,129.2,9
2021-06-04 04:00,03F1395N,31,71.0,3
2021-06-04 04:00,03F1395N,32,98.2,2
2021-06-04 04:00,03F1395N,41,0.0,0
2021-06-04 04:00,03F1395N,42,109.7,5
2021-06-04 04:00,03F1395N,5,63.9,12
2021-06-04 04:00,03F1395S,31,83.8,1
2021-06-04 04:00,03F1395S,32,0.0,0
2021-06-04 04:00,03F1395S,41,0.0,0
2021-06-04 04:00,03F1395S,42,243.4,1
2021-06-04 04:00,03F1395S,5,107.1,6
2021-06-04 04:00,03F1485N,31,35.1,4
2021-06-04 04:00,03F1485N,32,69.8,5
2021-06-04 04:00,03F1485N,41,0.0,0
2021-06-04 04:00,03F1485N,42,101.8,6
2021-06-04 04:00,03F1485N,5,102.0,11
2021-06-04 04:00,03F1485S,31,22.1,2
2021-06-04 04:00,03F1485S,32,30.6,3
2021-06-04 04:00,03F1485S,41,0.0,0
2021-06-04 04:00,03F1485S,42,0.0,0
2021-06-04 04:00,03F1485S,5,120.9,2
2021-06-04 04:00,03F1633N,31,27.5,7
2021-06-04 04:00,03F1633N,32,7.4,2
2021-06-04 04:00,03F1633N,41,0.0,0
2021-06-04 04:00,03F1633N,42,95.7,3
2021-06-04 04:00,03F1633N,5,95.8,3
2021-06-04 04:00,03F1633S,31,17.2,12
2021-06-04 04:00,03F1633S,32,27.9,12
2021-06-04 04:00,03F1633S,41,0.0,0
2021-06-04 04:00,03F1633S,42,122.5,4
2021-06-04 04:00,03F1633S,5,82.7,11
2021-06-04 04:00,03F1651N,31,84.3,10
2021-06-04 04:00,03F1651N,32,41.9,6
2021-06-04 04:00,03F1651N,41,0.0,0
2021-06-04 04:00,03F1651N,42,145.1,5
2021-06-04 04:00,03F1651N,5,108.1,18
2021-06-04 04:00,03F1651S,31,16.4,16
2021-06-04 04:00,03F1651S,32,20.4,15
2021-06-04 04:00,03F1651S,41,0.0,0
2021-06-04 04:00,03F1651S,42,16.7,4
2021-06-04 04:00,03F1651S,5,4.8,3
2021-06-04 04:00,03F1710N,31,59.0,2
2021-06-04 04:00,03F1710N,32,0.0,0
2021-06-04 04:00,03F1710N,41,0.0,0
2021-06-04 04:00,03F1710N,42,121.8,2
2021-06-04 04:00,03F1710N,5,112.5,4
2021-06-04 04:00,03F1710S,31,22.5,5
2021-06-04 04:00,03F1710S,32,74.4,3
2021-06-04 04:00,03F1710S,41,0.0,0
2021-06-04 04:00,03F1710S,42,88.1,3
2021-06-04 04:00,03F1710S,5,106.4,4
2021-06-04 04:00,03F1739N,31,30.2,12
2021-06-04 04:00,03F1739N,32,60.1,15
2021-06-04 04:00,03F1739N,41,0.0,0
2021-06-04 04:00,03F1739N,42,102.2,9
2021-06-04 04:00,03F1739N,5,84.2,9
2021-06-04 04:00,03F1739S,31,0.0,0
2021-06-04 04:00,03F1739S,32,0.0,0
2021-06-04 04:00,03F1739S,41,0.0,0
2021-06-04 04:00,03F1739S,42,135.3,1
2021-06-04 04:00,03F1739S,5,126.0,10
2021-06-04 04:00,03F1779N,31,35.2,17
2021-06-04 04:00,03F1779N,32,32.0,16
2021-06-04 04:00,03F1779N,41,0.0,0
2021-06-04 04:00,03F1779N,42,95.1,9
2021-06-04 04:00,03F1779N,5,101.2,9
2021-06-04 04:00,03F1779S,31,49.0,14
2021-06-04 04:00,03F1779S,32,22.4,15
2021-06-04 04:00,03F1779S,41,0.0,0
2021-06-04 04:00,03F1779S,42,68.8,8
2021-06-04 04:00,03F1779S,5,167.0,3
2021-06-04 04:00,03F1860N,31,37.2,10
2021-06-04 04:00,03F1860N,32,66.4,7
2021-06-04 04:00,03F1860N,41,0.0,0
2021-06-04 04:00,03F1860N,42,128.1,9
2021-06-04 04:00,03F1860N,5,106.4,7
2021-06-04 04:00,03F1860S,31,44.0,16
2021-06-04 04:00,03F1860S,32,41.2,9
2021-06-04 04:00,03F1860S,41,0.0,0
2021-06-04 04:00,03F1860S,42,69.9,15
2021-06-04 04:00,03F1860S,5,108.9,17
2021-06-04 04:00,03F1941N,31,0.0,0
2021-06-04 04:00,03F1941N,32,0.0,0
2021-06-04 04:00,03F1941N,41,0.0,0
2021-06-04 04:00,03F1941N,42,0.0,0
2021-06-04 04:00,03F1941N,5,0.0,0
2021-06-04 04:00,03F1944S,31,25.2,22
2021-06-04 04:00,03F1944S,32,39.3,10
2021-06-04 04:00,03F1944S,41,0.0,0
2021-06-04 04:00,03F1944S,42,59.3,16
2021-06-04 04:00,03F1944S,5,99.3,38
2021-06-04 04:00,03F1991S,31,0.0,0
2021-06-04 04:00,03F1991S,32,0.0,0
2021-06-04 04:00,03F1991S,41,0.0,0
2021-06-04 04:00,03F1991S,42,0.0,0
2021-06-04 04:00,03F1991S,5,0.0,0
2021-06-04 04:00,03F1992N,31,22.5,24
2021-06-04 04:00,03F1992N,32,17.6,23
2021-06-04 04:00,03F1992N,41,0.0,0
2021-06-04 04:00,03F1992N,42,90.8,22
2021-06-04 04:00,03F1992N,5,37.6,16
2021-06-04 04:00,03F2066N,31,9.8,12
2021-06-04 04:00,03F2066N,32,41.5,7
2021-06-04 04:00,03F2066N,41,0.0,0
2021-06-04 04:00,03F2066N,42,81.8,15
2021-06-04 04:00,03F2066N,5,15.8,6
2021-06-04 04:00,03F2066S,31,21.2,37
2021-06-04 04:00,03F2066S,32,12.4,33
2021-06-04 04:00,03F2066S,41,0.0,0
2021-06-04 04:00,03F2066S,42,21.3,26
2021-06-04 04:00,03F2066S,5,25.1,14
2021-06-04 04:00,03F2078N,31,42.4,12
2021-06-04 04:00,03F2078N,32,18.6,16
2021-06-04 04:00,03F2078N,41,6.9,1
2021-06-04 04:00,03F2078N,42,52.8,11
2021-06-04 04:00,03F2078N,5,29.1,19
2021-06-04 04:00,03F2079S,31,10.1,15
2021-06-04 04:00,03F2079S,32,5.9,6
2021-06-04 04:00,03F2079S,41,0.0,0
2021-06-04 04:00,03F2079S,42,62.1,4
2021-06-04 04:00,03F2079S,5,1.7,1
2021-06-04 04:00,03F2100N,31,14.8,29
2021-06-04 04:00,03F2100N,32,25.7,27
2021-06-04 04:00,03F2100N,41,0.0,0
2021-06-04 04:00,03F2100N,42,66.1,13
2021-06-04 04:00,03F2100N,5,19.8,3
2021-06-04 04:00,03F2100S,31,21.8,23
2021-06-04 04:00,03F2100S,32,48.6,6
2021-06-04 04:00,03F2100S,41,0.0,0
2021-06-04 04:00,03F2100S,42,16.8,3
2021-06-04 04:00,03F2100S,5,0.0,0
2021-06-04 04:00,03F2125N,31,35.3,29
2021-06-04 04:00,03F2125N,32,10.6,23
2021-06-04 04:00,03F2125N,41,0.0,0
2021-06-04 04:00,03F2125N,42,36.3,6
2021-06-04 04:00,03F2125N,5,46.3,12
2021-06-04 04:00,03F2129S,31,26.9,41
2021-06-04 04:00,03F2129S,32,18.5,34
2021-06-04 04:00,03F2129S,41,0.0,0
2021-06-04 04:00,03F2129S,42,60.6,16
2021-06-04 04:00,03F2129S,5,39.6,13
2021-06-04 04:00,03F2152S,31,48.8,5
2021-06-04 04:00,03F2152S,32,23.5,4
2021-06-04 04:00,03F2152S,41,0.0,0
2021-06-04 04:00,03F2152S,42,8.5,11
2021-06-04 04:00,03F2152S,5,35.6,3
2021-06-04 04:00,03F2153N,31,8.2,18
2021-06-04 04:00,03F2153N,32,28.3,10
2021-06-04 04:00,03F2153N,41,0.0,0
2021-06-04 04:00,03F2153N,42,58.5,3
2021-06-04 04:00,03F2153N,5,14.4,2
2021-06-04 04:00,03F2194N,31,11.6,18
2021-06-04 04:00,03F2194N,32,10.5,27
2021-06-04 04:00,03F2194N,41,0.0,0
2021-06-04 04:00,03F2194N,42,10.1,10
2021-06-04 04:00,03F2194N,5,0.0,0
2021-06-04 04:00,03F2194S,31,9.9,4
2021-06-04 04:00,03F2194S,32,35.4,8
2021-06-04 04:00,03F2194S,41,0.0,0
2021-06-04 04:00,03F2194S,42,60.8,3
2021-06-04 04:00,03F2194S,5,138.6,10
2021-06-04 04:00,03F2231N,31,16.6,18
2021-06-04 04:00,03F2231N,32,18.7,13
2021-06-04 04:00,03F2231N,41,0.0,0
2021-06-04 04:00,03F2231N,42,67.2,14
2021-06-04 04:00,03F2231N,5,46.2,14
2021-06-04 04:00,03F2235S,31,10.2,5
2021-06-04 04:00,03F2235S,32,17.2,17
2021-06-04 04:00,03F2235S,41,0.0,0
2021-06-04 04:00,03F2235S,42,86.2,3
2021-06-04 04:00,03F2235S,5,0.0,0
2021-06-04 04:00,03F2260N,31,21.0,22
2021-06-04 04:00,03F2260N,32,20.4,10
2021-06-04 04:00,03F2260N,41,0.0,0
2021-06-04 04:00,03F2260N,42,57.0,5
2021-06-04 04:00,03F2260N,5,37.0,1
2021-06-04 04:00,03F2261S,31,25.4,10
2021-06-04 04:00,03F2261S,32,89.1,3
2021-06-04 04:00,03F2261S,41,0.0,0
2021-06-04 04:00,03F2261S,42,87.9,2
2021-06-04 04:00,03F2261S,5,23.9,2
2021-06-04 04:00,03F2306N,31,8.3,5
2021-06-04 04:00,03F2306N,32,25.9,2
2021-06-04 04:00,03F2306N,41,0.0,0
2021-06-04 04:00,03F2306N,42,0.0,0
2021-06-04 04:00,03F2306N,5,0.0,0
2021-06-04 04:00,03F2306S,31,16.6,6
2021-06-04 04:00,03F2306S,32,21.4,9
2021-06-04 04:00,03F2306S,41,8.2,1
2021-06-04 04:00,03F2306S,42,158.3,3
2021-06-04 04:00,03F2306S,5,8.2,1
2021-06-04 04:00,03F2336N,31,28.1,11
2021-06-04 04:00,03F2336N,32,27.3,9
2021-06-04 04:00,03F2336N,41,0.0,0
2021-06-04 04:00,03F2336N,42,27.9,3
2021-06-04 04:00,03F2336N,5,77.9,4
2021-06-04 04:00,03F2336S,31,5.4,3
2021-06-04 04:00,03F2336S,32,0.0,0
2021-06-04 04:00,03F2336S,41,0.0,0
2021-06-04 04:00,03F2336S,42,0.0,0
2021-06-04 04:00,03F2336S,5,0.0,0
2021-06-04 04:00,03F2415N,31,23.0,8
2021-06-04 04:00,03F2415N,32,37.8,10
2021-06-04 04:00,03F2415N,41,0.0,0
2021-06-04 04:00,03F2415N,42,71.0,9
2021-06-04 04:00,03F2415N,5,205.4,1
2021-06-04 04:00,03F2415S,31,61.6,4
2021-06-04 04:00,03F2415S,32,34.4,3
2021-06-04 04:00,03F2415S,41,0.0,0
2021-06-04 04:00,03F2415S,42,39.5,3
2021-06-04 04:00,03F2415S,5,64.4,3
2021-06-04 04:00,03F2447N,31,46.6,4
2021-06-04 04:00,03F2447N,32,36.0,3
2021-06-04 04:00,03F2447N,41,0.0,0
2021-06-04 04:00,03F2447N,42,0.0,0
2021-06-04 04:00,03F2447N,5,42.6,4
2021-06-04 04:00,03F2447S,31,27.7,2
2021-06-04 04:00,03F2447S,32,6.4,1
2021-06-04 04:00,03F2447S,41,0.0,0
2021-06-04 04:00,03F2447S,42,0.0,0
2021-06-04 04:00,03F2447S,5,101.0,3
2021-06-04 04:00,03F2535N,31,36.2,7
2021-06-04 04:00,03F2535N,32,21.0,6
2021-06-04 04:00,03F2535N,41,0.0,0
2021-06-04 04:00,03F2535N,42,168.7,16
2021-06-04 04:00,03F2535N,5,61.6,17
2021-06-04 04:00,03F2535S,31,15.6,5
2021-06-04 04:00,03F2535S,32,24.7,7
2021-06-04 04:00,03F2535S,41,0.0,0
2021-06-04 04:00,03F2535S,42,80.0,3
2021-06-04 04:00,03F2535S,5,18.1,1
2021-06-04 04:00,03F2614N,31,25.8,7
2021-06-04 04:00,03F2614N,32,25.9,7
2021-06-04 04:00,03F2614N,41,0.0,0
2021-06-04 04:00,03F2614N,42,21.2,7
2021-06-04 04:00,03F2614N,5,25.8,7
2021-06-04 04:00,03F2614S,31,11.1,7
2021-06-04 04:00,03F2614S,32,18.8,4
2021-06-04 04:00,03F2614S,41,0.0,0
2021-06-04 04:00,03F2614S,42,79.4,7
2021-06-04 04:00,03F2614S,5,131.4,3
2021-06-04 04:00,03F2709N,31,20.4,2
2021-06-04 04:00,03F2709N,32,0.0,0
2021-06-04 04:00,03F2709N,41,0.0,0
2021-06-04 04:00,03F2709N,42,0.0,0
2021-06-04 04:00,03F2709N,5,0.0,0
2021-06-04 04:00,03F2709S,31,36.7,6
2021-06-04 04:00,03F2709S,32,18.0,2
2021-06-04 04:00,03F2709S,41,0.0,0
2021-06-04 04:00,03F2709S,42,40.7,4
2021-06-04 04:00,03F2709S,5,128.7,14
2021-06-04 04:00,03F2747N,31,0.0,0
2021-06-04 04:00,03F2747N,32,0.0,0
2021-06-04 04:00,03F2747N,41,0.0,0
2021-06-04 04:00,03F2747N,42,7.7,1
2021-06-04 04:00,03F2747N,5,0.0,0
2021-06-04 04:00,03F2747S,31,85.8,1
2021-06-04 04:00,03F2747S,32,58.5,1
2021-06-04 04:00,03F2747S,41,13.4,1
2021-06-04 04:00,03F2747S,42,0.0,0
2021-06-04 04:00,03F2747S,5,0.0,0
2021-06-04 04:00,03F2777N,31,94.3,3
2021-06-04 04:00,03F2777N,32,41.8,18
2021-06-04 04:00,03F2777N,41,0.0,0
2021-06-04 04:00,03F2777N,42,37.8,2
2021-06-04 04:00,03F2777N,5,35.7,2
2021-06-04 04:00,03F2777S,31,0.0,0
2021-06-04 04:00,03F2777S,32,0.0,0
2021-06-04 04:00,03F2777S,41,0.0,0
2021-06-04 04:00,03F2777S,42,2.5,1
2021-06-04 04:00,03F2777S,5,0.0,0
2021-06-04 04:00,03F2840N,31,24.6,11
2021-06-04 04:00,03F2840N,32,35.0,14
2021-06-04 04:00,03F2840N,41,0.0,0
2021-06-04 04:00,03F2840N,42,20.9,1
2021-06-04 04:00,03F2840N,5,0.0,0
2021-06-04 04:00,03F2840S,31,14.8,8
2021-06-04 04:00,03F2840S,32,35.9,10
2021-06-04 04:00,03F2840S,41,0.0,0
2021-06-04 04:00,03F2840S,42,65.2,2
2021-06-04 04:00,03F2840S,5,93.3,9
2021-06-04 04:00,03F2899N,31,0.0,0
2021-06-04 04:00,03F2899N,32,0.0,0
2021-06-04 04:00,03F2899N,41,0.0,0
2021-06-04 04:00,03F2899N,42,0.0,0
2021-06-04 04:00,03F2899N,5,0.0,0
2021-06-04 04:00,03F2899S,31,0.0,0
2021-06-04 04:00,03F2899S,32,0.0,0
2021-06-04 04:00,03F2899S,41,0.0,0
2021-06-04 04:00,03F2899S,42,0.0,0
2021-06-04 04:00,03F2899S,5,0.0,0
2021-06-04 04:00,03F2923N,31,27.3,14
2021-06-04 04:00,03F2923N,32,56.2,11
2021-06-04 04:00,03F2923N,41,0.0,0
2021-06-04 04:00,03F2923N,42,18.1,2
2021-06-04 04:00,03F2923N,5,59.3,7
2021-06-04 04:00,03F2923S,31,23.9,11
2021-06-04 04:00,03F2923S,32,13.2,8
2021-06-04 04:00,03F2923S,41,0.0,0
2021-06-04 04:00,03F2923S,42,57.1,3
2021-06-04 04:00,03F2923S,5,94.2,25
2021-06-04 04:00,03F2985N,31,10.2,7
2021-06-04 04:00,03F2985N,32,23.2,11
2021-06-04 04:00,03F2985N,41,0.0,0
2021-06-04 04:00,03F2985N,42,9.4,4
2021-06-04 04:00,03F2985N,5,44.9,3
2021-06-04 04:00,03F2985S,31,37.6,13
2021-06-04 04:00,03F2985S,32,40.1,4
2021-06-04 04:00,03F2985S,41,0.0,0
2021-06-04 04:00,03F2985S,42,0.0,0
2021-06-04 04:00,03F2985S,5,0.0,0
2021-06-04 04:00,03F3101N,31,15.7,3
2021-06-04 04:00,03F3101N,32,14.7,3
2021-06-04 04:00,03F3101N,41,0.0,0
2021-06-04 04:00,03F3101N,42,0.0,0
2021-06-04 04:00,03F3101N,5,0.0,0
2021-06-04 04:00,03F3101S,31,54.9,4
2021-06-04 04:00,03F3101S,32,18.9,3
2021-06-04 04:00,03F3101S,41,0.0,0
2021-06-04 04:00,03F3101S,42,44.0,7
2021-06-04 04:00,03F3101S,5,118.9,12
2021-06-04 04:00,03F3187N,31,0.0,0
2021-06-04 04:00,03F3187N,32,0.0,0
2021-06-04 04:00,03F3187N,41,0.0,0
2021-06-04 04:00,03F3187N,42,0.0,0
2021-06-04 04:00,03F3187N,5,0.0,0
2021-06-04 04:00,03F3187S,31,36.7,5
2021-06-04 04:00,03F3187S,32,29.2,2
2021-06-04 04:00,03F3187S,41,0.0,0
2021-06-04 04:00,03F3187S,42,53.1,3
2021-06-04 04:00,03F3187S,5,79.9,2
2021-06-04 04:00,03F3211N,31,10.8,1
2021-06-04 04:00,03F3211N,32,22.0,1
2021-06-04 04:00,03F3211N,41,0.0,0
2021-06-04 04:00,03F3211N,42,37.6,2
2021-06-04 04:00,03F3211N,5,0.0,0
2021-06-04 04:00,03F3211S,31,15.0,1
2021-06-04 04:00,03F3211S,32,47.0,1
2021-06-04 04:00,03F3211S,41,0.0,0
2021-06-04 04:00,03F3211S,42,0.0,0
2021-06-04 04:00,03F3211S,5,63.1,1
2021-06-04 04:00,03F3259N,31,7.2,1
2021-06-04 04:00,03F3259N,32,7.2,1
2021-06-04 04:00,03F3259N,41,0.0,0
2021-06-04 04:00,03F3259N,42,60.5,1
2021-06-04 04:00,03F3259N,5,0.0,0
2021-06-04 04:00,03F3259S,31,55.3,5
2021-06-04 04:00,03F3259S,32,28.8,4
2021-06-04 04:00,03F3259S,41,0.0,0
2021-06-04 04:00,03F3259S,42,63.5,2
2021-06-04 04:00,03F3259S,5,69.2,5
2021-06-04 04:00,03F3307N,31,77.2,4
2021-06-04 04:00,03F3307N,32,23.0,5
2021-06-04 04:00,03F3307N,41,0.0,0
2021-06-04 04:00,03F3307N,42,46.2,4
2021-06-04 04:00,03F3307N,5,173.4,2
2021-06-04 04:00,03F3307S,31,11.0,6
2021-06-04 04:00,03F3307S,32,18.3,3
2021-06-04 04:00,03F3307S,41,0.0,0
2021-06-04 04:00,03F3307S,42,17.2,1
2021-06-04 04:00,03F3307S,5,10.5,1
2021-06-04 04:00,03F3392N,31,57.8,12
2021-06-04 04:00,03F3392N,32,14.0,6
2021-06-04 04:00,03F3392N,41,0.0,0
2021-06-04 04:00,03F3392N,42,0.0,0
2021-06-04 04:00,03F3392N,5,24.1,8
2021-06-04 04:00,03F3392S,31,48.6,14
2021-06-04 04:00,03F3392S,32,44.8,8
2021-06-04 04:00,03F3392S,41,0.0,0
2021-06-04 04:00,03F3392S,42,100.8,22
2021-06-04 04:00,03F3392S,5,49.2,53
2021-06-04 04:00,03F3445N,31,44.8,12
2021-06-04 04:00,03F3445N,32,23.0,14
2021-06-04 04:00,03F3445N,41,0.0,0
2021-06-04 04:00,03F3445N,42,101.8,4
2021-06-04 04:00,03F3445N,5,0.0,0
2021-06-04 04:00,03F3445S,31,26.0,10
2021-06-04 04:00,03F3445S,32,11.8,4
2021-06-04 04:00,03F3445S,41,0.0,0
2021-06-04 04:00,03F3445S,42,0.0,0
2021-06-04 04:00,03F3445S,5,54.2,12
2021-06-04 04:00,03F3496N,31,31.1,10
2021-06-04 04:00,03F3496N,32,43.5,16
2021-06-04 04:00,03F3496N,41,0.0,0
2021-06-04 04:00,03F3496N,42,115.0,16
2021-06-04 04:00,03F3496N,5,141.8,6
2021-06-04 04:00,03F3496S,31,37.5,14
2021-06-04 04:00,03F3496S,32,19.7,7
2021-06-04 04:00,03F3496S,41,0.0,0
2021-06-04 04:00,03F3496S,42,51.0,17
2021-06-04 04:00,03F3496S,5,43.7,15
2021-06-04 04:00,03F3588N,31,0.0,0
2021-06-04 04:00,03F3588N,32,47.0,1
2021-06-04 04:00,03F3588N,41,0.0,0
2021-06-04 04:00,03F3588N,42,0.0,0
2021-06-04 04:00,03F3588N,5,193.4,1
2021-06-04 04:00,03F3588S,31,35.5,9
2021-06-04 04:00,03F3588S,32,38.6,7
2021-06-04 04:00,03F3588S,41,0.0,0
2021-06-04 04:00,03F3588S,42,40.7,4
2021-06-04 04:00,03F3588S,5,30.2,22
2021-06-04 04:00,03F3670N,31,30.1,7
2021-06-04 04:00,03F3670N,32,40.6,6
2021-06-04 04:00,03F3670N,41,0.0,0
2021-06-04 04:00,03F3670N,42,22.6,1
2021-06-04 04:00,03F3670N,5,162.2,4
2021-06-04 04:00,03F3670S,31,0.0,0
2021-06-04 04:00,03F3670S,32,48.8,1
2021-06-04 04:00,03F3670S,41,0.0,0
2021-06-04 04:00,03F3670S,42,0.0,0
2021-06-04 04:00,03F3670S,5,53.7,3
2021-06-04 04:00,03F3743N,31,59.5,15
2021-06-04 04:00,03F3743N,32,55.5,8
2021-06-04 04:00,03F3743N,41,0.0,0
2021-06-04 04:00,03F3743N,42,82.8,2
2021-06-04 04:00,03F3743N,5,59.6,14
2021-06-04 04:00,03F3743S,31,24.7,8
2021-06-04 04:00,03F3743S,32,44.0,3
2021-06-04 04:00,03F3743S,41,0.0,0
2021-06-04 04:00,03F3743S,42,0.0,0
2021-06-04 04:00,03F3743S,5,17.8,2
2021-06-04 04:00,03F3854N,31,37.0,18
2021-06-04 04:00,03F3854N,32,28.8,15
2021-06-04 04:00,03F3854N,41,0.0,0
2021-06-04 04:00,03F3854N,42,92.1,7
2021-06-04 04:00,03F3854N,5,54.6,15
2021-06-04 04:00,03F3854S,31,17.3,14
2021-06-04 04:00,03F3854S,32,14.5,10
2021-06-04 04:00,03F3854S,41,0.0,0
2021-06-04 04:00,03F3854S,42,15.8,7
2021-06-04 04:00,03F3854S,5,8.6,3
2021-06-04 04:00,03F3916N,31,14.3,5
2021-06-04 04:00,03F3916N,32,89.7,5
2021-06-04 04:00,03F3916N,41,0.0,0
2021-06-04 04:00,03F3916N,42,0.0,0
2021-06-04 04:00,03F3916N,5,66.8,28
2021-06-04 04:00,03F3916S,31,20.9,6
2021-06-04 04:00,03F3916S,32,34.6,4
2021-06-04 04:00,03F3916S,41,41.5,1
2021-06-04 04:00,03F3916S,42,0.0,0
2021-06-04 04:00,03F3916S,5,36.9,4
2021-06-04 04:00,03F3981S,31,0.0,0
2021-06-04 04:00,03F3981S,32,0.0,0
2021-06-04 04:00,03F3981S,41,0.0,0
2021-06-04 04:00,03F3981S,42,0.0,0
2021-06-04 04:00,03F3981S,5,0.0,0
2021-06-04 04:00,03F3984N,31,70.7,11
2021-06-04 04:00,03F3984N,32,22.0,10
2021-06-04 04:00,03F3984N,41,0.0,0
2021-06-04 04:00,03F3984N,42,42.5,5
2021-06-04 04:00,03F3984N,5,67.5,7
2021-06-04 04:00,03F4018S,31,15.1,9
2021-06-04 04:00,03F4018S,32,17.1,8
2021-06-04 04:00,03F4018S,41,0.0,0
2021-06-04 04:00,03F4018S,42,17.7,4
2021-06-04 04:00,03F4018S,5,11.1,2
2021-06-04 04:00,03F4021N,31,47.0,14
2021-06-04 04:00,03F4021N,32,15.7,3
2021-06-04 04:00,03F4021N,41,0.0,0
2021-06-04 04:00,03F4021N,42,46.2,6
2021-06-04 04:00,03F4021N,5,62.8,5
2021-06-04 04:00,03F4142N,31,67.9,9
2021-06-04 04:00,03F4142N,32,54.0,10
2021-06-04 04:00,03F4142N,41,0.0,0
2021-06-04 04:00,03F4142N,42,91.5,3
2021-06-04 04:00,03F4142N,5,15.5,3
2021-06-04 04:00,03F4142S,31,12.8,20
2021-06-04 04:00,03F4142S,32,15.3,15
2021-06-04 04:00,03F4142S,41,0.0,0
2021-06-04 04:00,03F4142S,42,15.3,5
2021-06-04 04:00,03F4142S,5,7.9,1
2021-06-04 04:00,03F4168N,31,43.1,7
2021-06-04 04:00,03F4168N,32,20.0,5
2021-06-04 04:00,03F4168N,41,0.0,0
2021-06-04 04:00,03F4168N,42,151.4,2
2021-06-04 04:00,03F4168N,5,77.4,5
2021-06-04 04:00,03F4168S,31,10.9,37
2021-06-04 04:00,03F4168S,32,10.1,41
2021-06-04 04:00,03F4168S,41,0.0,0
2021-06-04 04:00,03F4168S,42,9.8,24
2021-06-04 04:00,03F4168S,5,8.4,18
2021-06-04 04:00,03F4232N,31,30.5,27
2021-06-04 04:00,03F4232N,32,52.4,20
2021-06-04 04:00,03F4232N,41,0.0,0
2021-06-04 04:00,03F4232N,42,44.4,5
2021-06-04 04:00,03F4232N,5,138.5,14
2021-06-04 04:00,03F4232S,31,0.0,0
2021-06-04 04:00,03F4232S,32,0.0,0
2021-06-04 04:00,03F4232S,41,0.0,0
2021-06-04 04:00,03F4232S,42,0.0,0
2021-06-04 04:00,03F4232S,5,0.0,0
2021-06-04 04:00,03F4259N,31,15.2,10
2021-06-04 04:00,03F4259N,32,32.0,13
2021-06-04 04:00,03F4259N,41,0.0,0
2021-06-04 04:00,03F4259N,42,0.0,0
2021-06-04 04:00,03F4259N,5,30.3,1
2021-06-04 04:00,03F4263S,31,0.0,0
2021-06-04 04:00,03F4263S,32,6.0,1
2021-06-04 04:00,03F4263S,41,0.0,0
2021-06-04 04:00,03F4263S,42,6.0,1
2021-06-04 04:00,03F4263S,5,0.0,0
2021-06-04 04:00,05F0000S,31,0.0,0
2021-06-04 04:00,05F0000S,32,0.0,0
2021-06-04 04:00,05F0000S,41,0.0,0
2021-06-04 04:00,05F0000S,42,0.0,0
2021-06-04 04:00,05F0000S,5,0.0,0
2021-06-04 04:00,05F0001N,31,17.1,4
2021-06-04 04:00,05F0001N,32,25.9,3
2021-06-04 04:00,05F0001N,41,0.0,0
2021-06-04 04:00,05F0001N,42,13.2,2
2021-06-04 04:00,05F0001N,5,24.6,4
2021-06-04 04:00,05F0055N,31,19.6,4
2021-06-04 04:00,05F0055N,32,32.9,2
2021-06-04 04:00,05F0055N,41,0.0,0
2021-06-04 04:00,05F0055N,42,0.0,0
2021-06-04 04:00,05F0055N,5,0.0,0
2021-06-04 04:00,05F0055S,31,32.2,14
2021-06-04 04:00,05F0055S,32,38.5,4
2021-06-04 04:00,05F0055S,41,0.0,0
2021-06-04 04:00,05F0055S,42,0.0,0
2021-06-04 04:00,05F0055S,5,0.0,0
2021-06-04 04:00,05F0287N,31,95.7,11
2021-06-04 04:00,05F0287N,32,43.4,12
2021-06-04 04:00,05F0287N,41,0.0,0
2021-06-04 04:00,05F0287N,42,0.0,0
2021-06-04 04:00,05F0287N,5,0.0,0
2021-06-04 04:00,05F0287S,31,0.0,0
2021-06-04 04:00,05F0287S,32,23.9,1
2021-06-04 04:00,05F0287S,41,0.0,0
2021-06-04 04:00,05F0287S,42,32.0,1
2021-06-04 04:00,05F0287S,5,0.0,0
2021-06-04 04:00,05F0309N,31,47.4,24
2021-06-04 04:00,05F0309N,32,62.6,49
2021-06-04 04:00,05F0309N,41,0.0,0
2021-06-04 04:00,05F0309N,42,8.3,3
2021-06-04 04:00,05F0309N,5,8.3,7
2021-06-04 04:00,05F0309S,31,13.3,8
2021-06-04 04:00,05F0309S,32,15.1,7
2021-06-04 04:00,05F0309S,41,0.0,0
2021-06-04 04:00,05F0309S,42,20.6,16
2021-06-04 04:00,05F0309S,5,19.0,40
2021-06-04 04:00,05F0438N,31,64.0,31
2021-06-04 04:00,05F0438N,32,53.0,14
2021-06-04 04:00,05F0438N,41,93.1,1
2021-06-04 04:00,05F0438N,42,16.4,6
2021-06-04 04:00,05F0438N,5,15.7,15
2021-06-04 04:00,05F0439S,31,0.0,0
2021-06-04 04:00,05F0439S,32,0.0,0
2021-06-04 04:00,05F0439S,41,0.0,0
2021-06-04 04:00,05F0439S,42,0.0,0
2021-06-04 04:00,05F0439S,5,0.0,0
2021-06-04 04:00,05F0494S,31,7.6,5
2021-06-04 04:00,05F0494S,32,7.6,1
2021-06-04 04:00,05F0494S,41,0.0,0
2021-06-04 04:00,05F0494S,42,7.6,1
2021-06-04 04:00,05F0494S,5,7.6,3
2021-06-04 04:00,05F0528N,31,52.4,30
2021-06-04 04:00,05F0528N,32,51.4,11
2021-06-04 04:00,05F0528N,41,0.0,0
2021-06-04 04:00,05F0528N,42,24.0,9
2021-06-04 04:00,05F0528N,5,23.6,43
2021-06-04 04:00,05FR113S,31,11.5,18
2021-06-04 04:00,05FR113S,32,10.3,16
2021-06-04 04:00,05FR113S,41,0.0,0
2021-06-04 04:00,05FR113S,42,8.5,3
2021-06-04 04:00,05FR113S,5,12.8,9
2021-06-04 04:00,05FR143N,31,0.0,0
2021-06-04 04:00,05FR143N,32,0.0,0
2021-06-04 04:00,05FR143N,41,0.0,0
2021-06-04 04:00,05FR143N,42,0.0,0
2021-06-04 04:00,05FR143N,5,0.0,0
