2021-04-02 21:00,01F0005N,31,1.1,253
2021-04-02 21:00,01F0005N,32,1.1,37
2021-04-02 21:00,01F0005N,41,1.1,5
2021-04-02 21:00,01F0005N,42,1.1,3
2021-04-02 21:00,01F0005N,5,0.0,0
2021-04-02 21:00,01F0005S,31,24.4,1441
2021-04-02 21:00,01F0005S,32,29.7,269
2021-04-02 21:00,01F0005S,41,16.1,47
2021-04-02 21:00,01F0005S,42,37.6,5
2021-04-02 21:00,01F0005S,5,0.0,0
2021-04-02 21:00,01F0017N,31,0.0,0
2021-04-02 21:00,01F0017N,32,0.0,0
2021-04-02 21:00,01F0017N,41,0.0,0
2021-04-02 21:00,01F0017N,42,0.0,0
2021-04-02 21:00,01F0017N,5,0.0,0
2021-04-02 21:00,01F0017S,31,30.3,161
2021-04-02 21:00,01F0017S,32,21.5,32
2021-04-02 21:00,01F0017S,41,14.9,10
2021-04-02 21:00,01F0017S,42,26.0,1
2021-04-02 21:00,01F0017S,5,5.7,1
2021-04-02 21:00,01F0029N,31,0.0,0
2021-04-02 21:00,01F0029N,32,0.0,0
2021-04-02 21:00,01F0029N,41,0.0,0
2021-04-02 21:00,01F0029N,42,0.0,0
2021-04-02 21:00,01F0029N,5,0.0,0
2021-04-02 21:00,01F0029S,31,27.8,243
2021-04-02 21:00,01F0029S,32,31.3,46
2021-04-02 21:00,01F0029S,41,14.2,2
2021-04-02 21:00,01F0029S,42,113.0,1
2021-04-02 21:00,01F0029S,5,0.0,0
2021-04-02 21:00,01F0061N,31,4.4,126
2021-04-02 21:00,01F0061N,32,4.1,24
2021-04-02 21:00,01F0061N,41,0.0,0
2021-04-02 21:00,01F0061N,42,6.4,3
2021-04-02 21:00,01F0061N,5,1.8,13
2021-04-02 21:00,01F0061S,31,27.0,708
2021-04-02 21:00,01F0061S,32,27.7,160
2021-04-02 21:00,01F0061S,41,11.8,6
2021-04-02 21:00,01F0061S,42,12.0,7
2021-04-02 21:00,01F0061S,5,53.5,46
2021-04-02 21:00,01F0099N,31,7.7,145
2021-04-02 21:00,01F0099N,32,6.6,22
2021-04-02 21:00,01F0099N,41,0.0,0
2021-04-02 21:00,01F0099N,42,0.0,0
2021-04-02 21:00,01F0099N,5,0.0,0
2021-04-02 21:00,01F0099S,31,24.9,186
2021-04-02 21:00,01F0099S,32,35.6,38
2021-04-02 21:00,01F0099S,41,19.7,1
2021-04-02 21:00,01F0099S,42,47.6,8
2021-04-02 21:00,01F0099S,5,56.5,1
2021-04-02 21:00,01F0147N,31,25.4,1
2021-04-02 21:00,01F0147N,32,0.0,0
2021-04-02 21:00,01F0147N,41,0.0,0
2021-04-02 21:00,01F0147N,42,0.0,0
2021-04-02 21:00,01F0147N,5,0.0,0
2021-04-02 21:00,01F0147S,31,9.5,205
2021-04-02 21:00,01F0147S,32,15.6,38
2021-04-02 21:00,01F0147S,41,0.0,0
2021-04-02 21:00,01F0147S,42,0.0,0
2021-04-02 21:00,01F0147S,5,21.6,2
2021-04-02 21:00,01F0155N,31,9.7,1260
2021-04-02 21:00,01F0155N,32,10.7,201
2021-04-02 21:00,01F0155N,41,15.6,44
2021-04-02 21:00,01F0155N,42,12.1,5
2021-04-02 21:00,01F0155N,5,0.0,0
2021-04-02 21:00,01F0155S,31,16.8,508
2021-04-02 21:00,01F0155S,32,13.3,76
2021-04-02 21:00,01F0155S,41,0.0,0
2021-04-02 21:00,01F0155S,42,5.3,4
2021-04-02 21:00,01F0155S,5,26.3,2
2021-04-02 21:00,01F0182S,31,18.9,477
2021-04-02 21:00,01F0182S,32,14.4,79
2021-04-02 21:00,01F0182S,41,9.5,10
2021-04-02 21:00,01F0182S,42,13.3,7
2021-04-02 21:00,01F0182S,5,226.4,1
2021-04-02 21:00,01F0213N,31,14.0,631
2021-04-02 21:00,01F0213N,32,17.6,97
2021-04-02 21:00,01F0213N,41,22.9,4
2021-04-02 21:00,01F0213N,42,11.6,3
2021-04-02 21:00,01F0213N,5,0.0,0
2021-04-02 21:00,01F0233N,31,11.5,1051
2021-04-02 21:00,01F0233N,32,12.3,166
2021-04-02 21:00,01F0233N,41,21.6,12
2021-04-02 21:00,01F0233N,42,8.4,17
2021-04-02 21:00,01F0233N,5,0.0,0
2021-04-02 21:00,01F0248S,31,21.2,2617
2021-04-02 21:00,01F0248S,32,20.6,371
2021-04-02 21:00,01F0248S,41,21.3,29
2021-04-02 21:00,01F0248S,42,22.9,28
2021-04-02 21:00,01F0248S,5,73.7,3
2021-04-02 21:00,01F0256N,31,9.9,661
2021-04-02 21:00,01F0256N,32,11.4,118
2021-04-02 21:00,01F0256N,41,18.7,2
2021-04-02 21:00,01F0256N,42,8.0,8
2021-04-02 21:00,01F0256N,5,0.0,0
2021-04-02 21:00,01F0264S,31,27.2,756
2021-04-02 21:00,01F0264S,32,30.1,117
2021-04-02 21:00,01F0264S,41,37.8,62
2021-04-02 21:00,01F0264S,42,60.7,11
2021-04-02 21:00,01F0264S,5,58.9,3
2021-04-02 21:00,01F0293N,31,10.5,561
2021-04-02 21:00,01F0293N,32,10.6,123
2021-04-02 21:00,01F0293N,41,8.0,2
2021-04-02 21:00,01F0293N,42,13.5,13
2021-04-02 21:00,01F0293N,5,24.4,27
2021-04-02 21:00,01F0293S,31,46.4,441
2021-04-02 21:00,01F0293S,32,64.4,70
2021-04-02 21:00,01F0293S,41,140.8,32
2021-04-02 21:00,01F0293S,42,88.2,7
2021-04-02 21:00,01F0293S,5,94.6,2
2021-04-02 21:00,01F0339N,31,7.5,10
2021-04-02 21:00,01F0339N,32,1.2,1
2021-04-02 21:00,01F0339N,41,0.0,0
2021-04-02 21:00,01F0339N,42,0.0,0
2021-04-02 21:00,01F0339N,5,0.0,0
2021-04-02 21:00,01F0339S,31,35.3,1727
2021-04-02 21:00,01F0339S,32,41.4,347
2021-04-02 21:00,01F0339S,41,49.0,21
2021-04-02 21:00,01F0339S,42,70.7,33
2021-04-02 21:00,01F0339S,5,80.3,29
2021-04-02 21:00,01F0376N,31,16.5,1372
2021-04-02 21:00,01F0376N,32,17.1,252
2021-04-02 21:00,01F0376N,41,15.0,43
2021-04-02 21:00,01F0376N,42,9.5,14
2021-04-02 21:00,01F0376N,5,15.2,9
2021-04-02 21:00,01F0376S,31,13.0,6
2021-04-02 21:00,01F0376S,32,0.0,0
2021-04-02 21:00,01F0376S,41,0.0,0
2021-04-02 21:00,01F0376S,42,0.0,0
2021-04-02 21:00,01F0376S,5,0.0,0
2021-04-02 21:00,01F0413N,31,0.0,0
2021-04-02 21:00,01F0413N,32,0.0,0
2021-04-02 21:00,01F0413N,41,0.0,0
2021-04-02 21:00,01F0413N,42,0.0,0
2021-04-02 21:00,01F0413N,5,0.0,0
2021-04-02 21:00,01F0413S,31,0.0,0
2021-04-02 21:00,01F0413S,32,0.0,0
2021-04-02 21:00,01F0413S,41,0.0,0
2021-04-02 21:00,01F0413S,42,0.0,0
2021-04-02 21:00,01F0413S,5,0.0,0
2021-04-02 21:00,01F0467N,31,21.1,1149
2021-04-02 21:00,01F0467N,32,21.5,232
2021-04-02 21:00,01F0467N,41,21.5,36
2021-04-02 21:00,01F0467N,42,19.0,16
2021-04-02 21:00,01F0467N,5,40.7,3
2021-04-02 21:00,01F0467S,31,33.3,973
2021-04-02 21:00,01F0467S,32,41.8,180
2021-04-02 21:00,01F0467S,41,115.2,20
2021-04-02 21:00,01F0467S,42,75.0,32
2021-04-02 21:00,01F0467S,5,115.0,12
2021-04-02 21:00,01F0511N,31,15.1,839
2021-04-02 21:00,01F0511N,32,15.7,167
2021-04-02 21:00,01F0511N,41,3.4,5
2021-04-02 21:00,01F0511N,42,15.1,21
2021-04-02 21:00,01F0511N,5,18.9,8
2021-04-02 21:00,01F0511S,31,23.7,1114
2021-04-02 21:00,01F0511S,32,26.3,219
2021-04-02 21:00,01F0511S,41,18.8,9
2021-04-02 21:00,01F0511S,42,38.1,11
2021-04-02 21:00,01F0511S,5,56.0,15
2021-04-02 21:00,01F0532N,31,22.1,38
2021-04-02 21:00,01F0532N,32,28.5,5
2021-04-02 21:00,01F0532N,41,0.0,0
2021-04-02 21:00,01F0532N,42,0.0,0
2021-04-02 21:00,01F0532N,5,0.0,0
2021-04-02 21:00,01F0532S,31,27.1,589
2021-04-02 21:00,01F0532S,32,28.5,102
2021-04-02 21:00,01F0532S,41,4.5,3
2021-04-02 21:00,01F0532S,42,90.0,16
2021-04-02 21:00,01F0532S,5,80.1,12
2021-04-02 21:00,01F0557N,31,20.2,954
2021-04-02 21:00,01F0557N,32,20.3,187
2021-04-02 21:00,01F0557N,41,27.8,8
2021-04-02 21:00,01F0557N,42,18.6,30
2021-04-02 21:00,01F0557N,5,8.5,7
2021-04-02 21:00,01F0557S,31,27.6,65
2021-04-02 21:00,01F0557S,32,62.2,10
2021-04-02 21:00,01F0557S,41,0.0,0
2021-04-02 21:00,01F0557S,42,14.1,1
2021-04-02 21:00,01F0557S,5,0.0,0
2021-04-02 21:00,01F0578S,31,34.6,734
2021-04-02 21:00,01F0578S,32,42.6,119
2021-04-02 21:00,01F0578S,41,8.0,1
2021-04-02 21:00,01F0578S,42,41.9,27
2021-04-02 21:00,01F0578S,5,51.2,5
2021-04-02 21:00,01F0584N,31,12.8,453
2021-04-02 21:00,01F0584N,32,11.3,79
2021-04-02 21:00,01F0584N,41,9.6,2
2021-04-02 21:00,01F0584N,42,6.2,8
2021-04-02 21:00,01F0584N,5,25.6,1
2021-04-02 21:00,01F0633N,31,17.9,702
2021-04-02 21:00,01F0633N,32,18.3,135
2021-04-02 21:00,01F0633N,41,5.3,2
2021-04-02 21:00,01F0633N,42,14.8,40
2021-04-02 21:00,01F0633N,5,9.7,6
2021-04-02 21:00,01F0633S,31,32.9,721
2021-04-02 21:00,01F0633S,32,36.3,126
2021-04-02 21:00,01F0633S,41,202.8,2
2021-04-02 21:00,01F0633S,42,118.2,12
2021-04-02 21:00,01F0633S,5,161.2,4
2021-04-02 21:00,01F0664N,31,13.7,124
2021-04-02 21:00,01F0664N,32,18.2,35
2021-04-02 21:00,01F0664N,41,0.0,0
2021-04-02 21:00,01F0664N,42,5.8,3
2021-04-02 21:00,01F0664N,5,41.1,6
2021-04-02 21:00,01F0664S,31,0.0,0
2021-04-02 21:00,01F0664S,32,0.0,0
2021-04-02 21:00,01F0664S,41,0.0,0
2021-04-02 21:00,01F0664S,42,0.0,0
2021-04-02 21:00,01F0664S,5,0.0,0
2021-04-02 21:00,01F0681N,31,14.6,538
2021-04-02 21:00,01F0681N,32,15.8,88
2021-04-02 21:00,01F0681N,41,0.0,0
2021-04-02 21:00,01F0681N,42,14.9,8
2021-04-02 21:00,01F0681N,5,37.9,31
2021-04-02 21:00,01F0681S,31,47.1,107
2021-04-02 21:00,01F0681S,32,31.1,25
2021-04-02 21:00,01F0681S,41,0.0,0
2021-04-02 21:00,01F0681S,42,97.0,9
2021-04-02 21:00,01F0681S,5,39.0,2
2021-04-02 21:00,01F0699N,31,22.9,2
2021-04-02 21:00,01F0699N,32,0.0,0
2021-04-02 21:00,01F0699N,41,0.0,0
2021-04-02 21:00,01F0699N,42,0.0,0
2021-04-02 21:00,01F0699N,5,0.0,0
2021-04-02 21:00,01F0699S,31,52.3,155
2021-04-02 21:00,01F0699S,32,77.3,35
2021-04-02 21:00,01F0699S,41,0.0,0
2021-04-02 21:00,01F0699S,42,71.2,5
2021-04-02 21:00,01F0699S,5,249.3,8
2021-04-02 21:00,01F0750N,31,34.5,202
2021-04-02 21:00,01F0750N,32,31.2,39
2021-04-02 21:00,01F0750N,41,50.7,1
2021-04-02 21:00,01F0750N,42,37.6,5
2021-04-02 21:00,01F0750N,5,60.6,1
2021-04-02 21:00,01F0750S,31,12.8,1
2021-04-02 21:00,01F0750S,32,0.0,0
2021-04-02 21:00,01F0750S,41,0.0,0
2021-04-02 21:00,01F0750S,42,12.8,1
2021-04-02 21:00,01F0750S,5,0.0,0
2021-04-02 21:00,01F0880N,31,34.0,514
2021-04-02 21:00,01F0880N,32,32.9,63
2021-04-02 21:00,01F0880N,41,0.0,0
2021-04-02 21:00,01F0880N,42,43.2,2
2021-04-02 21:00,01F0880N,5,26.0,1
2021-04-02 21:00,01F0880S,31,34.8,305
2021-04-02 21:00,01F0880S,32,33.4,43
2021-04-02 21:00,01F0880S,41,0.0,0
2021-04-02 21:00,01F0880S,42,9.4,2
2021-04-02 21:00,01F0880S,5,66.4,2
2021-04-02 21:00,01F0928N,31,31.8,936
2021-04-02 21:00,01F0928N,32,32.9,134
2021-04-02 21:00,01F0928N,41,66.5,27
2021-04-02 21:00,01F0928N,42,35.6,14
2021-04-02 21:00,01F0928N,5,18.6,7
2021-04-02 21:00,01F0928S,31,36.1,512
2021-04-02 21:00,01F0928S,32,41.3,65
2021-04-02 21:00,01F0928S,41,0.0,0
2021-04-02 21:00,01F0928S,42,14.4,12
2021-04-02 21:00,01F0928S,5,51.4,4
2021-04-02 21:00,01F0950S,31,0.0,0
2021-04-02 21:00,01F0950S,32,0.0,0
2021-04-02 21:00,01F0950S,41,0.0,0
2021-04-02 21:00,01F0950S,42,0.0,0
2021-04-02 21:00,01F0950S,5,0.0,0
2021-04-02 21:00,01F0956N,31,0.0,0
2021-04-02 21:00,01F0956N,32,0.0,0
2021-04-02 21:00,01F0956N,41,0.0,0
2021-04-02 21:00,01F0956N,42,0.0,0
2021-04-02 21:00,01F0956N,5,0.0,0
2021-04-02 21:00,01F0979N,31,0.0,0
2021-04-02 21:00,01F0979N,32,0.0,0
2021-04-02 21:00,01F0979N,41,0.0,0
2021-04-02 21:00,01F0979N,42,0.0,0
2021-04-02 21:00,01F0979N,5,0.0,0
2021-04-02 21:00,01F0980S,31,48.2,739
2021-04-02 21:00,01F0980S,32,60.3,119
2021-04-02 21:00,01F0980S,41,117.6,13
2021-04-02 21:00,01F0980S,42,32.2,11
2021-04-02 21:00,01F0980S,5,125.5,3
2021-04-02 21:00,01F1045N,31,32.5,321
2021-04-02 21:00,01F1045N,32,40.5,55
2021-04-02 21:00,01F1045N,41,85.3,2
2021-04-02 21:00,01F1045N,42,37.9,2
2021-04-02 21:00,01F1045N,5,57.9,1
2021-04-02 21:00,01F1045S,31,0.0,0
2021-04-02 21:00,01F1045S,32,0.0,0
2021-04-02 21:00,01F1045S,41,0.0,0
2021-04-02 21:00,01F1045S,42,0.0,0
2021-04-02 21:00,01F1045S,5,0.0,0
2021-04-02 21:00,01F1123N,31,42.1,146
2021-04-02 21:00,01F1123N,32,40.8,33
2021-04-02 21:00,01F1123N,41,30.8,1
2021-04-02 21:00,01F1123N,42,0.0,0
2021-04-02 21:00,01F1123N,5,0.0,0
2021-04-02 21:00,01F1123S,31,45.3,170
2021-04-02 21:00,01F1123S,32,52.3,25
2021-04-02 21:00,01F1123S,41,0.0,0
2021-04-02 21:00,01F1123S,42,36.4,3
2021-04-02 21:00,01F1123S,5,0.0,0
2021-04-02 21:00,01F1292N,31,50.3,96
2021-04-02 21:00,01F1292N,32,42.7,16
2021-04-02 21:00,01F1292N,41,107.7,2
2021-04-02 21:00,01F1292N,42,32.4,3
2021-04-02 21:00,01F1292N,5,0.0,0
2021-04-02 21:00,01F1292S,31,43.1,18
2021-04-02 21:00,01F1292S,32,63.2,1
2021-04-02 21:00,01F1292S,41,6.6,1
2021-04-02 21:00,01F1292S,42,0.0,0
2021-04-02 21:00,01F1292S,5,0.0,0
2021-04-02 21:00,01F1389N,31,50.0,17
2021-04-02 21:00,01F1389N,32,44.8,3
2021-04-02 21:00,01F1389N,41,107.0,1
2021-04-02 21:00,01F1389N,42,0.0,0
2021-04-02 21:00,01F1389N,5,0.0,0
2021-04-02 21:00,01F1389S,31,47.6,148
2021-04-02 21:00,01F1389S,32,44.4,27
2021-04-02 21:00,01F1389S,41,0.0,0
2021-04-02 21:00,01F1389S,42,35.3,1
2021-04-02 21:00,01F1389S,5,0.0,0
2021-04-02 21:00,01F1465N,31,59.3,59
2021-04-02 21:00,01F1465N,32,81.3,14
2021-04-02 21:00,01F1465N,41,106.4,3
2021-04-02 21:00,01F1465N,42,76.7,6
2021-04-02 21:00,01F1465N,5,77.9,3
2021-04-02 21:00,01F1465S,31,35.2,69
2021-04-02 21:00,01F1465S,32,29.8,13
2021-04-02 21:00,01F1465S,41,0.0,0
2021-04-02 21:00,01F1465S,42,0.0,0
2021-04-02 21:00,01F1465S,5,0.0,0
2021-04-02 21:00,01F1572N,31,78.2,89
2021-04-02 21:00,01F1572N,32,69.5,14
2021-04-02 21:00,01F1572N,41,0.0,0
2021-04-02 21:00,01F1572N,42,62.0,4
2021-04-02 21:00,01F1572N,5,0.0,0
2021-04-02 21:00,01F1572S,31,22.8,45
2021-04-02 21:00,01F1572S,32,29.7,8
2021-04-02 21:00,01F1572S,41,0.0,0
2021-04-02 21:00,01F1572S,42,45.9,4
2021-04-02 21:00,01F1572S,5,0.0,0
2021-04-02 21:00,01F1621N,31,64.9,81
2021-04-02 21:00,01F1621N,32,52.1,17
2021-04-02 21:00,01F1621N,41,0.0,0
2021-04-02 21:00,01F1621N,42,91.5,2
2021-04-02 21:00,01F1621N,5,94.0,5
2021-04-02 21:00,01F1621S,31,21.9,441
2021-04-02 21:00,01F1621S,32,26.6,83
2021-04-02 21:00,01F1621S,41,18.0,1
2021-04-02 21:00,01F1621S,42,78.6,5
2021-04-02 21:00,01F1621S,5,0.0,0
2021-04-02 21:00,01F1664N,31,35.7,336
2021-04-02 21:00,01F1664N,32,42.4,82
2021-04-02 21:00,01F1664N,41,126.6,1
2021-04-02 21:00,01F1664N,42,54.5,3
2021-04-02 21:00,01F1664N,5,2.6,1
2021-04-02 21:00,01F1664S,31,14.7,503
2021-04-02 21:00,01F1664S,32,16.0,97
2021-04-02 21:00,01F1664S,41,76.0,3
2021-04-02 21:00,01F1664S,42,25.8,23
2021-04-02 21:00,01F1664S,5,91.2,4
2021-04-02 21:00,01F1699N,31,65.9,915
2021-04-02 21:00,01F1699N,32,68.0,202
2021-04-02 21:00,01F1699N,41,70.6,15
2021-04-02 21:00,01F1699N,42,53.0,7
2021-04-02 21:00,01F1699N,5,88.3,7
2021-04-02 21:00,01F1699S,31,21.0,488
2021-04-02 21:00,01F1699S,32,32.5,65
2021-04-02 21:00,01F1699S,41,11.2,4
2021-04-02 21:00,01F1699S,42,9.9,5
2021-04-02 21:00,01F1699S,5,6.1,1
2021-04-02 21:00,01F1774N,31,48.9,1003
2021-04-02 21:00,01F1774N,32,63.0,149
2021-04-02 21:00,01F1774N,41,108.8,18
2021-04-02 21:00,01F1774N,42,62.9,24
2021-04-02 21:00,01F1774N,5,130.8,2
2021-04-02 21:00,01F1774S,31,42.1,286
2021-04-02 21:00,01F1774S,32,45.3,60
2021-04-02 21:00,01F1774S,41,45.9,1
2021-04-02 21:00,01F1774S,42,24.1,6
2021-04-02 21:00,01F1774S,5,162.4,2
2021-04-02 21:00,01F1802N,31,44.6,401
2021-04-02 21:00,01F1802N,32,52.4,83
2021-04-02 21:00,01F1802N,41,0.0,0
2021-04-02 21:00,01F1802N,42,81.5,5
2021-04-02 21:00,01F1802N,5,0.0,0
2021-04-02 21:00,01F1802S,31,44.5,905
2021-04-02 21:00,01F1802S,32,51.4,122
2021-04-02 21:00,01F1802S,41,106.2,15
2021-04-02 21:00,01F1802S,42,25.5,5
2021-04-02 21:00,01F1802S,5,0.0,0
2021-04-02 21:00,01F1839N,31,24.1,204
2021-04-02 21:00,01F1839N,32,39.6,40
2021-04-02 21:00,01F1839N,41,164.3,2
2021-04-02 21:00,01F1839N,42,8.0,10
2021-04-02 21:00,01F1839N,5,0.0,0
2021-04-02 21:00,01F1839S,31,40.9,522
2021-04-02 21:00,01F1839S,32,36.2,85
2021-04-02 21:00,01F1839S,41,45.5,2
2021-04-02 21:00,01F1839S,42,92.9,10
2021-04-02 21:00,01F1839S,5,98.6,3
2021-04-02 21:00,01F1906N,31,0.0,0
2021-04-02 21:00,01F1906N,32,0.0,0
2021-04-02 21:00,01F1906N,41,0.0,0
2021-04-02 21:00,01F1906N,42,0.0,0
2021-04-02 21:00,01F1906N,5,0.0,0
2021-04-02 21:00,01F1906S,31,34.7,190
2021-04-02 21:00,01F1906S,32,48.9,37
2021-04-02 21:00,01F1906S,41,166.8,1
2021-04-02 21:00,01F1906S,42,49.1,9
2021-04-02 21:00,01F1906S,5,0.0,0
2021-04-02 21:00,01F1960N,31,27.5,772
2021-04-02 21:00,01F1960N,32,29.3,133
2021-04-02 21:00,01F1960N,41,19.8,2
2021-04-02 21:00,01F1960N,42,76.1,11
2021-04-02 21:00,01F1960N,5,73.4,4
2021-04-02 21:00,01F1960S,31,0.0,0
2021-04-02 21:00,01F1960S,32,0.0,0
2021-04-02 21:00,01F1960S,41,0.0,0
2021-04-02 21:00,01F1960S,42,0.0,0
2021-04-02 21:00,01F1960S,5,0.0,0
2021-04-02 21:00,01F2011N,31,28.7,379
2021-04-02 21:00,01F2011N,32,35.1,82
2021-04-02 21:00,01F2011N,41,9.3,1
2021-04-02 21:00,01F2011N,42,94.1,18
2021-04-02 21:00,01F2011N,5,143.6,3
2021-04-02 21:00,01F2011S,31,36.7,552
2021-04-02 21:00,01F2011S,32,35.9,122
2021-04-02 21:00,01F2011S,41,45.4,1
2021-04-02 21:00,01F2011S,42,32.5,4
2021-04-02 21:00,01F2011S,5,18.7,3
2021-04-02 21:00,01F2089N,31,26.9,301
2021-04-02 21:00,01F2089N,32,29.7,65
2021-04-02 21:00,01F2089N,41,0.0,0
2021-04-02 21:00,01F2089N,42,68.8,7
2021-04-02 21:00,01F2089N,5,165.9,2
2021-04-02 21:00,01F2089S,31,0.0,0
2021-04-02 21:00,01F2089S,32,0.0,0
2021-04-02 21:00,01F2089S,41,0.0,0
2021-04-02 21:00,01F2089S,42,0.0,0
2021-04-02 21:00,01F2089S,5,0.0,0
2021-04-02 21:00,01F2156N,31,40.7,230
2021-04-02 21:00,01F2156N,32,47.6,48
2021-04-02 21:00,01F2156N,41,31.6,2
2021-04-02 21:00,01F2156N,42,84.5,8
2021-04-02 21:00,01F2156N,5,27.5,2
2021-04-02 21:00,01F2156S,31,54.4,114
2021-04-02 21:00,01F2156S,32,50.3,30
2021-04-02 21:00,01F2156S,41,0.0,0
2021-04-02 21:00,01F2156S,42,49.6,14
2021-04-02 21:00,01F2156S,5,76.6,3
2021-04-02 21:00,01F2249N,31,72.1,100
2021-04-02 21:00,01F2249N,32,68.6,33
2021-04-02 21:00,01F2249N,41,0.0,0
2021-04-02 21:00,01F2249N,42,98.7,21
2021-04-02 21:00,01F2249N,5,174.1,18
2021-04-02 21:00,01F2249S,31,51.8,77
2021-04-02 21:00,01F2249S,32,36.7,14
2021-04-02 21:00,01F2249S,41,37.1,1
2021-04-02 21:00,01F2249S,42,56.5,6
2021-04-02 21:00,01F2249S,5,129.3,1
2021-04-02 21:00,01F2322N,31,60.0,128
2021-04-02 21:00,01F2322N,32,44.0,36
2021-04-02 21:00,01F2322N,41,0.0,0
2021-04-02 21:00,01F2322N,42,0.0,0
2021-04-02 21:00,01F2322N,5,87.0,5
2021-04-02 21:00,01F2322S,31,44.5,133
2021-04-02 21:00,01F2322S,32,38.9,39
2021-04-02 21:00,01F2322S,41,20.5,2
2021-04-02 21:00,01F2322S,42,40.1,4
2021-04-02 21:00,01F2322S,5,113.9,5
2021-04-02 21:00,01F2394N,31,53.3,145
2021-04-02 21:00,01F2394N,32,56.5,22
2021-04-02 21:00,01F2394N,41,107.7,3
2021-04-02 21:00,01F2394N,42,85.7,5
2021-04-02 21:00,01F2394N,5,0.0,0
2021-04-02 21:00,01F2394S,31,22.5,67
2021-04-02 21:00,01F2394S,32,23.6,18
2021-04-02 21:00,01F2394S,41,0.0,0
2021-04-02 21:00,01F2394S,42,132.3,1
2021-04-02 21:00,01F2394S,5,120.2,1
2021-04-02 21:00,01F2425N,31,49.0,261
2021-04-02 21:00,01F2425N,32,43.9,51
2021-04-02 21:00,01F2425N,41,0.0,0
2021-04-02 21:00,01F2425N,42,72.5,10
2021-04-02 21:00,01F2425N,5,98.8,7
2021-04-02 21:00,01F2425S,31,31.5,171
2021-04-02 21:00,01F2425S,32,42.1,29
2021-04-02 21:00,01F2425S,41,3.2,1
2021-04-02 21:00,01F2425S,42,16.8,4
2021-04-02 21:00,01F2425S,5,33.9,6
2021-04-02 21:00,01F2483N,31,47.8,86
2021-04-02 21:00,01F2483N,32,48.2,17
2021-04-02 21:00,01F2483N,41,0.0,0
2021-04-02 21:00,01F2483N,42,0.0,0
2021-04-02 21:00,01F2483N,5,30.2,1
2021-04-02 21:00,01F2483S,31,37.3,230
2021-04-02 21:00,01F2483S,32,42.0,40
2021-04-02 21:00,01F2483S,41,0.0,0
2021-04-02 21:00,01F2483S,42,92.9,3
2021-04-02 21:00,01F2483S,5,0.0,0
2021-04-02 21:00,01F2514N,31,50.3,198
2021-04-02 21:00,01F2514N,32,45.2,44
2021-04-02 21:00,01F2514N,41,0.0,0
2021-04-02 21:00,01F2514N,42,86.0,4
2021-04-02 21:00,01F2514N,5,137.1,4
2021-04-02 21:00,01F2514S,31,28.6,63
2021-04-02 21:00,01F2514S,32,50.5,11
2021-04-02 21:00,01F2514S,41,0.0,0
2021-04-02 21:00,01F2514S,42,0.0,0
2021-04-02 21:00,01F2514S,5,0.0,0
2021-04-02 21:00,01F2603N,31,50.3,389
2021-04-02 21:00,01F2603N,32,46.3,67
2021-04-02 21:00,01F2603N,41,127.7,5
2021-04-02 21:00,01F2603N,42,56.6,1
2021-04-02 21:00,01F2603N,5,56.8,5
2021-04-02 21:00,01F2603S,31,27.1,127
2021-04-02 21:00,01F2603S,32,27.6,24
2021-04-02 21:00,01F2603S,41,0.0,0
2021-04-02 21:00,01F2603S,42,0.0,0
2021-04-02 21:00,01F2603S,5,62.4,1
2021-04-02 21:00,01F2674N,31,38.8,77
2021-04-02 21:00,01F2674N,32,52.5,14
2021-04-02 21:00,01F2674N,41,0.0,0
2021-04-02 21:00,01F2674N,42,115.9,4
2021-04-02 21:00,01F2674N,5,6.1,1
2021-04-02 21:00,01F2674S,31,49.2,257
2021-04-02 21:00,01F2674S,32,45.7,41
2021-04-02 21:00,01F2674S,41,91.9,1
2021-04-02 21:00,01F2674S,42,43.2,4
2021-04-02 21:00,01F2674S,5,104.0,1
2021-04-02 21:00,01F2714N,31,61.1,152
2021-04-02 21:00,01F2714N,32,54.4,33
2021-04-02 21:00,01F2714N,41,0.0,0
2021-04-02 21:00,01F2714N,42,66.9,5
2021-04-02 21:00,01F2714N,5,91.5,1
2021-04-02 21:00,01F2714S,31,46.8,55
2021-04-02 21:00,01F2714S,32,45.5,10
2021-04-02 21:00,01F2714S,41,0.0,0
2021-04-02 21:00,01F2714S,42,92.0,1
2021-04-02 21:00,01F2714S,5,0.0,0
2021-04-02 21:00,01F2827N,31,37.0,31
2021-04-02 21:00,01F2827N,32,25.5,8
2021-04-02 21:00,01F2827N,41,0.0,0
2021-04-02 21:00,01F2827N,42,130.7,2
2021-04-02 21:00,01F2827N,5,0.0,0
2021-04-02 21:00,01F2827S,31,39.5,288
2021-04-02 21:00,01F2827S,32,43.1,54
2021-04-02 21:00,01F2827S,41,0.0,0
2021-04-02 21:00,01F2827S,42,64.3,8
2021-04-02 21:00,01F2827S,5,0.0,0
2021-04-02 21:00,01F2866N,31,52.2,134
2021-04-02 21:00,01F2866N,32,66.3,28
2021-04-02 21:00,01F2866N,41,0.0,0
2021-04-02 21:00,01F2866N,42,137.8,4
2021-04-02 21:00,01F2866N,5,207.2,1
2021-04-02 21:00,01F2866S,31,50.8,11
2021-04-02 21:00,01F2866S,32,71.7,2
2021-04-02 21:00,01F2866S,41,0.0,0
2021-04-02 21:00,01F2866S,42,0.0,0
2021-04-02 21:00,01F2866S,5,38.2,1
2021-04-02 21:00,01F2930N,31,50.1,97
2021-04-02 21:00,01F2930N,32,34.6,29
2021-04-02 21:00,01F2930N,41,0.0,0
2021-04-02 21:00,01F2930N,42,160.4,2
2021-04-02 21:00,01F2930N,5,229.3,4
2021-04-02 21:00,01F2930S,31,35.9,274
2021-04-02 21:00,01F2930S,32,37.0,64
2021-04-02 21:00,01F2930S,41,0.0,0
2021-04-02 21:00,01F2930S,42,48.4,5
2021-04-02 21:00,01F2930S,5,63.1,10
2021-04-02 21:00,01F3019N,31,43.4,148
2021-04-02 21:00,01F3019N,32,22.6,27
2021-04-02 21:00,01F3019N,41,0.0,0
2021-04-02 21:00,01F3019N,42,38.5,3
2021-04-02 21:00,01F3019N,5,180.2,3
2021-04-02 21:00,01F3019S,31,35.1,183
2021-04-02 21:00,01F3019S,32,43.2,42
2021-04-02 21:00,01F3019S,41,0.0,0
2021-04-02 21:00,01F3019S,42,37.0,6
2021-04-02 21:00,01F3019S,5,61.4,21
2021-04-02 21:00,01F3083N,31,58.2,89
2021-04-02 21:00,01F3083N,32,110.1,16
2021-04-02 21:00,01F3083N,41,0.0,0
2021-04-02 21:00,01F3083N,42,11.5,1
2021-04-02 21:00,01F3083N,5,76.4,7
2021-04-02 21:00,01F3083S,31,26.9,202
2021-04-02 21:00,01F3083S,32,27.7,34
2021-04-02 21:00,01F3083S,41,0.0,0
2021-04-02 21:00,01F3083S,42,9.6,2
2021-04-02 21:00,01F3083S,5,20.6,3
2021-04-02 21:00,01F3126N,31,60.4,138
2021-04-02 21:00,01F3126N,32,73.9,21
2021-04-02 21:00,01F3126N,41,0.0,0
2021-04-02 21:00,01F3126N,42,64.2,5
2021-04-02 21:00,01F3126N,5,126.2,2
2021-04-02 21:00,01F3126S,31,23.2,134
2021-04-02 21:00,01F3126S,32,26.0,17
2021-04-02 21:00,01F3126S,41,0.0,0
2021-04-02 21:00,01F3126S,42,31.2,1
2021-04-02 21:00,01F3126S,5,48.4,2
2021-04-02 21:00,01F3185N,31,52.1,534
2021-04-02 21:00,01F3185N,32,63.9,93
2021-04-02 21:00,01F3185N,41,253.9,10
2021-04-02 21:00,01F3185N,42,128.8,7
2021-04-02 21:00,01F3185N,5,135.5,6
2021-04-02 21:00,01F3185S,31,22.2,394
2021-04-02 21:00,01F3185S,32,23.0,64
2021-04-02 21:00,01F3185S,41,0.0,0
2021-04-02 21:00,01F3185S,42,25.7,6
2021-04-02 21:00,01F3185S,5,33.9,1
2021-04-02 21:00,01F3227N,31,47.3,698
2021-04-02 21:00,01F3227N,32,46.8,100
2021-04-02 21:00,01F3227N,41,15.4,3
2021-04-02 21:00,01F3227N,42,4.9,3
2021-04-02 21:00,01F3227N,5,136.9,1
2021-04-02 21:00,01F3227S,31,24.3,437
2021-04-02 21:00,01F3227S,32,22.2,84
2021-04-02 21:00,01F3227S,41,0.0,0
2021-04-02 21:00,01F3227S,42,22.9,9
2021-04-02 21:00,01F3227S,5,31.9,9
2021-04-02 21:00,01F3252N,31,42.5,374
2021-04-02 21:00,01F3252N,32,39.7,62
2021-04-02 21:00,01F3252N,41,0.0,0
2021-04-02 21:00,01F3252N,42,7.8,1
2021-04-02 21:00,01F3252N,5,16.3,1
2021-04-02 21:00,01F3252S,31,0.0,0
2021-04-02 21:00,01F3252S,32,0.0,0
2021-04-02 21:00,01F3252S,41,0.0,0
2021-04-02 21:00,01F3252S,42,0.0,0
2021-04-02 21:00,01F3252S,5,0.0,0
2021-04-02 21:00,01F3286N,31,19.8,485
2021-04-02 21:00,01F3286N,32,21.6,78
2021-04-02 21:00,01F3286N,41,0.0,0
2021-04-02 21:00,01F3286N,42,38.2,4
2021-04-02 21:00,01F3286N,5,9.2,2
2021-04-02 21:00,01F3286S,31,25.0,951
2021-04-02 21:00,01F3286S,32,24.5,171
2021-04-02 21:00,01F3286S,41,38.6,2
2021-04-02 21:00,01F3286S,42,3.3,1
2021-04-02 21:00,01F3286S,5,28.8,2
2021-04-02 21:00,01F3366N,31,26.9,149
2021-04-02 21:00,01F3366N,32,20.3,40
2021-04-02 21:00,01F3366N,41,0.0,0
2021-04-02 21:00,01F3366N,42,91.0,6
2021-04-02 21:00,01F3366N,5,0.0,0
2021-04-02 21:00,01F3366S,31,29.3,630
2021-04-02 21:00,01F3366S,32,27.4,132
2021-04-02 21:00,01F3366S,41,31.7,1
2021-04-02 21:00,01F3366S,42,20.2,4
2021-04-02 21:00,01F3366S,5,38.9,1
2021-04-02 21:00,01F3398N,31,28.2,111
2021-04-02 21:00,01F3398N,32,30.1,27
2021-04-02 21:00,01F3398N,41,0.0,0
2021-04-02 21:00,01F3398N,42,66.9,12
2021-04-02 21:00,01F3398N,5,99.0,8
2021-04-02 21:00,01F3398S,31,22.8,157
2021-04-02 21:00,01F3398S,32,21.1,37
2021-04-02 21:00,01F3398S,41,0.0,0
2021-04-02 21:00,01F3398S,42,6.4,3
2021-04-02 21:00,01F3398S,5,17.9,1
2021-04-02 21:00,01F3460N,31,39.2,130
2021-04-02 21:00,01F3460N,32,27.1,25
2021-04-02 21:00,01F3460N,41,0.0,0
2021-04-02 21:00,01F3460N,42,43.4,3
2021-04-02 21:00,01F3460N,5,14.9,4
2021-04-02 21:00,01F3460S,31,19.8,113
2021-04-02 21:00,01F3460S,32,21.9,26
2021-04-02 21:00,01F3460S,41,0.0,0
2021-04-02 21:00,01F3460S,42,20.6,2
2021-04-02 21:00,01F3460S,5,16.1,6
2021-04-02 21:00,01F3525N,31,42.7,462
2021-04-02 21:00,01F3525N,32,40.9,108
2021-04-02 21:00,01F3525N,41,244.6,11
2021-04-02 21:00,01F3525N,42,78.8,24
2021-04-02 21:00,01F3525N,5,121.1,14
2021-04-02 21:00,01F3525S,31,15.1,497
2021-04-02 21:00,01F3525S,32,14.2,99
2021-04-02 21:00,01F3525S,41,13.0,1
2021-04-02 21:00,01F3525S,42,14.1,15
2021-04-02 21:00,01F3525S,5,6.8,2
2021-04-02 21:00,01F3559N,31,0.0,0
2021-04-02 21:00,01F3559N,32,0.0,0
2021-04-02 21:00,01F3559N,41,0.0,0
2021-04-02 21:00,01F3559N,42,0.0,0
2021-04-02 21:00,01F3559N,5,0.0,0
2021-04-02 21:00,01F3561S,31,13.0,1
2021-04-02 21:00,01F3561S,32,0.0,0
2021-04-02 21:00,01F3561S,41,0.0,0
2021-04-02 21:00,01F3561S,42,0.0,0
2021-04-02 21:00,01F3561S,5,0.0,0
2021-04-02 21:00,01F3590N,31,35.8,833
2021-04-02 21:00,01F3590N,32,42.6,162
2021-04-02 21:00,01F3590N,41,6.2,2
2021-04-02 21:00,01F3590N,42,7.9,4
2021-04-02 21:00,01F3590N,5,102.6,2
2021-04-02 21:00,01F3590S,31,11.1,765
2021-04-02 21:00,01F3590S,32,11.1,129
2021-04-02 21:00,01F3590S,41,11.0,21
2021-04-02 21:00,01F3590S,42,11.9,12
2021-04-02 21:00,01F3590S,5,13.1,8
2021-04-02 21:00,01F3640N,31,26.7,2113
2021-04-02 21:00,01F3640N,32,33.2,369
2021-04-02 21:00,01F3640N,41,57.4,20
2021-04-02 21:00,01F3640N,42,30.5,15
2021-04-02 21:00,01F3640N,5,0.0,0
2021-04-02 21:00,01F3640S,31,6.3,1738
2021-04-02 21:00,01F3640S,32,6.3,316
2021-04-02 21:00,01F3640S,41,6.1,6
2021-04-02 21:00,01F3640S,42,6.5,10
2021-04-02 21:00,01F3640S,5,8.8,6
2021-04-02 21:00,01F3676N,31,0.0,0
2021-04-02 21:00,01F3676N,32,0.0,0
2021-04-02 21:00,01F3676N,41,0.0,0
2021-04-02 21:00,01F3676N,42,0.0,0
2021-04-02 21:00,01F3676N,5,0.0,0
2021-04-02 21:00,01F3676S,31,0.0,0
2021-04-02 21:00,01F3676S,32,0.0,0
2021-04-02 21:00,01F3676S,41,0.0,0
2021-04-02 21:00,01F3676S,42,0.0,0
2021-04-02 21:00,01F3676S,5,0.0,0
2021-04-02 21:00,01F3686S,31,2.3,928
2021-04-02 21:00,01F3686S,32,2.3,191
2021-04-02 21:00,01F3686S,41,2.2,5
2021-04-02 21:00,01F3686S,42,2.2,11
2021-04-02 21:00,01F3686S,5,0.0,0
2021-04-02 21:00,01F3696N,31,17.8,2460
2021-04-02 21:00,01F3696N,32,17.5,534
2021-04-02 21:00,01F3696N,41,11.5,12
2021-04-02 21:00,01F3696N,42,46.5,26
2021-04-02 21:00,01F3696N,5,178.7,62
2021-04-02 21:00,01F3736N,31,15.6,168
2021-04-02 21:00,01F3736N,32,16.7,47
2021-04-02 21:00,01F3736N,41,0.0,0
2021-04-02 21:00,01F3736N,42,18.2,1
2021-04-02 21:00,01F3736N,5,163.1,23
2021-04-02 21:00,01F3736S,31,2.6,24
2021-04-02 21:00,01F3736S,32,2.6,8
2021-04-02 21:00,01F3736S,41,0.0,0
2021-04-02 21:00,01F3736S,42,0.0,0
2021-04-02 21:00,01F3736S,5,2.6,2
2021-04-02 21:00,01H0163S,31,37.2,116
2021-04-02 21:00,01H0163S,32,41.3,27
2021-04-02 21:00,01H0163S,41,5.7,1
2021-04-02 21:00,01H0163S,42,39.4,1
2021-04-02 21:00,01H0163S,5,0.0,0
2021-04-02 21:00,01H0174N,31,14.5,565
2021-04-02 21:00,01H0174N,32,14.9,69
2021-04-02 21:00,01H0174N,41,19.7,12
2021-04-02 21:00,01H0174N,42,0.0,0
2021-04-02 21:00,01H0174N,5,0.0,0
2021-04-02 21:00,01H0200N,31,0.0,0
2021-04-02 21:00,01H0200N,32,0.0,0
2021-04-02 21:00,01H0200N,41,0.0,0
2021-04-02 21:00,01H0200N,42,0.0,0
2021-04-02 21:00,01H0200N,5,0.0,0
2021-04-02 21:00,01H0206S,31,40.1,754
2021-04-02 21:00,01H0206S,32,41.4,149
2021-04-02 21:00,01H0206S,41,64.0,3
2021-04-02 21:00,01H0206S,42,33.7,1
2021-04-02 21:00,01H0206S,5,0.0,0
2021-04-02 21:00,01H0208N,31,11.4,1
2021-04-02 21:00,01H0208N,32,0.0,0
2021-04-02 21:00,01H0208N,41,0.0,0
2021-04-02 21:00,01H0208N,42,0.0,0
2021-04-02 21:00,01H0208N,5,0.0,0
2021-04-02 21:00,01H0271N,31,19.2,825
2021-04-02 21:00,01H0271N,32,23.2,169
2021-04-02 21:00,01H0271N,41,6.0,2
2021-04-02 21:00,01H0271N,42,16.4,3
2021-04-02 21:00,01H0271N,5,0.0,0
2021-04-02 21:00,01H0305S,31,33.9,814
2021-04-02 21:00,01H0305S,32,32.2,159
2021-04-02 21:00,01H0305S,41,68.0,11
2021-04-02 21:00,01H0305S,42,15.9,3
2021-04-02 21:00,01H0305S,5,0.0,0
2021-04-02 21:00,01H0333N,31,0.0,0
2021-04-02 21:00,01H0333N,32,0.0,0
2021-04-02 21:00,01H0333N,41,0.0,0
2021-04-02 21:00,01H0333N,42,0.0,0
2021-04-02 21:00,01H0333N,5,0.0,0
2021-04-02 21:00,01H0334S,31,0.0,0
2021-04-02 21:00,01H0334S,32,0.0,0
2021-04-02 21:00,01H0334S,41,0.0,0
2021-04-02 21:00,01H0334S,42,0.0,0
2021-04-02 21:00,01H0334S,5,0.0,0
2021-04-02 21:00,01H0447N,31,29.5,461
2021-04-02 21:00,01H0447N,32,31.2,71
2021-04-02 21:00,01H0447N,41,30.1,3
2021-04-02 21:00,01H0447N,42,16.5,1
2021-04-02 21:00,01H0447N,5,0.0,0
2021-04-02 21:00,01H0447S,31,16.5,2
2021-04-02 21:00,01H0447S,32,0.0,0
2021-04-02 21:00,01H0447S,41,0.0,0
2021-04-02 21:00,01H0447S,42,18.0,4
2021-04-02 21:00,01H0447S,5,0.0,0
2021-04-02 21:00,01H0579N,31,33.6,218
2021-04-02 21:00,01H0579N,32,29.7,29
2021-04-02 21:00,01H0579N,41,35.5,2
2021-04-02 21:00,01H0579N,42,0.0,0
2021-04-02 21:00,01H0579N,5,0.0,0
2021-04-02 21:00,01H0579S,31,68.3,108
2021-04-02 21:00,01H0579S,32,56.9,22
2021-04-02 21:00,01H0579S,41,0.0,0
2021-04-02 21:00,01H0579S,42,0.0,0
2021-04-02 21:00,01H0579S,5,0.0,0
2021-04-02 21:00,01H0608N,31,29.1,125
2021-04-02 21:00,01H0608N,32,32.2,17
2021-04-02 21:00,01H0608N,41,0.0,0
2021-04-02 21:00,01H0608N,42,0.0,0
2021-04-02 21:00,01H0608N,5,0.0,0
2021-04-02 21:00,01H0610S,31,0.0,0
2021-04-02 21:00,01H0610S,32,68.5,1
2021-04-02 21:00,01H0610S,41,0.0,0
2021-04-02 21:00,01H0610S,42,0.0,0
2021-04-02 21:00,01H0610S,5,0.0,0
2021-04-02 21:00,03A0015N,31,3.6,162
2021-04-02 21:00,03A0015N,32,3.6,24
2021-04-02 21:00,03A0015N,41,3.6,1
2021-04-02 21:00,03A0015N,42,3.6,9
2021-04-02 21:00,03A0015N,5,0.0,0
2021-04-02 21:00,03A0015S,31,13.5,794
2021-04-02 21:00,03A0015S,32,12.9,158
2021-04-02 21:00,03A0015S,41,46.6,14
2021-04-02 21:00,03A0015S,42,6.9,16
2021-04-02 21:00,03A0015S,5,83.1,1
2021-04-02 21:00,03A0041N,31,3.4,209
2021-04-02 21:00,03A0041N,32,4.3,39
2021-04-02 21:00,03A0041N,41,0.0,0
2021-04-02 21:00,03A0041N,42,3.9,3
2021-04-02 21:00,03A0041N,5,0.0,0
2021-04-02 21:00,03A0041S,31,23.8,765
2021-04-02 21:00,03A0041S,32,24.9,126
2021-04-02 21:00,03A0041S,41,1.5,2
2021-04-02 21:00,03A0041S,42,26.8,3
2021-04-02 21:00,03A0041S,5,0.0,0
2021-04-02 21:00,03F0006S,31,30.6,535
2021-04-02 21:00,03F0006S,32,30.1,119
2021-04-02 21:00,03F0006S,41,0.0,0
2021-04-02 21:00,03F0006S,42,27.1,2
2021-04-02 21:00,03F0006S,5,7.6,29
2021-04-02 21:00,03F0021N,31,2.4,75
2021-04-02 21:00,03F0021N,32,2.4,17
2021-04-02 21:00,03F0021N,41,0.0,0
2021-04-02 21:00,03F0021N,42,2.4,1
2021-04-02 21:00,03F0021N,5,2.4,16
2021-04-02 21:00,03F0054N,31,10.7,11
2021-04-02 21:00,03F0054N,32,10.9,5
2021-04-02 21:00,03F0054N,41,0.0,0
2021-04-02 21:00,03F0054N,42,0.0,0
2021-04-02 21:00,03F0054N,5,10.9,5
2021-04-02 21:00,03F0087S,31,29.9,47
2021-04-02 21:00,03F0087S,32,22.0,8
2021-04-02 21:00,03F0087S,41,0.0,0
2021-04-02 21:00,03F0087S,42,0.0,0
2021-04-02 21:00,03F0087S,5,0.0,0
2021-04-02 21:00,03F0116N,31,14.9,340
2021-04-02 21:00,03F0116N,32,18.3,56
2021-04-02 21:00,03F0116N,41,12.2,4
2021-04-02 21:00,03F0116N,42,21.6,4
2021-04-02 21:00,03F0116N,5,37.3,2
2021-04-02 21:00,03F0116S,31,24.6,67
2021-04-02 21:00,03F0116S,32,14.1,16
2021-04-02 21:00,03F0116S,41,0.0,0
2021-04-02 21:00,03F0116S,42,0.0,0
2021-04-02 21:00,03F0116S,5,159.9,3
2021-04-02 21:00,03F0136S,31,22.8,476
2021-04-02 21:00,03F0136S,32,31.3,101
2021-04-02 21:00,03F0136S,41,0.0,0
2021-04-02 21:00,03F0136S,42,66.3,3
2021-04-02 21:00,03F0136S,5,19.9,2
2021-04-02 21:00,03F0140N,31,10.1,154
2021-04-02 21:00,03F0140N,32,13.4,33
2021-04-02 21:00,03F0140N,41,0.0,0
2021-04-02 21:00,03F0140N,42,3.6,1
2021-04-02 21:00,03F0140N,5,0.0,0
2021-04-02 21:00,03F0150N,31,19.0,1
2021-04-02 21:00,03F0150N,32,0.0,0
2021-04-02 21:00,03F0150N,41,0.0,0
2021-04-02 21:00,03F0150N,42,0.0,0
2021-04-02 21:00,03F0150N,5,0.0,0
2021-04-02 21:00,03F0158S,31,32.8,536
2021-04-02 21:00,03F0158S,32,34.7,136
2021-04-02 21:00,03F0158S,41,40.7,29
2021-04-02 21:00,03F0158S,42,11.5,5
2021-04-02 21:00,03F0158S,5,0.0,0
2021-04-02 21:00,03F0201N,31,12.7,44
2021-04-02 21:00,03F0201N,32,13.0,10
2021-04-02 21:00,03F0201N,41,20.8,1
2021-04-02 21:00,03F0201N,42,16.8,2
2021-04-02 21:00,03F0201N,5,0.0,0
2021-04-02 21:00,03F0201S,31,0.0,0
2021-04-02 21:00,03F0201S,32,0.0,0
2021-04-02 21:00,03F0201S,41,0.0,0
2021-04-02 21:00,03F0201S,42,0.0,0
2021-04-02 21:00,03F0201S,5,0.0,0
2021-04-02 21:00,03F0217N,31,17.6,297
2021-04-02 21:00,03F0217N,32,18.5,51
2021-04-02 21:00,03F0217N,41,38.3,5
2021-04-02 21:00,03F0217N,42,0.0,0
2021-04-02 21:00,03F0217N,5,0.0,0
2021-04-02 21:00,03F0217S,31,23.0,121
2021-04-02 21:00,03F0217S,32,30.1,33
2021-04-02 21:00,03F0217S,41,96.5,4
2021-04-02 21:00,03F0217S,42,0.0,0
2021-04-02 21:00,03F0217S,5,0.0,0
2021-04-02 21:00,03F0301N,31,20.5,265
2021-04-02 21:00,03F0301N,32,22.5,53
2021-04-02 21:00,03F0301N,41,0.0,0
2021-04-02 21:00,03F0301N,42,11.8,1
2021-04-02 21:00,03F0301N,5,0.0,0
2021-04-02 21:00,03F0301S,31,31.1,401
2021-04-02 21:00,03F0301S,32,32.6,77
2021-04-02 21:00,03F0301S,41,0.0,0
2021-04-02 21:00,03F0301S,42,26.5,2
2021-04-02 21:00,03F0301S,5,0.0,0
2021-04-02 21:00,03F0337S,31,34.7,976
2021-04-02 21:00,03F0337S,32,29.1,186
2021-04-02 21:00,03F0337S,41,62.8,12
2021-04-02 21:00,03F0337S,42,23.4,15
2021-04-02 21:00,03F0337S,5,96.0,6
2021-04-02 21:00,03F0338N,31,17.9,652
2021-04-02 21:00,03F0338N,32,21.1,158
2021-04-02 21:00,03F0338N,41,39.4,2
2021-04-02 21:00,03F0338N,42,8.7,10
2021-04-02 21:00,03F0338N,5,31.5,1
2021-04-02 21:00,03F0394N,31,20.2,349
2021-04-02 21:00,03F0394N,32,28.2,109
2021-04-02 21:00,03F0394N,41,0.0,0
2021-04-02 21:00,03F0394N,42,13.8,3
2021-04-02 21:00,03F0394N,5,23.2,2
2021-04-02 21:00,03F0394S,31,49.2,1233
2021-04-02 21:00,03F0394S,32,56.1,254
2021-04-02 21:00,03F0394S,41,57.5,22
2021-04-02 21:00,03F0394S,42,84.0,18
2021-04-02 21:00,03F0394S,5,177.5,3
2021-04-02 21:00,03F0447N,31,12.7,427
2021-04-02 21:00,03F0447N,32,14.8,79
2021-04-02 21:00,03F0447N,41,5.3,4
2021-04-02 21:00,03F0447N,42,14.0,16
2021-04-02 21:00,03F0447N,5,27.2,1
2021-04-02 21:00,03F0447S,31,41.9,1270
2021-04-02 21:00,03F0447S,32,47.0,275
2021-04-02 21:00,03F0447S,41,16.0,38
2021-04-02 21:00,03F0447S,42,69.5,9
2021-04-02 21:00,03F0447S,5,106.8,5
2021-04-02 21:00,03F0498N,31,17.8,332
2021-04-02 21:00,03F0498N,32,21.7,63
2021-04-02 21:00,03F0498N,41,9.5,27
2021-04-02 21:00,03F0498N,42,13.1,6
2021-04-02 21:00,03F0498N,5,0.0,0
2021-04-02 21:00,03F0498S,31,7.6,1
2021-04-02 21:00,03F0498S,32,0.0,0
2021-04-02 21:00,03F0498S,41,0.0,0
2021-04-02 21:00,03F0498S,42,25.3,1
2021-04-02 21:00,03F0498S,5,0.0,0
2021-04-02 21:00,03F0525N,31,20.2,923
2021-04-02 21:00,03F0525N,32,21.4,204
2021-04-02 21:00,03F0525N,41,15.0,10
2021-04-02 21:00,03F0525N,42,13.6,20
2021-04-02 21:00,03F0525N,5,11.2,3
2021-04-02 21:00,03F0525S,31,39.4,480
2021-04-02 21:00,03F0525S,32,39.8,96
2021-04-02 21:00,03F0525S,41,3.8,1
2021-04-02 21:00,03F0525S,42,22.0,14
2021-04-02 21:00,03F0525S,5,50.7,5
2021-04-02 21:00,03F0559N,31,26.2,591
2021-04-02 21:00,03F0559N,32,30.1,156
2021-04-02 21:00,03F0559N,41,24.1,8
2021-04-02 21:00,03F0559N,42,19.9,22
2021-04-02 21:00,03F0559N,5,12.1,1
2021-04-02 21:00,03F0559S,31,56.6,406
2021-04-02 21:00,03F0559S,32,54.8,78
2021-04-02 21:00,03F0559S,41,8.3,1
2021-04-02 21:00,03F0559S,42,59.8,7
2021-04-02 21:00,03F0559S,5,0.0,0
2021-04-02 21:00,03F0648N,31,23.4,318
2021-04-02 21:00,03F0648N,32,22.4,67
2021-04-02 21:00,03F0648N,41,24.6,6
2021-04-02 21:00,03F0648N,42,18.9,3
2021-04-02 21:00,03F0648N,5,0.0,0
2021-04-02 21:00,03F0648S,31,59.9,279
2021-04-02 21:00,03F0648S,32,82.0,57
2021-04-02 21:00,03F0648S,41,0.0,0
2021-04-02 21:00,03F0648S,42,62.1,5
2021-04-02 21:00,03F0648S,5,124.3,3
2021-04-02 21:00,03F0698N,31,26.0,9
2021-04-02 21:00,03F0698N,32,24.1,2
2021-04-02 21:00,03F0698N,41,0.0,0
2021-04-02 21:00,03F0698N,42,0.0,0
2021-04-02 21:00,03F0698N,5,0.0,0
2021-04-02 21:00,03F0698S,31,60.6,127
2021-04-02 21:00,03F0698S,32,51.9,20
2021-04-02 21:00,03F0698S,41,22.0,1
2021-04-02 21:00,03F0698S,42,37.5,2
2021-04-02 21:00,03F0698S,5,0.0,0
2021-04-02 21:00,03F0783N,31,35.2,95
2021-04-02 21:00,03F0783N,32,33.7,20
2021-04-02 21:00,03F0783N,41,0.0,0
2021-04-02 21:00,03F0783N,42,0.0,0
2021-04-02 21:00,03F0783N,5,0.0,0
2021-04-02 21:00,03F0783S,31,20.4,6
2021-04-02 21:00,03F0783S,32,0.0,0
2021-04-02 21:00,03F0783S,41,0.0,0
2021-04-02 21:00,03F0783S,42,0.0,0
2021-04-02 21:00,03F0783S,5,297.4,1
2021-04-02 21:00,03F0846N,31,41.6,376
2021-04-02 21:00,03F0846N,32,46.9,71
2021-04-02 21:00,03F0846N,41,47.3,2
2021-04-02 21:00,03F0846N,42,45.0,4
2021-04-02 21:00,03F0846N,5,85.9,3
2021-04-02 21:00,03F0846S,31,35.0,76
2021-04-02 21:00,03F0846S,32,44.3,9
2021-04-02 21:00,03F0846S,41,0.0,0
2021-04-02 21:00,03F0846S,42,11.0,1
2021-04-02 21:00,03F0846S,5,65.0,2
2021-04-02 21:00,03F0961N,31,47.5,62
2021-04-02 21:00,03F0961N,32,41.0,18
2021-04-02 21:00,03F0961N,41,0.0,0
2021-04-02 21:00,03F0961N,42,8.5,2
2021-04-02 21:00,03F0961N,5,0.0,0
2021-04-02 21:00,03F0961S,31,52.2,119
2021-04-02 21:00,03F0961S,32,48.6,34
2021-04-02 21:00,03F0961S,41,0.0,0
2021-04-02 21:00,03F0961S,42,78.7,2
2021-04-02 21:00,03F0961S,5,0.0,0
2021-04-02 21:00,03F0996N,31,0.0,0
2021-04-02 21:00,03F0996N,32,2.0,1
2021-04-02 21:00,03F0996N,41,0.0,0
2021-04-02 21:00,03F0996N,42,0.0,0
2021-04-02 21:00,03F0996N,5,0.0,0
2021-04-02 21:00,03F0996S,31,40.4,111
2021-04-02 21:00,03F0996S,32,33.0,25
2021-04-02 21:00,03F0996S,41,0.0,0
2021-04-02 21:00,03F0996S,42,12.4,6
2021-04-02 21:00,03F0996S,5,50.8,2
2021-04-02 21:00,03F1022N,31,38.2,202
2021-04-02 21:00,03F1022N,32,33.9,27
2021-04-02 21:00,03F1022N,41,7.1,1
2021-04-02 21:00,03F1022N,42,14.1,1
2021-04-02 21:00,03F1022N,5,0.0,0
2021-04-02 21:00,03F1022S,31,3.1,1
2021-04-02 21:00,03F1022S,32,0.0,0
2021-04-02 21:00,03F1022S,41,0.0,0
2021-04-02 21:00,03F1022S,42,0.0,0
2021-04-02 21:00,03F1022S,5,0.0,0
2021-04-02 21:00,03F1051N,31,28.6,170
2021-04-02 21:00,03F1051N,32,26.3,28
2021-04-02 21:00,03F1051N,41,0.0,0
2021-04-02 21:00,03F1051N,42,11.6,15
2021-04-02 21:00,03F1051N,5,43.2,1
2021-04-02 21:00,03F1051S,31,52.2,199
2021-04-02 21:00,03F1051S,32,61.6,31
2021-04-02 21:00,03F1051S,41,0.0,0
2021-04-02 21:00,03F1051S,42,7.4,9
2021-04-02 21:00,03F1051S,5,0.0,0
2021-04-02 21:00,03F1128N,31,34.2,157
2021-04-02 21:00,03F1128N,32,39.2,35
2021-04-02 21:00,03F1128N,41,0.0,0
2021-04-02 21:00,03F1128N,42,5.4,1
2021-04-02 21:00,03F1128N,5,0.0,0
2021-04-02 21:00,03F1128S,31,75.3,78
2021-04-02 21:00,03F1128S,32,64.6,18
2021-04-02 21:00,03F1128S,41,0.0,0
2021-04-02 21:00,03F1128S,42,94.9,4
2021-04-02 21:00,03F1128S,5,140.6,16
2021-04-02 21:00,03F1161N,31,50.6,66
2021-04-02 21:00,03F1161N,32,46.7,10
2021-04-02 21:00,03F1161N,41,53.5,2
2021-04-02 21:00,03F1161N,42,43.8,6
2021-04-02 21:00,03F1161N,5,60.6,7
2021-04-02 21:00,03F1161S,31,9.5,1
2021-04-02 21:00,03F1161S,32,0.0,0
2021-04-02 21:00,03F1161S,41,0.0,0
2021-04-02 21:00,03F1161S,42,0.0,0
2021-04-02 21:00,03F1161S,5,0.0,0
2021-04-02 21:00,03F1215N,31,33.2,55
2021-04-02 21:00,03F1215N,32,48.1,9
2021-04-02 21:00,03F1215N,41,0.0,0
2021-04-02 21:00,03F1215N,42,34.2,1
2021-04-02 21:00,03F1215N,5,0.0,0
2021-04-02 21:00,03F1215S,31,67.0,102
2021-04-02 21:00,03F1215S,32,72.0,22
2021-04-02 21:00,03F1215S,41,0.0,0
2021-04-02 21:00,03F1215S,42,0.0,0
2021-04-02 21:00,03F1215S,5,72.3,8
2021-04-02 21:00,03F1257N,31,45.6,83
2021-04-02 21:00,03F1257N,32,59.5,12
2021-04-02 21:00,03F1257N,41,0.0,0
2021-04-02 21:00,03F1257N,42,75.6,1
2021-04-02 21:00,03F1257N,5,0.0,0
2021-04-02 21:00,03F1257S,31,71.6,13
2021-04-02 21:00,03F1257S,32,46.4,6
2021-04-02 21:00,03F1257S,41,0.0,0
2021-04-02 21:00,03F1257S,42,0.0,0
2021-04-02 21:00,03F1257S,5,44.5,1
2021-04-02 21:00,03F1332N,31,0.0,0
2021-04-02 21:00,03F1332N,32,0.0,0
2021-04-02 21:00,03F1332N,41,0.0,0
2021-04-02 21:00,03F1332N,42,0.0,0
2021-04-02 21:00,03F1332N,5,0.0,0
2021-04-02 21:00,03F1332S,31,41.6,74
2021-04-02 21:00,03F1332S,32,49.9,10
2021-04-02 21:00,03F1332S,41,0.0,0
2021-04-02 21:00,03F1332S,42,41.7,3
2021-04-02 21:00,03F1332S,5,94.3,6
2021-04-02 21:00,03F1395N,31,57.1,73
2021-04-02 21:00,03F1395N,32,54.4,15
2021-04-02 21:00,03F1395N,41,0.0,0
2021-04-02 21:00,03F1395N,42,51.8,5
2021-04-02 21:00,03F1395N,5,77.9,1
2021-04-02 21:00,03F1395S,31,80.2,8
2021-04-02 21:00,03F1395S,32,0.0,0
2021-04-02 21:00,03F1395S,41,0.0,0
2021-04-02 21:00,03F1395S,42,0.0,0
2021-04-02 21:00,03F1395S,5,45.9,1
2021-04-02 21:00,03F1485N,31,57.5,42
2021-04-02 21:00,03F1485N,32,37.9,4
2021-04-02 21:00,03F1485N,41,0.0,0
2021-04-02 21:00,03F1485N,42,0.0,0
2021-04-02 21:00,03F1485N,5,0.0,0
2021-04-02 21:00,03F1485S,31,46.3,38
2021-04-02 21:00,03F1485S,32,39.1,14
2021-04-02 21:00,03F1485S,41,0.0,0
2021-04-02 21:00,03F1485S,42,0.0,0
2021-04-02 21:00,03F1485S,5,0.0,0
2021-04-02 21:00,03F1633N,31,52.8,90
2021-04-02 21:00,03F1633N,32,38.8,15
2021-04-02 21:00,03F1633N,41,0.0,0
2021-04-02 21:00,03F1633N,42,0.0,0
2021-04-02 21:00,03F1633N,5,0.0,0
2021-04-02 21:00,03F1633S,31,31.8,182
2021-04-02 21:00,03F1633S,32,28.2,30
2021-04-02 21:00,03F1633S,41,0.0,0
2021-04-02 21:00,03F1633S,42,0.0,0
2021-04-02 21:00,03F1633S,5,7.4,1
2021-04-02 21:00,03F1651N,31,52.0,169
2021-04-02 21:00,03F1651N,32,43.9,31
2021-04-02 21:00,03F1651N,41,0.0,0
2021-04-02 21:00,03F1651N,42,71.3,2
2021-04-02 21:00,03F1651N,5,120.4,14
2021-04-02 21:00,03F1651S,31,26.4,345
2021-04-02 21:00,03F1651S,32,25.8,76
2021-04-02 21:00,03F1651S,41,17.8,3
2021-04-02 21:00,03F1651S,42,47.5,1
2021-04-02 21:00,03F1651S,5,0.0,0
2021-04-02 21:00,03F1710N,31,73.9,20
2021-04-02 21:00,03F1710N,32,121.9,1
2021-04-02 21:00,03F1710N,41,0.0,0
2021-04-02 21:00,03F1710N,42,0.0,0
2021-04-02 21:00,03F1710N,5,0.0,0
2021-04-02 21:00,03F1710S,31,28.2,140
2021-04-02 21:00,03F1710S,32,33.8,37
2021-04-02 21:00,03F1710S,41,0.0,0
2021-04-02 21:00,03F1710S,42,63.5,2
2021-04-02 21:00,03F1710S,5,22.6,1
2021-04-02 21:00,03F1739N,31,40.2,203
2021-04-02 21:00,03F1739N,32,43.2,40
2021-04-02 21:00,03F1739N,41,19.3,1
2021-04-02 21:00,03F1739N,42,7.1,1
2021-04-02 21:00,03F1739N,5,72.9,2
2021-04-02 21:00,03F1739S,31,67.1,17
2021-04-02 21:00,03F1739S,32,3.7,4
2021-04-02 21:00,03F1739S,41,0.0,0
2021-04-02 21:00,03F1739S,42,0.0,0
2021-04-02 21:00,03F1739S,5,0.0,0
2021-04-02 21:00,03F1779N,31,41.9,262
2021-04-02 21:00,03F1779N,32,32.8,45
2021-04-02 21:00,03F1779N,41,0.0,0
2021-04-02 21:00,03F1779N,42,81.9,6
2021-04-02 21:00,03F1779N,5,122.2,2
2021-04-02 21:00,03F1779S,31,37.0,195
2021-04-02 21:00,03F1779S,32,38.7,43
2021-04-02 21:00,03F1779S,41,6.7,1
2021-04-02 21:00,03F1779S,42,0.0,0
2021-04-02 21:00,03F1779S,5,142.1,3
2021-04-02 21:00,03F1860N,31,33.9,128
2021-04-02 21:00,03F1860N,32,31.6,22
2021-04-02 21:00,03F1860N,41,0.0,0
2021-04-02 21:00,03F1860N,42,0.0,0
2021-04-02 21:00,03F1860N,5,143.2,2
2021-04-02 21:00,03F1860S,31,46.8,356
2021-04-02 21:00,03F1860S,32,55.3,73
2021-04-02 21:00,03F1860S,41,41.9,1
2021-04-02 21:00,03F1860S,42,25.6,11
2021-04-02 21:00,03F1860S,5,133.6,3
2021-04-02 21:00,03F1941N,31,0.0,0
2021-04-02 21:00,03F1941N,32,0.0,0
2021-04-02 21:00,03F1941N,41,0.0,0
2021-04-02 21:00,03F1941N,42,0.0,0
2021-04-02 21:00,03F1941N,5,0.0,0
2021-04-02 21:00,03F1944S,31,20.1,311
2021-04-02 21:00,03F1944S,32,24.3,61
2021-04-02 21:00,03F1944S,41,0.0,0
2021-04-02 21:00,03F1944S,42,39.1,11
2021-04-02 21:00,03F1944S,5,164.8,12
2021-04-02 21:00,03F1991S,31,0.0,0
2021-04-02 21:00,03F1991S,32,0.0,0
2021-04-02 21:00,03F1991S,41,0.0,0
2021-04-02 21:00,03F1991S,42,0.0,0
2021-04-02 21:00,03F1991S,5,0.0,0
2021-04-02 21:00,03F1992N,31,25.9,465
2021-04-02 21:00,03F1992N,32,28.5,91
2021-04-02 21:00,03F1992N,41,0.0,0
2021-04-02 21:00,03F1992N,42,73.5,3
2021-04-02 21:00,03F1992N,5,179.9,1
2021-04-02 21:00,03F2066N,31,23.4,85
2021-04-02 21:00,03F2066N,32,38.2,18
2021-04-02 21:00,03F2066N,41,0.0,0
2021-04-02 21:00,03F2066N,42,42.3,6
2021-04-02 21:00,03F2066N,5,152.6,5
2021-04-02 21:00,03F2066S,31,27.1,875
2021-04-02 21:00,03F2066S,32,28.3,151
2021-04-02 21:00,03F2066S,41,48.8,10
2021-04-02 21:00,03F2066S,42,16.9,6
2021-04-02 21:00,03F2066S,5,58.2,1
2021-04-02 21:00,03F2078N,31,33.9,216
2021-04-02 21:00,03F2078N,32,41.7,37
2021-04-02 21:00,03F2078N,41,155.1,1
2021-04-02 21:00,03F2078N,42,11.7,4
2021-04-02 21:00,03F2078N,5,0.0,0
2021-04-02 21:00,03F2079S,31,33.9,143
2021-04-02 21:00,03F2079S,32,17.1,22
2021-04-02 21:00,03F2079S,41,0.0,0
2021-04-02 21:00,03F2079S,42,7.0,2
2021-04-02 21:00,03F2079S,5,0.0,0
2021-04-02 21:00,03F2100N,31,28.0,389
2021-04-02 21:00,03F2100N,32,26.0,69
2021-04-02 21:00,03F2100N,41,13.6,2
2021-04-02 21:00,03F2100N,42,23.6,6
2021-04-02 21:00,03F2100N,5,0.0,0
2021-04-02 21:00,03F2100S,31,32.6,310
2021-04-02 21:00,03F2100S,32,31.9,66
2021-04-02 21:00,03F2100S,41,20.4,3
2021-04-02 21:00,03F2100S,42,25.2,2
2021-04-02 21:00,03F2100S,5,0.0,0
2021-04-02 21:00,03F2125N,31,21.1,522
2021-04-02 21:00,03F2125N,32,16.8,101
2021-04-02 21:00,03F2125N,41,9.1,5
2021-04-02 21:00,03F2125N,42,9.7,17
2021-04-02 21:00,03F2125N,5,7.3,2
2021-04-02 21:00,03F2129S,31,33.2,1102
2021-04-02 21:00,03F2129S,32,36.9,269
2021-04-02 21:00,03F2129S,41,0.0,0
2021-04-02 21:00,03F2129S,42,28.9,11
2021-04-02 21:00,03F2129S,5,0.0,0
2021-04-02 21:00,03F2152S,31,35.5,130
2021-04-02 21:00,03F2152S,32,39.7,34
2021-04-02 21:00,03F2152S,41,0.0,0
2021-04-02 21:00,03F2152S,42,8.3,6
2021-04-02 21:00,03F2152S,5,104.9,2
2021-04-02 21:00,03F2153N,31,18.3,196
2021-04-02 21:00,03F2153N,32,19.5,44
2021-04-02 21:00,03F2153N,41,15.1,1
2021-04-02 21:00,03F2153N,42,0.0,0
2021-04-02 21:00,03F2153N,5,0.0,0
2021-04-02 21:00,03F2194N,31,14.3,363
2021-04-02 21:00,03F2194N,32,16.1,97
2021-04-02 21:00,03F2194N,41,9.2,3
2021-04-02 21:00,03F2194N,42,10.7,6
2021-04-02 21:00,03F2194N,5,0.0,0
2021-04-02 21:00,03F2194S,31,33.3,83
2021-04-02 21:00,03F2194S,32,39.5,12
2021-04-02 21:00,03F2194S,41,0.0,0
2021-04-02 21:00,03F2194S,42,8.8,6
2021-04-02 21:00,03F2194S,5,0.0,0
2021-04-02 21:00,03F2231N,31,19.5,298
2021-04-02 21:00,03F2231N,32,27.0,58
2021-04-02 21:00,03F2231N,41,41.9,1
2021-04-02 21:00,03F2231N,42,30.7,8
2021-04-02 21:00,03F2231N,5,0.0,0
2021-04-02 21:00,03F2235S,31,23.8,183
2021-04-02 21:00,03F2235S,32,10.5,42
2021-04-02 21:00,03F2235S,41,0.0,0
2021-04-02 21:00,03F2235S,42,0.0,0
2021-04-02 21:00,03F2235S,5,0.0,0
2021-04-02 21:00,03F2260N,31,22.4,253
2021-04-02 21:00,03F2260N,32,31.3,62
2021-04-02 21:00,03F2260N,41,6.1,1
2021-04-02 21:00,03F2260N,42,15.2,2
2021-04-02 21:00,03F2260N,5,26.5,1
2021-04-02 21:00,03F2261S,31,32.0,147
2021-04-02 21:00,03F2261S,32,29.0,29
2021-04-02 21:00,03F2261S,41,3.9,1
2021-04-02 21:00,03F2261S,42,158.3,1
2021-04-02 21:00,03F2261S,5,0.0,0
2021-04-02 21:00,03F2306N,31,23.3,50
2021-04-02 21:00,03F2306N,32,41.5,16
2021-04-02 21:00,03F2306N,41,0.0,0
2021-04-02 21:00,03F2306N,42,0.0,0
2021-04-02 21:00,03F2306N,5,0.0,0
2021-04-02 21:00,03F2306S,31,25.9,47
2021-04-02 21:00,03F2306S,32,45.7,10
2021-04-02 21:00,03F2306S,41,0.0,0
2021-04-02 21:00,03F2306S,42,0.0,0
2021-04-02 21:00,03F2306S,5,0.0,0
2021-04-02 21:00,03F2336N,31,31.4,191
2021-04-02 21:00,03F2336N,32,27.0,43
2021-04-02 21:00,03F2336N,41,34.7,1
2021-04-02 21:00,03F2336N,42,26.6,3
2021-04-02 21:00,03F2336N,5,0.0,0
2021-04-02 21:00,03F2336S,31,38.8,20
2021-04-02 21:00,03F2336S,32,60.2,4
2021-04-02 21:00,03F2336S,41,0.0,0
2021-04-02 21:00,03F2336S,42,12.3,1
2021-04-02 21:00,03F2336S,5,0.0,0
2021-04-02 21:00,03F2415N,31,36.3,181
2021-04-02 21:00,03F2415N,32,32.6,40
2021-04-02 21:00,03F2415N,41,0.0,0
2021-04-02 21:00,03F2415N,42,39.4,7
2021-04-02 21:00,03F2415N,5,0.0,0
2021-04-02 21:00,03F2415S,31,41.1,37
2021-04-02 21:00,03F2415S,32,30.6,15
2021-04-02 21:00,03F2415S,41,0.0,0
2021-04-02 21:00,03F2415S,42,0.0,0
2021-04-02 21:00,03F2415S,5,0.0,0
2021-04-02 21:00,03F2447N,31,41.6,45
2021-04-02 21:00,03F2447N,32,27.7,18
2021-04-02 21:00,03F2447N,41,0.0,0
2021-04-02 21:00,03F2447N,42,105.8,1
2021-04-02 21:00,03F2447N,5,153.3,1
2021-04-02 21:00,03F2447S,31,69.9,61
2021-04-02 21:00,03F2447S,32,63.4,16
2021-04-02 21:00,03F2447S,41,0.0,0
2021-04-02 21:00,03F2447S,42,16.6,1
2021-04-02 21:00,03F2447S,5,0.0,0
2021-04-02 21:00,03F2535N,31,36.2,123
2021-04-02 21:00,03F2535N,32,29.7,19
2021-04-02 21:00,03F2535N,41,0.0,0
2021-04-02 21:00,03F2535N,42,125.2,2
2021-04-02 21:00,03F2535N,5,226.1,1
2021-04-02 21:00,03F2535S,31,35.4,40
2021-04-02 21:00,03F2535S,32,53.4,12
2021-04-02 21:00,03F2535S,41,0.0,0
2021-04-02 21:00,03F2535S,42,18.1,1
2021-04-02 21:00,03F2535S,5,0.0,0
2021-04-02 21:00,03F2614N,31,37.6,147
2021-04-02 21:00,03F2614N,32,44.6,33
2021-04-02 21:00,03F2614N,41,0.0,0
2021-04-02 21:00,03F2614N,42,17.6,5
2021-04-02 21:00,03F2614N,5,19.6,6
2021-04-02 21:00,03F2614S,31,37.7,88
2021-04-02 21:00,03F2614S,32,48.0,17
2021-04-02 21:00,03F2614S,41,0.0,0
2021-04-02 21:00,03F2614S,42,0.0,0
2021-04-02 21:00,03F2614S,5,29.8,1
2021-04-02 21:00,03F2709N,31,0.0,0
2021-04-02 21:00,03F2709N,32,7.7,1
2021-04-02 21:00,03F2709N,41,0.0,0
2021-04-02 21:00,03F2709N,42,0.0,0
2021-04-02 21:00,03F2709N,5,0.0,0
2021-04-02 21:00,03F2709S,31,48.9,110
2021-04-02 21:00,03F2709S,32,48.4,27
2021-04-02 21:00,03F2709S,41,0.0,0
2021-04-02 21:00,03F2709S,42,20.9,1
2021-04-02 21:00,03F2709S,5,15.6,2
2021-04-02 21:00,03F2747N,31,6.7,2
2021-04-02 21:00,03F2747N,32,7.7,1
2021-04-02 21:00,03F2747N,41,0.0,0
2021-04-02 21:00,03F2747N,42,0.0,0
2021-04-02 21:00,03F2747N,5,0.0,0
2021-04-02 21:00,03F2747S,31,66.8,17
2021-04-02 21:00,03F2747S,32,30.4,4
2021-04-02 21:00,03F2747S,41,0.0,0
2021-04-02 21:00,03F2747S,42,0.0,0
2021-04-02 21:00,03F2747S,5,0.0,0
2021-04-02 21:00,03F2777N,31,36.0,53
2021-04-02 21:00,03F2777N,32,29.0,15
2021-04-02 21:00,03F2777N,41,0.0,0
2021-04-02 21:00,03F2777N,42,0.0,0
2021-04-02 21:00,03F2777N,5,10.2,1
2021-04-02 21:00,03F2777S,31,36.2,2
2021-04-02 21:00,03F2777S,32,45.6,1
2021-04-02 21:00,03F2777S,41,0.0,0
2021-04-02 21:00,03F2777S,42,0.0,0
2021-04-02 21:00,03F2777S,5,0.0,0
2021-04-02 21:00,03F2840N,31,37.9,251
2021-04-02 21:00,03F2840N,32,42.4,45
2021-04-02 21:00,03F2840N,41,262.6,1
2021-04-02 21:00,03F2840N,42,60.2,5
2021-04-02 21:00,03F2840N,5,20.9,2
2021-04-02 21:00,03F2840S,31,24.7,113
2021-04-02 21:00,03F2840S,32,23.6,26
2021-04-02 21:00,03F2840S,41,0.0,0
2021-04-02 21:00,03F2840S,42,0.0,0
2021-04-02 21:00,03F2840S,5,103.6,1
2021-04-02 21:00,03F2899N,31,0.0,0
2021-04-02 21:00,03F2899N,32,0.0,0
2021-04-02 21:00,03F2899N,41,0.0,0
2021-04-02 21:00,03F2899N,42,0.0,0
2021-04-02 21:00,03F2899N,5,0.0,0
2021-04-02 21:00,03F2899S,31,18.1,1
2021-04-02 21:00,03F2899S,32,0.0,0
2021-04-02 21:00,03F2899S,41,0.0,0
2021-04-02 21:00,03F2899S,42,0.0,0
2021-04-02 21:00,03F2899S,5,0.0,0
2021-04-02 21:00,03F2923N,31,51.5,150
2021-04-02 21:00,03F2923N,32,39.5,22
2021-04-02 21:00,03F2923N,41,0.0,0
2021-04-02 21:00,03F2923N,42,48.0,2
2021-04-02 21:00,03F2923N,5,28.3,1
2021-04-02 21:00,03F2923S,31,31.0,150
2021-04-02 21:00,03F2923S,32,38.3,33
2021-04-02 21:00,03F2923S,41,115.7,1
2021-04-02 21:00,03F2923S,42,62.0,3
2021-04-02 21:00,03F2923S,5,0.0,0
2021-04-02 21:00,03F2985N,31,25.2,157
2021-04-02 21:00,03F2985N,32,27.9,32
2021-04-02 21:00,03F2985N,41,0.0,0
2021-04-02 21:00,03F2985N,42,10.4,1
2021-04-02 21:00,03F2985N,5,52.0,3
2021-04-02 21:00,03F2985S,31,45.6,237
2021-04-02 21:00,03F2985S,32,40.2,52
2021-04-02 21:00,03F2985S,41,0.0,0
2021-04-02 21:00,03F2985S,42,77.7,3
2021-04-02 21:00,03F2985S,5,0.0,0
2021-04-02 21:00,03F3101N,31,26.0,52
2021-04-02 21:00,03F3101N,32,21.7,4
2021-04-02 21:00,03F3101N,41,0.0,0
2021-04-02 21:00,03F3101N,42,0.0,0
2021-04-02 21:00,03F3101N,5,0.0,0
2021-04-02 21:00,03F3101S,31,44.2,46
2021-04-02 21:00,03F3101S,32,59.5,12
2021-04-02 21:00,03F3101S,41,0.0,0
2021-04-02 21:00,03F3101S,42,0.0,0
2021-04-02 21:00,03F3101S,5,0.0,0
2021-04-02 21:00,03F3187N,31,30.3,6
2021-04-02 21:00,03F3187N,32,59.6,3
2021-04-02 21:00,03F3187N,41,0.0,0
2021-04-02 21:00,03F3187N,42,0.0,0
2021-04-02 21:00,03F3187N,5,0.0,0
2021-04-02 21:00,03F3187S,31,48.9,54
2021-04-02 21:00,03F3187S,32,40.9,14
2021-04-02 21:00,03F3187S,41,0.0,0
2021-04-02 21:00,03F3187S,42,0.0,0
2021-04-02 21:00,03F3187S,5,0.0,0
2021-04-02 21:00,03F3211N,31,40.0,28
2021-04-02 21:00,03F3211N,32,29.7,3
2021-04-02 21:00,03F3211N,41,0.0,0
2021-04-02 21:00,03F3211N,42,0.0,0
2021-04-02 21:00,03F3211N,5,0.0,0
2021-04-02 21:00,03F3211S,31,49.8,11
2021-04-02 21:00,03F3211S,32,34.8,6
2021-04-02 21:00,03F3211S,41,0.0,0
2021-04-02 21:00,03F3211S,42,0.0,0
2021-04-02 21:00,03F3211S,5,0.0,0
2021-04-02 21:00,03F3259N,31,51.1,33
2021-04-02 21:00,03F3259N,32,71.0,10
2021-04-02 21:00,03F3259N,41,0.0,0
2021-04-02 21:00,03F3259N,42,0.0,0
2021-04-02 21:00,03F3259N,5,0.0,0
2021-04-02 21:00,03F3259S,31,39.8,33
2021-04-02 21:00,03F3259S,32,33.9,13
2021-04-02 21:00,03F3259S,41,0.0,0
2021-04-02 21:00,03F3259S,42,27.1,3
2021-04-02 21:00,03F3259S,5,0.0,0
2021-04-02 21:00,03F3307N,31,41.3,57
2021-04-02 21:00,03F3307N,32,83.1,21
2021-04-02 21:00,03F3307N,41,0.0,0
2021-04-02 21:00,03F3307N,42,23.2,1
2021-04-02 21:00,03F3307N,5,0.0,0
2021-04-02 21:00,03F3307S,31,28.5,69
2021-04-02 21:00,03F3307S,32,26.5,20
2021-04-02 21:00,03F3307S,41,0.0,0
2021-04-02 21:00,03F3307S,42,51.7,3
2021-04-02 21:00,03F3307S,5,0.0,0
2021-04-02 21:00,03F3392N,31,32.8,102
2021-04-02 21:00,03F3392N,32,30.2,10
2021-04-02 21:00,03F3392N,41,0.0,0
2021-04-02 21:00,03F3392N,42,0.0,0
2021-04-02 21:00,03F3392N,5,0.0,0
2021-04-02 21:00,03F3392S,31,29.9,123
2021-04-02 21:00,03F3392S,32,37.9,38
2021-04-02 21:00,03F3392S,41,0.0,0
2021-04-02 21:00,03F3392S,42,83.5,3
2021-04-02 21:00,03F3392S,5,0.0,0
2021-04-02 21:00,03F3445N,31,46.8,95
2021-04-02 21:00,03F3445N,32,21.8,26
2021-04-02 21:00,03F3445N,41,0.0,0
2021-04-02 21:00,03F3445N,42,61.5,3
2021-04-02 21:00,03F3445N,5,0.0,0
2021-04-02 21:00,03F3445S,31,29.5,103
2021-04-02 21:00,03F3445S,32,26.9,29
2021-04-02 21:00,03F3445S,41,0.0,0
2021-04-02 21:00,03F3445S,42,84.3,1
2021-04-02 21:00,03F3445S,5,42.8,4
2021-04-02 21:00,03F3496N,31,47.5,162
2021-04-02 21:00,03F3496N,32,54.9,36
2021-04-02 21:00,03F3496N,41,0.0,0
2021-04-02 21:00,03F3496N,42,46.5,6
2021-04-02 21:00,03F3496N,5,0.0,0
2021-04-02 21:00,03F3496S,31,32.6,87
2021-04-02 21:00,03F3496S,32,31.1,32
2021-04-02 21:00,03F3496S,41,0.0,0
2021-04-02 21:00,03F3496S,42,39.5,4
2021-04-02 21:00,03F3496S,5,39.9,3
2021-04-02 21:00,03F3588N,31,20.9,2
2021-04-02 21:00,03F3588N,32,12.5,1
2021-04-02 21:00,03F3588N,41,0.0,0
2021-04-02 21:00,03F3588N,42,0.0,0
2021-04-02 21:00,03F3588N,5,0.0,0
2021-04-02 21:00,03F3588S,31,40.2,218
2021-04-02 21:00,03F3588S,32,42.8,42
2021-04-02 21:00,03F3588S,41,0.0,0
2021-04-02 21:00,03F3588S,42,26.0,1
2021-04-02 21:00,03F3588S,5,0.0,0
2021-04-02 21:00,03F3670N,31,41.6,53
2021-04-02 21:00,03F3670N,32,29.5,18
2021-04-02 21:00,03F3670N,41,0.0,0
2021-04-02 21:00,03F3670N,42,0.0,0
2021-04-02 21:00,03F3670N,5,0.0,0
2021-04-02 21:00,03F3670S,31,0.0,0
2021-04-02 21:00,03F3670S,32,0.0,0
2021-04-02 21:00,03F3670S,41,0.0,0
2021-04-02 21:00,03F3670S,42,0.0,0
2021-04-02 21:00,03F3670S,5,0.0,0
2021-04-02 21:00,03F3743N,31,89.1,164
2021-04-02 21:00,03F3743N,32,57.6,33
2021-04-02 21:00,03F3743N,41,0.0,0
2021-04-02 21:00,03F3743N,42,66.2,5
2021-04-02 21:00,03F3743N,5,138.0,3
2021-04-02 21:00,03F3743S,31,24.9,57
2021-04-02 21:00,03F3743S,32,27.2,17
2021-04-02 21:00,03F3743S,41,0.0,0
2021-04-02 21:00,03F3743S,42,37.8,1
2021-04-02 21:00,03F3743S,5,0.0,0
2021-04-02 21:00,03F3854N,31,37.6,227
2021-04-02 21:00,03F3854N,32,40.5,55
2021-04-02 21:00,03F3854N,41,146.8,2
2021-04-02 21:00,03F3854N,42,127.8,13
2021-04-02 21:00,03F3854N,5,175.5,9
2021-04-02 21:00,03F3854S,31,14.6,287
2021-04-02 21:00,03F3854S,32,14.5,63
2021-04-02 21:00,03F3854S,41,0.0,0
2021-04-02 21:00,03F3854S,42,31.3,5
2021-04-02 21:00,03F3854S,5,0.0,0
2021-04-02 21:00,03F3916N,31,41.4,126
2021-04-02 21:00,03F3916N,32,34.6,25
2021-04-02 21:00,03F3916N,41,0.0,0
2021-04-02 21:00,03F3916N,42,85.3,7
2021-04-02 21:00,03F3916N,5,13.3,1
2021-04-02 21:00,03F3916S,31,27.4,74
2021-04-02 21:00,03F3916S,32,27.1,12
2021-04-02 21:00,03F3916S,41,0.0,0
2021-04-02 21:00,03F3916S,42,17.2,1
2021-04-02 21:00,03F3916S,5,0.0,0
2021-04-02 21:00,03F3981S,31,0.0,0
2021-04-02 21:00,03F3981S,32,0.0,0
2021-04-02 21:00,03F3981S,41,0.0,0
2021-04-02 21:00,03F3981S,42,0.0,0
2021-04-02 21:00,03F3981S,5,0.0,0
2021-04-02 21:00,03F3984N,31,39.5,102
2021-04-02 21:00,03F3984N,32,30.2,26
2021-04-02 21:00,03F3984N,41,0.0,0
2021-04-02 21:00,03F3984N,42,235.0,3
2021-04-02 21:00,03F3984N,5,226.4,4
2021-04-02 21:00,03F4018S,31,14.7,105
2021-04-02 21:00,03F4018S,32,16.1,30
2021-04-02 21:00,03F4018S,41,24.3,1
2021-04-02 21:00,03F4018S,42,11.1,2
2021-04-02 21:00,03F4018S,5,0.0,0
2021-04-02 21:00,03F4021N,31,38.6,105
2021-04-02 21:00,03F4021N,32,63.3,22
2021-04-02 21:00,03F4021N,41,50.3,1
2021-04-02 21:00,03F4021N,42,115.1,3
2021-04-02 21:00,03F4021N,5,24.3,1
2021-04-02 21:00,03F4142N,31,29.9,266
2021-04-02 21:00,03F4142N,32,18.0,53
2021-04-02 21:00,03F4142N,41,7.9,2
2021-04-02 21:00,03F4142N,42,212.3,5
2021-04-02 21:00,03F4142N,5,7.9,1
2021-04-02 21:00,03F4142S,31,12.0,246
2021-04-02 21:00,03F4142S,32,11.5,52
2021-04-02 21:00,03F4142S,41,7.9,2
2021-04-02 21:00,03F4142S,42,17.2,1
2021-04-02 21:00,03F4142S,5,0.0,0
2021-04-02 21:00,03F4168N,31,19.9,95
2021-04-02 21:00,03F4168N,32,58.5,29
2021-04-02 21:00,03F4168N,41,0.0,0
2021-04-02 21:00,03F4168N,42,79.0,5
2021-04-02 21:00,03F4168N,5,229.8,1
2021-04-02 21:00,03F4168S,31,10.4,429
2021-04-02 21:00,03F4168S,32,10.2,123
2021-04-02 21:00,03F4168S,41,15.3,1
2021-04-02 21:00,03F4168S,42,9.8,5
2021-04-02 21:00,03F4168S,5,0.0,0
2021-04-02 21:00,03F4232N,31,38.0,457
2021-04-02 21:00,03F4232N,32,48.0,115
2021-04-02 21:00,03F4232N,41,11.9,3
2021-04-02 21:00,03F4232N,42,106.3,16
2021-04-02 21:00,03F4232N,5,111.0,9
2021-04-02 21:00,03F4232S,31,0.0,0
2021-04-02 21:00,03F4232S,32,0.0,0
2021-04-02 21:00,03F4232S,41,0.0,0
2021-04-02 21:00,03F4232S,42,0.0,0
2021-04-02 21:00,03F4232S,5,0.0,0
2021-04-02 21:00,03F4259N,31,31.6,196
2021-04-02 21:00,03F4259N,32,24.8,46
2021-04-02 21:00,03F4259N,41,19.1,4
2021-04-02 21:00,03F4259N,42,35.0,3
2021-04-02 21:00,03F4259N,5,15.3,1
2021-04-02 21:00,03F4263S,31,6.0,19
2021-04-02 21:00,03F4263S,32,6.0,6
2021-04-02 21:00,03F4263S,41,0.0,0
2021-04-02 21:00,03F4263S,42,0.0,0
2021-04-02 21:00,03F4263S,5,0.0,0
2021-04-02 21:00,05F0000S,31,0.0,0
2021-04-02 21:00,05F0000S,32,4.0,1
2021-04-02 21:00,05F0000S,41,0.0,0
2021-04-02 21:00,05F0000S,42,0.0,0
2021-04-02 21:00,05F0000S,5,0.0,0
2021-04-02 21:00,05F0001N,31,17.3,60
2021-04-02 21:00,05F0001N,32,23.1,13
2021-04-02 21:00,05F0001N,41,13.6,1
2021-04-02 21:00,05F0001N,42,39.4,1
2021-04-02 21:00,05F0001N,5,0.0,0
2021-04-02 21:00,05F0055N,31,23.1,46
2021-04-02 21:00,05F0055N,32,21.5,12
2021-04-02 21:00,05F0055N,41,10.7,2
2021-04-02 21:00,05F0055N,42,0.0,0
2021-04-02 21:00,05F0055N,5,0.0,0
2021-04-02 21:00,05F0055S,31,32.7,108
2021-04-02 21:00,05F0055S,32,33.7,30
2021-04-02 21:00,05F0055S,41,42.7,1
2021-04-02 21:00,05F0055S,42,0.0,0
2021-04-02 21:00,05F0055S,5,0.0,0
2021-04-02 21:00,05F0287N,31,49.0,348
2021-04-02 21:00,05F0287N,32,51.2,83
2021-04-02 21:00,05F0287N,41,39.2,8
2021-04-02 21:00,05F0287N,42,0.0,0
2021-04-02 21:00,05F0287N,5,0.0,0
2021-04-02 21:00,05F0287S,31,25.1,11
2021-04-02 21:00,05F0287S,32,21.1,6
2021-04-02 21:00,05F0287S,41,0.0,0
2021-04-02 21:00,05F0287S,42,15.6,1
2021-04-02 21:00,05F0287S,5,0.0,0
2021-04-02 21:00,05F0309N,31,57.6,295
2021-04-02 21:00,05F0309N,32,58.2,88
2021-04-02 21:00,05F0309N,41,44.6,11
2021-04-02 21:00,05F0309N,42,0.0,0
2021-04-02 21:00,05F0309N,5,0.0,0
2021-04-02 21:00,05F0309S,31,15.7,101
2021-04-02 21:00,05F0309S,32,17.3,29
2021-04-02 21:00,05F0309S,41,16.4,2
2021-04-02 21:00,05F0309S,42,12.7,11
2021-04-02 21:00,05F0309S,5,21.0,5
2021-04-02 21:00,05F0438N,31,49.6,455
2021-04-02 21:00,05F0438N,32,53.1,105
2021-04-02 21:00,05F0438N,41,61.2,16
2021-04-02 21:00,05F0438N,42,11.2,2
2021-04-02 21:00,05F0438N,5,16.4,2
2021-04-02 21:00,05F0439S,31,0.0,0
2021-04-02 21:00,05F0439S,32,0.0,0
2021-04-02 21:00,05F0439S,41,0.0,0
2021-04-02 21:00,05F0439S,42,0.0,0
2021-04-02 21:00,05F0439S,5,0.0,0
2021-04-02 21:00,05F0494S,31,7.6,105
2021-04-02 21:00,05F0494S,32,7.6,20
2021-04-02 21:00,05F0494S,41,0.0,0
2021-04-02 21:00,05F0494S,42,0.0,0
2021-04-02 21:00,05F0494S,5,0.0,0
2021-04-02 21:00,05F0528N,31,49.6,252
2021-04-02 21:00,05F0528N,32,45.4,68
2021-04-02 21:00,05F0528N,41,53.3,4
2021-04-02 21:00,05F0528N,42,22.5,7
2021-04-02 21:00,05F0528N,5,22.8,9
2021-04-02 21:00,05FR113S,31,8.5,205
2021-04-02 21:00,05FR113S,32,10.2,31
2021-04-02 21:00,05FR113S,41,6.0,2
2021-04-02 21:00,05FR113S,42,13.6,1
2021-04-02 21:00,05FR113S,5,0.0,0
2021-04-02 21:00,05FR143N,31,0.0,0
2021-04-02 21:00,05FR143N,32,0.0,0
2021-04-02 21:00,05FR143N,41,0.0,0
2021-04-02 21:00,05FR143N,42,0.0,0
2021-04-02 21:00,05FR143N,5,0.0,0
